label,term,score,freq_cluster,freq_others,cov_cluster,cov_others,kind
cluster_0,along i71,13.507392004068812,36,1,0.1232876712328767,0.001412429378531,NG2
cluster_0,work along i71,12.16766644302864,33,1,0.1130136986301369,0.001412429378531,NG3
cluster_0,911 report,10.852864771902736,17,0,0.0582191780821917,0.0,NG2
cluster_0,called 911 report,10.245217597622824,17,0,0.0582191780821917,0.0,NG3
cluster_0,deer suddenly,10.012915317441422,21,1,0.071917808219178,0.001412429378531,NG2
cluster_0,damage the front,9.827176070484462,43,5,0.1472602739726027,0.0070621468926553,NG3
cluster_0,suddenly darted,9.713941719286646,14,0,0.047945205479452,0.0,NG2
cluster_0,auto body,9.658646250033522,44,7,0.1506849315068493,0.0098870056497175,NG2
cluster_0,damage vehicle,9.650935007382952,29,3,0.0993150684931506,0.0042372881355932,NG2
cluster_0,side the highway,9.524501938982382,15,0,0.0513698630136986,0.0,NG3
cluster_0,avoid hitting,9.432231245020793,19,1,0.0650684931506849,0.001412429378531,NG2
cluster_0,exit for,9.37446800436302,42,7,0.1438356164383561,0.0098870056497175,NG2
cluster_0,darted across,8.811935195162715,17,1,0.0582191780821917,0.001412429378531,NG2
cluster_0,efforts brake,8.811935195162715,17,1,0.0582191780821917,0.001412429378531,NG2
cluster_0,police arrived,8.785805527816516,35,6,0.1198630136986301,0.0084745762711864,NG2
cluster_0,deer suddenly darted,8.742127370793789,13,0,0.0445205479452054,0.0,NG3
cluster_0,i71 ohio,8.741581816207187,21,2,0.071917808219178,0.0028248587570621,NG2
cluster_0,thankfully was,8.562587706941901,24,3,0.0821917808219178,0.0042372881355932,NG2
cluster_0,along i71 ohio,8.509180890630054,18,1,0.0616438356164383,0.001412429378531,NG3
cluster_0,was unharmed,8.414112030873952,11,0,0.0376712328767123,0.0,NG2
cluster_0,was wearing,8.414112030873952,11,0,0.0376712328767123,0.0,NG2
cluster_0,wearing seatbelt,8.414112030873952,11,0,0.0376712328767123,0.0,NG2
cluster_0,smith auto,8.414112030873952,11,0,0.0376712328767123,0.0,NG2
cluster_0,shop where,8.414112030873952,11,0,0.0376712328767123,0.0,NG2
cluster_0,fortunately was,8.414112030873952,11,0,0.0376712328767123,0.0,NG2
cluster_0,body shop abc,8.323829403312077,12,0,0.0410958904109589,0.0,NG3
cluster_0,but car,8.27024048934615,26,4,0.0856164383561643,0.0056497175141242,NG2
cluster_0,work along,8.146331732665972,67,21,0.2294520547945205,0.0296610169491525,NG2
cluster_0,shop abc,8.145361512849142,15,1,0.0513698630136986,0.001412429378531,NG2
cluster_0,suddenly deer,8.145361512849142,15,1,0.0513698630136986,0.001412429378531,NG2
cluster_0,auto body shop,7.982611892227482,28,4,0.0958904109589041,0.0056497175141242,NG3
cluster_0,unfortunately collided,7.935323155651627,10,0,0.0342465753424657,0.0,NG2
cluster_0,deer unexpectedly,7.935323155651627,10,0,0.0342465753424657,0.0,NG2
cluster_0,clear but,7.935323155651627,10,0,0.0342465753424657,0.0,NG2
cluster_0,local garage,7.912748609437791,18,2,0.0616438356164383,0.0028248587570621,NG2
cluster_0,despite best,7.912748609437791,18,2,0.0616438356164383,0.0028248587570621,NG2
cluster_0,across the highway,7.884780555417867,11,0,0.0376712328767123,0.0,NG3
cluster_0,shoulder and called,7.884780555417867,11,0,0.0376712328767123,0.0,NG3
cluster_0,abc auto,7.792129663613841,14,1,0.047945205479452,0.001412429378531,NG2
cluster_0,called 911,7.553868952795422,33,8,0.1130136986301369,0.0112994350282485,NG2
cluster_0,across the road,7.431378080399048,22,3,0.0753424657534246,0.0042372881355932,NG3
cluster_0,patch black,7.428916415307796,9,0,0.0308219178082191,0.0,NG2
cluster_0,for columbus,7.428916415307796,9,0,0.0308219178082191,0.0,NG2
cluster_0,was struck,7.428916415307796,9,0,0.0308219178082191,0.0,NG2
cluster_0,right side,7.428916415307796,9,0,0.0273972602739726,0.0,NG2
cluster_0,darted onto,7.428916415307796,9,0,0.0308219178082191,0.0,NG2
cluster_0,towed local,7.423913366128915,13,1,0.0445205479452054,0.001412429378531,NG2
cluster_0,auto repairs,7.423913366128915,13,1,0.0445205479452054,0.001412429378531,NG2
cluster_0,immediately pulled,7.387008282432308,32,8,0.1095890410958904,0.0112994350282485,NG2
cluster_0,from work along,7.381238608625282,66,20,0.2260273972602739,0.0282485875706214,NG3
cluster_0,impact caused,7.321929101161309,19,3,0.0650684931506849,0.0042372881355932,NG2
cluster_0,time react,7.321929101161309,19,3,0.0650684931506849,0.0042372881355932,NG2
cluster_0,took statement,7.312972190931534,16,2,0.0547945205479452,0.0028248587570621,NG2
cluster_0,front end,7.312972190931534,16,2,0.0547945205479452,0.0028248587570621,NG2
cluster_0,colliding with,7.312972190931534,16,2,0.0547945205479452,0.0028248587570621,NG2
cluster_0,despite best efforts,7.294515980470369,18,2,0.0616438356164383,0.0028248587570621,NG3
cluster_0,pulled over,7.279210377976313,67,26,0.2294520547945205,0.0367231638418079,NG2
cluster_0,best efforts brake,7.219947419583669,14,1,0.047945205479452,0.001412429378531,NG3
cluster_0,vehicle for,7.039199476733759,12,1,0.0410958904109589,0.001412429378531,NG2
cluster_0,injured but,7.022969175357608,23,5,0.0787671232876712,0.0070621468926553,NG2
cluster_0,car sustained,7.022969175357608,23,5,0.0787671232876712,0.0070621468926553,NG2
cluster_0,front bumper,7.022969175357608,23,5,0.0787671232876712,0.0070621468926553,NG2
cluster_0,over the shoulder,7.010420751877189,17,2,0.0582191780821917,0.0028248587570621,NG3
cluster_0,patch black ice,6.934060078652593,9,0,0.0308219178082191,0.0,NG3
cluster_0,exit for columbus,6.934060078652593,9,0,0.0308219178082191,0.0,NG3
cluster_0,light drizzle making,6.934060078652593,9,0,0.0308219178082191,0.0,NG3
cluster_0,was clear but,6.934060078652593,9,0,0.0308219178082191,0.0,NG3
cluster_0,suddenly darted across,6.934060078652593,9,0,0.0308219178082191,0.0,NG3
cluster_0,with the animal,6.934060078652593,9,0,0.0308219178082191,0.0,NG3
cluster_0,joes auto,6.891034510946234,8,0,0.0273972602739726,0.0,NG2
cluster_0,get estimate,6.891034510946234,8,0,0.0273972602739726,0.0,NG2
cluster_0,encountered unexpected,6.891034510946234,8,0,0.0273972602739726,0.0,NG2
cluster_0,sun was,6.891034510946234,8,0,0.0273972602739726,0.0,NG2
cluster_0,responding officer,6.891034510946234,8,0,0.0273972602739726,0.0,NG2
cluster_0,wasn injured,6.891034510946234,8,0,0.0273972602739726,0.0,NG2
cluster_0,shop smith,6.891034510946234,8,0,0.0273972602739726,0.0,NG2
cluster_0,swerved avoid hitting,6.865050009084999,13,1,0.0445205479452054,0.001412429378531,NG3
cluster_0,but car sustained,6.865050009084999,13,1,0.0445205479452054,0.001412429378531,NG3
cluster_0,onto the road,6.865050009084999,13,1,0.0445205479452054,0.001412429378531,NG3
cluster_0,sustained significant,6.798646673617656,22,5,0.0753424657534246,0.0070621468926553,NG2
cluster_0,police arrived shortly,6.716482929740842,16,2,0.0547945205479452,0.0028248587570621,NG3
cluster_0,local auto,6.667941677611412,14,2,0.047945205479452,0.0028248587570621,NG2
cluster_0,along the a1m,6.65188051997311,27,6,0.0924657534246575,0.0084745762711864,NG3
cluster_0,when encountered,6.56822284077388,21,5,0.071917808219178,0.0070621468926553,NG2
cluster_0,immediately pulled over,6.495300870697617,31,8,0.1061643835616438,0.0112994350282485,NG3
cluster_0,shop abc auto,6.494574255953201,12,1,0.0410958904109589,0.001412429378531,NG3
cluster_0,sustained significant damage,6.4928155697839705,21,4,0.071917808219178,0.0056497175141242,NG3
cluster_0,when car was,6.415847442986356,8,0,0.0273972602739726,0.0,NG3
cluster_0,year with light,6.415847442986356,8,0,0.0273972602739726,0.0,NG3
cluster_0,body shop where,6.415847442986356,8,0,0.0273972602739726,0.0,NG3
cluster_0,thankfully wasn injured,6.415847442986356,8,0,0.0273972602739726,0.0,NG3
cluster_0,road and despite,6.415847442986356,8,0,0.0273972602739726,0.0,NG3
cluster_0,thankfully was wearing,6.415847442986356,8,0,0.0273972602739726,0.0,NG3
cluster_0,making the roads,6.415847442986356,8,0,0.0273972602739726,0.0,NG3
cluster_0,i71 ohio around,6.415847442986356,8,0,0.0273972602739726,0.0,NG3
cluster_0,impact caused significant,6.411898942783756,15,2,0.0513698630136986,0.0028248587570621,NG3
cluster_0,injured but car,6.411898942783756,15,2,0.0513698630136986,0.0028248587570621,NG3
cluster_0,officer arrived,6.331310093328621,20,5,0.0684931506849315,0.0070621468926553,NG2
cluster_0,i71 north,6.316922283620855,7,0,0.023972602739726,0.0,NG2
cluster_0,struck another,6.316922283620855,7,0,0.023972602739726,0.0,NG2
cluster_0,after pulling,6.316922283620855,7,0,0.023972602739726,0.0,NG2
cluster_0,unexpectedly darted,6.316922283620855,7,0,0.023972602739726,0.0,NG2
cluster_0,guardrail immediately,6.316922283620855,7,0,0.023972602739726,0.0,NG2
cluster_0,damage car,6.308747515141896,22,6,0.071917808219178,0.0084745762711864,NG2
cluster_0,just past,6.304247277620191,24,7,0.0821917808219178,0.0098870056497175,NG2
cluster_0,drizzle making,6.212917117396414,10,1,0.0342465753424657,0.001412429378531,NG2
cluster_0,year with,6.212917117396414,10,1,0.0342465753424657,0.001412429378531,NG2
cluster_0,ended colliding,6.212917117396414,10,1,0.0342465753424657,0.001412429378531,NG2
cluster_0,not injured,6.212917117396414,10,1,0.0342465753424657,0.001412429378531,NG2
cluster_0,vehicle was,6.181527671491761,15,3,0.0513698630136986,0.0042372881355932,NG2
cluster_0,ohio when,6.113973047983509,17,4,0.0582191780821917,0.0056497175141242,NG2
cluster_0,visibility was,6.08748148181205,19,5,0.0650684931506849,0.0070621468926553,NG2
cluster_0,past the exit,6.014262042487322,19,4,0.0650684931506849,0.0056497175141242,NG3
cluster_0,surrounding area,5.969153811277666,12,2,0.0410958904109589,0.0028248587570621,NG2
cluster_0,arrived shortly,5.910418198033502,51,25,0.1746575342465753,0.0353107344632768,NG2
cluster_0,arrived shortly thereafter,5.884974792273174,16,3,0.0547945205479452,0.0042372881355932,NG3
cluster_0,smith auto body,5.863478583437701,7,0,0.023972602739726,0.0,NG3
cluster_0,wasn injured but,5.863478583437701,7,0,0.023972602739726,0.0,NG3
cluster_0,after pulling over,5.863478583437701,7,0,0.023972602739726,0.0,NG3
cluster_0,hitting the animal,5.863478583437701,7,0,0.023972602739726,0.0,NG3
cluster_0,into the guardrail,5.863478583437701,7,0,0.023972602739726,0.0,NG3
cluster_0,repair estimate,5.836265230311407,18,5,0.0582191780821917,0.0070621468926553,NG2
cluster_0,roe deer,5.836265230311407,18,5,0.0616438356164383,0.0070621468926553,NG2
cluster_0,onto the highway,5.767030141532756,13,2,0.0445205479452054,0.0028248587570621,NG3
cluster_0,police arrived within,5.767030141532756,13,2,0.0445205479452054,0.0028248587570621,NG3
cluster_0,january 2023 was,5.767030141532756,13,2,0.0445205479452054,0.0028248587570621,NG3
cluster_0,black ice,5.766822067689584,9,1,0.0308219178082191,0.001412429378531,NG2
cluster_0,deer that,5.766822067689584,9,1,0.0308219178082191,0.001412429378531,NG2
cluster_0,skidded into,5.7006306046606365,6,0,0.0205479452054794,0.0,NG2
cluster_0,road slammed,5.7006306046606365,6,0,0.0205479452054794,0.0,NG2
cluster_0,i71 just,5.7006306046606365,6,0,0.0205479452054794,0.0,NG2
cluster_0,suddenly encountered,5.7006306046606365,6,0,0.0205479452054794,0.0,NG2
cluster_0,left side,5.7006306046606365,6,0,0.0205479452054794,0.0,NG2
cluster_0,maintaining safe,5.7006306046606365,6,0,0.0205479452054794,0.0,NG2
cluster_0,front vehicle,5.7006306046606365,6,0,0.0205479452054794,0.0,NG2
cluster_0,right front,5.7006306046606365,6,0,0.0205479452054794,0.0,NG2
cluster_0,time year with,5.700104145289751,10,1,0.0342465753424657,0.001412429378531,NG3
cluster_0,ended colliding with,5.700104145289751,10,1,0.0342465753424657,0.001412429378531,NG3
cluster_0,bumper and hood,5.700104145289751,10,1,0.0342465753424657,0.001412429378531,NG3
cluster_0,collided with,5.5991514211739855,41,20,0.1404109589041096,0.0282485875706214,NG2
cluster_0,front car,5.596227146955337,11,2,0.0376712328767123,0.0028248587570621,NG2
cluster_0,a1m when,5.596227146955337,11,2,0.0376712328767123,0.0028248587570621,NG2
cluster_0,shortly thereafter,5.577138349417081,17,5,0.0582191780821917,0.0070621468926553,NG2
cluster_0,had car,5.5468360044201255,13,3,0.0445205479452054,0.0042372881355932,NG2
cluster_0,report the accident,5.437808818037411,21,6,0.071917808219178,0.0084745762711864,NG3
cluster_0,best efforts,5.374471063762599,18,6,0.0616438356164383,0.0084745762711864,NG2
cluster_0,about minutes,5.29688933953964,21,8,0.071917808219178,0.0112994350282485,NG2
cluster_0,530 when,5.2950041457380514,8,1,0.0273972602739726,0.001412429378531,NG2
cluster_0,pulling over,5.2950041457380514,8,1,0.0273972602739726,0.001412429378531,NG2
cluster_0,ohio around,5.2950041457380514,8,1,0.0273972602739726,0.001412429378531,NG2
cluster_0,dashed across,5.2950041457380514,8,1,0.0273972602739726,0.001412429378531,NG2
cluster_0,icy conditions,5.2950041457380514,8,1,0.0273972602739726,0.001412429378531,NG2
cluster_0,officer smith,5.2950041457380514,8,1,0.0273972602739726,0.001412429378531,NG2
cluster_0,arrived within about,5.271965731034382,9,1,0.0308219178082191,0.001412429378531,NG3
cluster_0,hit patch black,5.271493921638006,6,0,0.0205479452054794,0.0,NG3
cluster_0,january 2023 while,5.271493921638006,6,0,0.0205479452054794,0.0,NG3
cluster_0,joes auto body,5.271493921638006,6,0,0.0205479452054794,0.0,NG3
cluster_0,after and filed,5.271493921638006,6,0,0.0205479452054794,0.0,NG3
cluster_0,called the ontario,5.271493921638006,6,0,0.0205479452054794,0.0,NG3
cluster_0,animal the impact,5.271493921638006,6,0,0.0205479452054794,0.0,NG3
cluster_0,struck another vehicle,5.271493921638006,6,0,0.0205479452054794,0.0,NG3
cluster_0,shop smith auto,5.271493921638006,6,0,0.0205479452054794,0.0,NG3
cluster_0,when suddenly deer,5.271493921638006,6,0,0.0205479452054794,0.0,NG3
cluster_0,visibility was good,5.271493921638006,6,0,0.0205479452054794,0.0,NG3
cluster_0,get estimate for,5.271493921638006,6,0,0.0205479452054794,0.0,NG3
cluster_0,car was struck,5.271493921638006,6,0,0.0205479452054794,0.0,NG3
cluster_0,approached the exit,5.228519028225634,22,7,0.0753424657534246,0.0098870056497175,NG3
cluster_0,401 just,5.209944329374884,12,3,0.0410958904109589,0.0042372881355932,NG2
cluster_0,vehicle which,5.205374174001428,10,2,0.0342465753424657,0.0028248587570621,NG2
cluster_0,within about,5.205374174001428,10,2,0.0342465753424657,0.0028248587570621,NG2
cluster_0,february 2023 was,5.066895671499252,11,2,0.0376712328767123,0.0028248587570621,NG3
cluster_0,had car towed,5.066895671499252,11,2,0.0376712328767123,0.0028248587570621,NG3
cluster_0,road despite,5.034601089915779,5,0,0.0171232876712328,0.0,NG2
cluster_0,a1m heading,5.034601089915779,5,0,0.0171232876712328,0.0,NG2
cluster_0,sustained considerable,5.034601089915779,5,0,0.0171232876712328,0.0,NG2
cluster_0,despite efforts,5.034601089915779,5,0,0.0171232876712328,0.0,NG2
cluster_0,401 heading,5.034601089915779,5,0,0.0171232876712328,0.0,NG2
cluster_0,bit slippery,5.034601089915779,5,0,0.0171232876712328,0.0,NG2
cluster_0,for highway,5.034601089915779,5,0,0.0171232876712328,0.0,NG2
cluster_0,when deer,5.034601089915779,5,0,0.0171232876712328,0.0,NG2
cluster_0,noticed roe,5.034601089915779,5,0,0.0171232876712328,0.0,NG2
cluster_0,impact area,5.034601089915779,5,0,0.0171232876712328,0.0,NG2
cluster_0,struck deer,5.034601089915779,5,0,0.0171232876712328,0.0,NG2
cluster_0,safe distance,5.034601089915779,5,0,0.0171232876712328,0.0,NG2
cluster_0,repairs where,5.034601089915779,5,0,0.0171232876712328,0.0,NG2
cluster_0,had comprehensive,5.034601089915779,5,0,0.0171232876712328,0.0,NG2
cluster_0,slippery was,5.034601089915779,5,0,0.0171232876712328,0.0,NG2
cluster_0,couldnt avoid,5.034601089915779,5,0,0.0171232876712328,0.0,NG2
cluster_0,3200 have,5.034601089915779,5,0,0.0171232876712328,0.0,NG2
cluster_0,vehicles were,5.034601089915779,5,0,0.0171232876712328,0.0,NG2
cluster_0,over safely,5.032758516650515,15,5,0.0513698630136986,0.0070621468926553,NG2
cluster_0,ontario 401,4.99313952560019,31,16,0.1061643835616438,0.0225988700564971,NG2
cluster_0,immediately called 911,4.989864768423051,19,6,0.0650684931506849,0.0084745762711864,NG3
cluster_0,car was,4.983202812604477,24,11,0.071917808219178,0.0155367231638418,NG2
cluster_0,significant damage,4.86331624701661,50,32,0.1712328767123287,0.0451977401129943,NG2
cluster_0,around 430,4.858337200066936,11,3,0.0376712328767123,0.0042372881355932,NG2
cluster_0,encountered sudden,4.858337200066936,11,3,0.0376712328767123,0.0042372881355932,NG2
cluster_0,brakes but,4.858337200066936,11,3,0.0376712328767123,0.0042372881355932,NG2
cluster_0,weather was typical,4.819817077778173,8,1,0.0273972602739726,0.001412429378531,NG3
cluster_0,columbus ohio when,4.819817077778173,8,1,0.0273972602739726,0.001412429378531,NG3
cluster_1,life insurance,29.821934818845165,183,0,0.7761904761904762,0.0,NG2
cluster_1,death certificate,28.251428924218136,158,0,0.7238095238095238,0.0,NG2
cluster_1,life insurance policy,26.33338748492112,139,0,0.6238095238095238,0.0,NG3
cluster_1,passed away,26.23474050025699,130,0,0.6,0.0,NG2
cluster_1,his passing,23.836956186016565,102,0,0.3904761904761905,0.0,NG2
cluster_1,difficult time,22.331082575593072,87,0,0.4142857142857143,0.0,NG2
cluster_1,this difficult,22.22369687403585,86,0,0.4095238095238095,0.0,NG2
cluster_1,this difficult time,21.03774863156564,80,0,0.3809523809523809,0.0,NG3
cluster_1,during this difficult,19.977379108127156,71,0,0.3380952380952381,0.0,NG3
cluster_1,medical records,19.41632560517472,89,1,0.4238095238095238,0.0012658227848101,NG2
cluster_1,away unexpectedly,19.30064399676018,62,0,0.2952380952380952,0.0,NG2
cluster_1,passed away unexpectedly,18.80938747071301,62,0,0.2952380952380952,0.0,NG3
cluster_1,certificate which,17.9795944731939,53,0,0.2523809523809524,0.0,NG2
cluster_1,death certificate which,17.351517590113037,52,0,0.2476190476190476,0.0,NG3
cluster_1,funeral home,17.002935487402205,47,0,0.2142857142857142,0.0,NG2
cluster_1,his death,16.83135010702917,46,0,0.1809523809523809,0.0,NG2
cluster_1,heart attack,16.83135010702917,46,0,0.219047619047619,0.0,NG2
cluster_1,certificate issued,15.740303180168098,40,0,0.1904761904761904,0.0,NG2
cluster_1,cause death,15.547124298927177,39,0,0.1857142857142857,0.0,NG2
cluster_1,his life,15.350352640105314,38,0,0.1809523809523809,0.0,NG2
cluster_1,our family,15.350352640105314,38,0,0.1714285714285714,0.0,NG2
cluster_1,copy the death,15.298801326091777,40,0,0.1904761904761904,0.0,NG3
cluster_1,death certificate issued,15.298801326091777,40,0,0.1904761904761904,0.0,NG3
cluster_1,who passed,15.149836095234186,37,0,0.1761904761904762,0.0,NG2
cluster_1,late husband,14.94541226063537,36,0,0.1714285714285714,0.0,NG2
cluster_1,his condition,14.94541226063537,36,0,0.1714285714285714,0.0,NG2
cluster_1,his life insurance,14.717088039767468,37,0,0.1761904761904762,0.0,NG3
cluster_1,who passed away,14.717088039767468,37,0,0.1761904761904762,0.0,NG3
cluster_1,his medical,14.084977682416977,32,0,0.1428571428571428,0.0,NG2
cluster_1,records from,13.988292301024526,45,1,0.2142857142857142,0.0012658227848101,NG2
cluster_1,before his,13.626151970247731,30,0,0.1333333333333333,0.0,NG2
cluster_1,assistance during,13.493444312569965,42,1,0.2,0.0012658227848101,NG2
cluster_1,medical records from,13.046447410709323,42,1,0.2,0.0012658227848101,NG3
cluster_1,assistance during this,13.046447410709323,42,1,0.2,0.0012658227848101,NG3
cluster_1,your assistance during,12.708046168314093,40,1,0.1904761904761904,0.0012658227848101,NG3
cluster_1,from the funeral,12.498632541643806,27,0,0.1238095238095238,0.0,NG3
cluster_1,her passing,12.378456998265198,25,0,0.0904761904761904,0.0,NG2
cluster_1,for late,12.378456998265198,25,0,0.119047619047619,0.0,NG2
cluster_1,during this,12.366379738512784,103,11,0.4571428571428571,0.0139240506329113,NG2
cluster_1,due complications,12.108927544056794,24,0,0.1142857142857142,0.0,NG2
cluster_1,diagnosed with,12.108927544056794,24,0,0.1142857142857142,0.0,NG2
cluster_1,for your understanding,11.989145412255542,25,0,0.119047619047619,0.0,NG3
cluster_1,unfortunate passing,11.831760283182016,23,0,0.1095238095238095,0.0,NG2
cluster_1,2023 had,11.748646589931642,48,3,0.2285714285714285,0.0037974683544303,NG2
cluster_1,our life,11.54645237693032,22,0,0.1047619047619047,0.0,NG2
cluster_1,complications from,11.54645237693032,22,0,0.1047619047619047,0.0,NG2
cluster_1,had been feeling,11.451539506640117,23,0,0.1095238095238095,0.0,NG3
cluster_1,original policy,11.252447248471352,21,0,0.1,0.0,NG2
cluster_1,life insurance claim,11.171053585236848,22,0,0.1047619047619047,0.0,NG3
cluster_1,our life insurance,11.171053585236848,22,0,0.1047619047619047,0.0,NG3
cluster_1,unwell for,10.949126459148149,20,0,0.0952380952380952,0.0,NG2
cluster_1,surrounding his,10.949126459148149,20,0,0.0952380952380952,0.0,NG2
cluster_1,feeling unwell,10.949126459148149,20,0,0.0952380952380952,0.0,NG2
cluster_1,health issues,10.949126459148149,20,0,0.0952380952380952,0.0,NG2
cluster_1,claim for late,10.882075693156064,21,0,0.1,0.0,NG3
cluster_1,from the hospital,10.882075693156064,21,0,0.0904761904761904,0.0,NG3
cluster_1,your company,10.870443937115358,42,3,0.2,0.0037974683544303,NG2
cluster_1,had life,10.635799970207218,19,0,0.0904761904761904,0.0,NG2
cluster_1,beneficiary designation,10.635799970207218,19,0,0.0904761904761904,0.0,NG2
cluster_1,2023 received,10.635799970207218,19,0,0.0904761904761904,0.0,NG2
cluster_1,issued the hospital,10.584005644962032,20,0,0.0952380952380952,0.0,NG3
cluster_1,attached the death,10.584005644962032,20,0,0.0952380952380952,0.0,NG3
cluster_1,before his passing,10.584005644962032,20,0,0.0904761904761904,0.0,NG3
cluster_1,was issued,10.56235340885568,27,1,0.1285714285714285,0.0012658227848101,NG2
cluster_1,away september,10.311694387035365,18,0,0.0857142857142857,0.0,NG2
cluster_1,medical center,10.311694387035365,18,0,0.0809523809523809,0.0,NG2
cluster_1,father had,10.311694387035365,18,0,0.0761904761904762,0.0,NG2
cluster_1,circumstances surrounding his,10.276174203805422,19,0,0.0904761904761904,0.0,NG3
cluster_1,been feeling unwell,10.276174203805422,19,0,0.0904761904761904,0.0,NG3
cluster_1,changed the beneficiary,10.276174203805422,19,0,0.0904761904761904,0.0,NG3
cluster_1,attached the medical,10.276174203805422,19,0,0.0904761904761904,0.0,NG3
cluster_1,been feeling,10.093956967008772,25,1,0.119047619047619,0.0012658227848101,NG2
cluster_1,who died,9.975938660742202,17,0,0.0809523809523809,0.0,NG2
cluster_1,hospital where,9.975938660742202,17,0,0.0809523809523809,0.0,NG2
cluster_1,updated our,9.975938660742202,17,0,0.0809523809523809,0.0,NG2
cluster_1,for our family,9.957831823415356,18,0,0.0857142857142857,0.0,NG3
cluster_1,away september 2023,9.957831823415356,18,0,0.0857142857142857,0.0,NG3
cluster_1,for the life,9.957831823415356,18,0,0.0857142857142857,0.0,NG3
cluster_1,feeling unwell for,9.957831823415356,18,0,0.0857142857142857,0.0,NG3
cluster_1,updated the beneficiary,9.957831823415356,18,0,0.0857142857142857,0.0,NG3
cluster_1,passed away september,9.957831823415356,18,0,0.0857142857142857,0.0,NG3
cluster_1,policy with your,9.704645380999114,25,1,0.119047619047619,0.0012658227848101,NG3
cluster_1,passing which,9.627546555771657,16,0,0.0714285714285714,0.0,NG2
cluster_1,his policy,9.627546555771657,16,0,0.0666666666666666,0.0,NG2
cluster_1,beneficiary his,9.627546555771657,16,0,0.0761904761904762,0.0,NG2
cluster_1,his health,9.627546555771657,16,0,0.0761904761904762,0.0,NG2
cluster_1,passing father,9.627546555771657,16,0,0.0714285714285714,0.0,NG2
cluster_1,with your,9.619814474315676,44,5,0.2047619047619047,0.0063291139240506,NG2
cluster_1,took place,9.600605580602052,23,1,0.1095238095238095,0.0012658227848101,NG2
cluster_1,challenging time,9.600605580602052,23,1,0.1095238095238095,0.0012658227848101,NG2
cluster_1,with your company,9.472967306118646,36,3,0.1714285714285714,0.0037974683544303,NG3
cluster_1,for our,9.343593324756906,22,1,0.1,0.0012658227848101,NG2
cluster_1,funeral took,9.265394963887449,15,0,0.0714285714285714,0.0,NG2
cluster_1,leading his,9.265394963887449,15,0,0.0714285714285714,0.0,NG2
cluster_1,heart condition,9.265394963887449,15,0,0.0714285714285714,0.0,NG2
cluster_1,understanding during,9.265394963887449,15,0,0.0714285714285714,0.0,NG2
cluster_1,please not,9.265394963887449,15,0,0.0714285714285714,0.0,NG2
cluster_1,her death,9.265394963887449,15,0,0.0571428571428571,0.0,NG2
cluster_1,policy document,9.265394963887449,15,0,0.0666666666666666,0.0,NG2
cluster_1,due heart,9.265394963887449,15,0,0.0714285714285714,0.0,NG2
cluster_1,hospital universitario,9.265394963887449,15,0,0.0714285714285714,0.0,NG2
cluster_1,not hesitate,9.265394963887449,15,0,0.0714285714285714,0.0,NG2
cluster_1,recent passing,9.265394963887449,15,0,0.0714285714285714,0.0,NG2
cluster_1,march 2023 had,8.930729497930855,15,0,0.0714285714285714,0.0,NG3
cluster_1,funeral took place,8.930729497930855,15,0,0.0714285714285714,0.0,NG3
cluster_1,please not hesitate,8.930729497930855,15,0,0.0714285714285714,0.0,NG3
cluster_1,she had been,8.930729497930855,15,0,0.0619047619047619,0.0,NG3
cluster_1,had passed,8.888196827562114,14,0,0.0666666666666666,0.0,NG2
cluster_1,unexpectedly september,8.888196827562114,14,0,0.0666666666666666,0.0,NG2
cluster_1,prior his,8.888196827562114,14,0,0.0666666666666666,0.0,NG2
cluster_1,updated his,8.888196827562114,14,0,0.0666666666666666,0.0,NG2
cluster_1,related his,8.888196827562114,14,0,0.0666666666666666,0.0,NG2
cluster_1,his home,8.888196827562114,14,0,0.0666666666666666,0.0,NG2
cluster_1,death was,8.888196827562114,14,0,0.0666666666666666,0.0,NG2
cluster_1,john smith,8.888196827562114,14,0,0.0666666666666666,0.0,NG2
cluster_1,funeral expenses,8.888196827562114,14,0,0.0666666666666666,0.0,NG2
cluster_1,this challenging,8.806579097611735,20,1,0.0952380952380952,0.0012658227848101,NG2
cluster_1,from the clinic,8.708716717722758,21,1,0.1,0.0012658227848101,NG3
cluster_1,including the death,8.560692476864,14,0,0.0666666666666666,0.0,NG3
cluster_1,for late husband,8.560692476864,14,0,0.0666666666666666,0.0,NG3
cluster_1,had passed away,8.560692476864,14,0,0.0666666666666666,0.0,NG3
cluster_1,unwell for few,8.560692476864,14,0,0.0666666666666666,0.0,NG3
cluster_1,primary beneficiary,8.49446698987512,13,0,0.0619047619047619,0.0,NG2
cluster_1,sole beneficiary,8.49446698987512,13,0,0.0619047619047619,0.0,NG2
cluster_1,our children,8.49446698987512,13,0,0.0523809523809523,0.0,NG2
cluster_1,beneficiary information,8.49446698987512,13,0,0.0619047619047619,0.0,NG2
cluster_1,passing husband,8.49446698987512,13,0,0.0619047619047619,0.0,NG2
cluster_1,unexpectedly due,8.49446698987512,13,0,0.0619047619047619,0.0,NG2
cluster_1,been diagnosed,8.49446698987512,13,0,0.0619047619047619,0.0,NG2
cluster_1,chronic illness,8.49446698987512,13,0,0.0619047619047619,0.0,NG2
cluster_1,was treated,8.49446698987512,13,0,0.0619047619047619,0.0,NG2
cluster_1,medical report,8.49446698987512,13,0,0.0619047619047619,0.0,NG2
cluster_1,copy the policy,8.44145828342562,20,1,0.0952380952380952,0.0012658227848101,NG3
cluster_1,2023 had recently,8.174586072934282,13,0,0.0619047619047619,0.0,NG3
cluster_1,updated our life,8.174586072934282,13,0,0.0619047619047619,0.0,NG3
cluster_1,had been diagnosed,8.174586072934282,13,0,0.0619047619047619,0.0,NG3
cluster_1,due heart attack,8.174586072934282,13,0,0.0619047619047619,0.0,NG3
cluster_1,after his passing,8.174586072934282,13,0,0.0619047619047619,0.0,NG3
cluster_1,following the unfortunate,8.174586072934282,13,0,0.0619047619047619,0.0,NG3
cluster_1,been battling,8.082478654624804,12,0,0.0571428571428571,0.0,NG2
cluster_1,away october,8.082478654624804,12,0,0.0571428571428571,0.0,NG2
cluster_1,file life,8.082478654624804,12,0,0.0571428571428571,0.0,NG2
cluster_1,was diagnosed,8.082478654624804,12,0,0.0571428571428571,0.0,NG2
cluster_1,premium payments,8.082478654624804,12,0,0.0571428571428571,0.0,NG2
cluster_1,obtained from,8.082478654624804,12,0,0.0571428571428571,0.0,NG2
cluster_1,2023 had been,7.915242969743213,23,2,0.1095238095238095,0.0025316455696202,NG3
cluster_1,which was issued,7.881348444288972,18,1,0.0857142857142857,0.0012658227848101,NG3
cluster_1,she had,7.80775477180381,21,2,0.0714285714285714,0.0025316455696202,NG2
cluster_1,claim following,7.80775477180381,21,2,0.1,0.0025316455696202,NG2
cluster_1,which obtained from,7.770747329218365,12,0,0.0571428571428571,0.0,NG3
cluster_1,not hesitate reach,7.770747329218365,12,0,0.0571428571428571,0.0,NG3
cluster_1,recently updated our,7.770747329218365,12,0,0.0571428571428571,0.0,NG3
cluster_1,been diagnosed with,7.770747329218365,12,0,0.0571428571428571,0.0,NG3
cluster_1,passed away october,7.770747329218365,12,0,0.0571428571428571,0.0,NG3
cluster_1,surrounding his passing,7.770747329218365,12,0,0.0571428571428571,0.0,NG3
cluster_1,file life insurance,7.770747329218365,12,0,0.0571428571428571,0.0,NG3
cluster_1,away october 2023,7.770747329218365,12,0,0.0571428571428571,0.0,NG3
cluster_1,policy with,7.671560849385219,28,4,0.1333333333333333,0.0050632911392405,NG2
cluster_1,passing was,7.650207232276559,11,0,0.0523809523809523,0.0,NG2
cluster_1,sudden heart,7.650207232276559,11,0,0.0523809523809523,0.0,NG2
cluster_1,her life,7.650207232276559,11,0,0.0476190476190476,0.0,NG2
cluster_1,certificate along,7.650207232276559,11,0,0.0523809523809523,0.0,NG2
cluster_1,his doctor,7.650207232276559,11,0,0.0523809523809523,0.0,NG2
cluster_1,bank statements,7.650207232276559,11,0,0.0523809523809523,0.0,NG2
cluster_1,this challenging time,7.587205398476432,17,1,0.0809523809523809,0.0012658227848101,NG3
cluster_1,during this challenging,7.587205398476432,17,1,0.0809523809523809,0.0012658227848101,NG3
cluster_1,987654321 and have,7.587205398476432,17,1,0.0809523809523809,0.0012658227848101,NG3
cluster_1,after his,7.553269235093882,20,2,0.0952380952380952,0.0025316455696202,NG2
cluster_1,where was,7.553269235093882,20,2,0.0904761904761904,0.0025316455696202,NG2
cluster_1,beneficiary the policy,7.347229705479728,11,0,0.0523809523809523,0.0,NG3
cluster_1,updated his life,7.347229705479728,11,0,0.0523809523809523,0.0,NG3
cluster_1,states the cause,7.347229705479728,11,0,0.0523809523809523,0.0,NG3
cluster_1,beneficiary his life,7.347229705479728,11,0,0.0523809523809523,0.0,NG3
cluster_1,had been battling,7.347229705479728,11,0,0.0523809523809523,0.0,NG3
cluster_1,death certificate along,7.347229705479728,11,0,0.0523809523809523,0.0,NG3
cluster_1,was diagnosed with,7.347229705479728,11,0,0.0523809523809523,0.0,NG3
cluster_1,2023 due complications,7.347229705479728,11,0,0.0523809523809523,0.0,NG3
cluster_1,sudden heart attack,7.347229705479728,11,0,0.0523809523809523,0.0,NG3
cluster_1,his passing which,7.347229705479728,11,0,0.0476190476190476,0.0,NG3
cluster_1,certificate which obtained,7.347229705479728,11,0,0.0523809523809523,0.0,NG3
cluster_1,certificate along with,7.347229705479728,11,0,0.0523809523809523,0.0,NG3
cluster_1,writing submit,7.301561122530067,15,1,0.0714285714285714,0.0012658227848101,NG2
cluster_1,records which,7.301561122530067,15,1,0.0714285714285714,0.0012658227848101,NG2
cluster_1,designated beneficiary,7.195257037653003,10,0,0.0476190476190476,0.0,NG2
cluster_1,was admitted,7.195257037653003,10,0,0.0476190476190476,0.0,NG2
cluster_1,paramedics arrived,7.195257037653003,10,0,0.0476190476190476,0.0,NG2
cluster_1,policy late,7.195257037653003,10,0,0.0476190476190476,0.0,NG2
cluster_1,took out,7.195257037653003,10,0,0.0476190476190476,0.0,NG2
cluster_1,tough time,7.195257037653003,10,0,0.0476190476190476,0.0,NG2
cluster_1,beneficiary which,7.195257037653003,10,0,0.0476190476190476,0.0,NG2
cluster_1,away march,7.195257037653003,10,0,0.0476190476190476,0.0,NG2
cluster_1,universitario paz,7.195257037653003,10,0,0.0476190476190476,0.0,NG2
cluster_1,which states,7.195257037653003,10,0,0.0476190476190476,0.0,NG2
cluster_1,financial support,7.195257037653003,10,0,0.0476190476190476,0.0,NG2
cluster_1,hospital which,7.195257037653003,10,0,0.0476190476190476,0.0,NG2
cluster_1,attending physician,7.195257037653003,10,0,0.0476190476190476,0.0,NG2
cluster_1,from his,7.020546097749298,18,2,0.0857142857142857,0.0025316455696202,NG2
cluster_1,time for,7.020546097749298,18,2,0.0857142857142857,0.0025316455696202,NG2
cluster_1,contacted the insurance,6.966895656573474,15,1,0.0714285714285714,0.0012658227848101,NG3
cluster_1,recently changed,6.966384771889308,14,1,0.0666666666666666,0.0012658227848101,NG2
cluster_2,stolen items,9.58100443882161,14,0,0.0705882352941176,0.0,NG2
cluster_2,that pipe had,9.528825572518144,22,1,0.1294117647058823,0.0012048192771084,NG3
cluster_2,that pipe,9.169298338067016,35,5,0.2058823529411764,0.0060240963855421,NG2
cluster_2,documented the damage,9.049796620565523,14,0,0.0823529411764705,0.0,NG3
cluster_2,2023 severe,8.74191977181676,12,0,0.0705882352941176,0.0,NG2
cluster_2,fire department,8.74191977181676,12,0,0.0647058823529411,0.0,NG2
cluster_2,pipe had burst,8.719440171088522,24,2,0.1411764705882353,0.0024096385542168,NG3
cluster_2,pipe had,8.647746065128485,32,5,0.1823529411764705,0.0060240963855421,NG2
cluster_2,had burst,8.290215519823661,36,7,0.2117647058823529,0.008433734939759,NG2
cluster_2,damage with,8.009517464319718,15,1,0.088235294117647,0.0012048192771084,NG2
cluster_2,local fire,7.816179364297878,10,0,0.0588235294117647,0.0,NG2
cluster_2,missing including,7.816179364297878,10,0,0.0588235294117647,0.0,NG2
cluster_2,severe thunderstorm,7.816179364297878,10,0,0.0588235294117647,0.0,NG2
cluster_2,main water,7.816179364297878,10,0,0.0588235294117647,0.0,NG2
cluster_2,abc plumbing,7.816179364297878,10,0,0.0588235294117647,0.0,NG2
cluster_2,water supply,7.689218835894788,21,3,0.1235294117647058,0.0036144578313253,NG2
cluster_2,plumber who arrived,7.557062427773392,23,3,0.1352941176470588,0.0036144578313253,NG3
cluster_2,plumbing who arrived,7.466694409793864,15,1,0.088235294117647,0.0012048192771084,NG3
cluster_2,local fire department,7.340089337163384,10,0,0.0588235294117647,0.0,NG3
cluster_2,damage the roof,7.340089337163384,10,0,0.0588235294117647,0.0,NG3
cluster_2,off the main,7.340089337163384,10,0,0.0588235294117647,0.0,NG3
cluster_2,burst due,7.174387568572811,16,2,0.0941176470588235,0.0024096385542168,NG2
cluster_2,had burst due,7.127984564892717,14,1,0.0823529411764705,0.0012048192771084,NG3
cluster_2,had fallen,6.912664624457884,12,1,0.0705882352941176,0.0012048192771084,NG2
cluster_2,had flooded due,6.854525276838087,9,0,0.0529411764705882,0.0,NG3
cluster_2,main water supply,6.854525276838087,9,0,0.0529411764705882,0.0,NG3
cluster_2,were missing including,6.854525276838087,9,0,0.0529411764705882,0.0,NG3
cluster_2,that large,6.780632489237555,8,0,0.0470588235294117,0.0,NG2
cluster_2,contacted local plumbing,6.775227806050656,13,1,0.0764705882352941,0.0012048192771084,NG3
cluster_2,arrived the same,6.775227806050656,13,1,0.0764705882352941,0.0012048192771084,NG3
cluster_2,plumbing who,6.746667587590759,20,4,0.1176470588235294,0.0048192771084337,NG2
cluster_2,affected areas,6.746667587590759,20,4,0.1176470588235294,0.0048192771084337,NG2
cluster_2,local plumbing,6.629828635610248,17,3,0.1,0.0036144578313253,NG2
cluster_2,plumbing service,6.629828635610248,17,3,0.0941176470588235,0.0036144578313253,NG2
cluster_2,discovered that pipe,6.62061337799589,16,2,0.0941176470588235,0.0024096385542168,NG3
cluster_2,water leaking,6.535004397146377,14,2,0.0823529411764705,0.0024096385542168,NG2
cluster_2,including laptop,6.513243017306825,11,1,0.0647058823529411,0.0012048192771084,NG2
cluster_2,forced open,6.513243017306825,11,1,0.0647058823529411,0.0012048192771084,NG2
cluster_2,additionally filed,6.342879431105144,16,3,0.0941176470588235,0.0036144578313253,NG2
cluster_2,missing including laptop,6.339473945315376,8,0,0.0470588235294117,0.0,NG3
cluster_2,list the stolen,6.339473945315376,8,0,0.0470588235294117,0.0,NG3
cluster_2,damage with photographs,6.339473945315376,8,0,0.0470588235294117,0.0,NG3
cluster_2,from work find,6.317925254952618,15,2,0.088235294117647,0.0024096385542168,NG3
cluster_2,local plumbing service,6.317925254952618,15,2,0.088235294117647,0.0024096385542168,NG3
cluster_2,insurance purposes,6.211571981378389,7,0,0.0411764705882352,0.0,NG2
cluster_2,neighborhood columbus,6.211571981378389,7,0,0.0411764705882352,0.0,NG2
cluster_2,pieces jewelry,6.211571981378389,7,0,0.0411764705882352,0.0,NG2
cluster_2,plumber abc,6.211571981378389,7,0,0.0411764705882352,0.0,NG2
cluster_2,items were,6.093773326042665,10,1,0.0588235294117647,0.0012048192771084,NG2
cluster_2,flooded due,6.093773326042665,10,1,0.0588235294117647,0.0012048192771084,NG2
cluster_2,work find,6.045683622962336,15,3,0.088235294117647,0.0036144578313253,NG2
cluster_2,front door,5.972796065171064,17,4,0.1,0.0048192771084337,NG2
cluster_2,local plumber abc,5.7905997453654905,7,0,0.0411764705882352,0.0,NG3
cluster_2,plumber abc plumbing,5.7905997453654905,7,0,0.0411764705882352,0.0,NG3
cluster_2,work was completed,5.7905997453654905,7,0,0.0411764705882352,0.0,NG3
cluster_2,front door had,5.7905997453654905,7,0,0.0411764705882352,0.0,NG3
cluster_2,abc plumbing who,5.7905997453654905,7,0,0.0411764705882352,0.0,NG3
cluster_2,turned off,5.737380327475999,14,3,0.0823529411764705,0.0036144578313253,NG2
cluster_2,who arrived within,5.677207938498413,13,2,0.0764705882352941,0.0024096385542168,NG3
cluster_2,water leaking from,5.677207938498413,13,2,0.0764705882352941,0.0024096385542168,NG3
cluster_2,local plumber,5.66139747304043,43,20,0.2529411764705882,0.0240963855421686,NG2
cluster_2,been forced,5.651850209855486,9,1,0.0529411764705882,0.0012048192771084,NG2
cluster_2,arrived within hour,5.617683298908172,10,1,0.0588235294117647,0.0012048192771084,NG3
cluster_2,additionally filed police,5.617683298908172,10,1,0.0588235294117647,0.0012048192771084,NG3
cluster_2,shut off,5.600927644311861,6,0,0.0352941176470588,0.0,NG2
cluster_2,local news,5.600927644311861,6,0,0.0352941176470588,0.0,NG2
cluster_2,advised document,5.600927644311861,6,0,0.0352941176470588,0.0,NG2
cluster_2,bathroom had,5.600927644311861,6,0,0.0352941176470588,0.0,NG2
cluster_2,thankfully home,5.600927644311861,6,0,0.0352941176470588,0.0,NG2
cluster_2,home january,5.600927644311861,6,0,0.0352941176470588,0.0,NG2
cluster_2,fallen onto,5.600927644311861,6,0,0.0352941176470588,0.0,NG2
cluster_2,that front,5.600927644311861,6,0,0.0352941176470588,0.0,NG2
cluster_2,upon entering,5.473245548791719,11,2,0.0647058823529411,0.0024096385542168,NG2
cluster_2,immediately took,5.416993151706473,13,3,0.0764705882352941,0.0036144578313253,NG2
cluster_2,that several,5.413470335738826,15,4,0.088235294117647,0.0048192771084337,NG2
cluster_2,burst pipe,5.370380771979867,27,11,0.1588235294117647,0.0132530120481927,NG2
cluster_2,plumber who,5.271560612473487,28,12,0.1647058823529411,0.0144578313253012,NG2
cluster_2,filed police,5.23602393392423,61,36,0.3588235294117647,0.0433734939759036,NG2
cluster_2,restoration company,5.224349521109201,23,9,0.1294117647058823,0.0096385542168674,NG2
cluster_2,that several items,5.202521780619796,6,0,0.0352941176470588,0.0,NG3
cluster_2,plumbing services who,5.202521780619796,6,0,0.0352941176470588,0.0,NG3
cluster_2,that front door,5.202521780619796,6,0,0.0352941176470588,0.0,NG3
cluster_2,had fallen onto,5.202521780619796,6,0,0.0352941176470588,0.0,NG3
cluster_2,damage the plumber,5.202521780619796,6,0,0.0352941176470588,0.0,NG3
cluster_2,record the incident,5.202521780619796,6,0,0.0352941176470588,0.0,NG3
cluster_2,homeowners insurance policy,5.192430929219876,9,1,0.0529411764705882,0.0012048192771084,NG3
cluster_2,been forced open,5.192430929219876,9,1,0.0529411764705882,0.0012048192771084,NG3
cluster_2,supply and called,5.192430929219876,9,1,0.0529411764705882,0.0012048192771084,NG3
cluster_2,had burst causing,5.192430929219876,9,1,0.0529411764705882,0.0012048192771084,NG3
cluster_2,items were missing,5.192430929219876,9,1,0.0529411764705882,0.0012048192771084,NG3
cluster_2,found that pipe,5.192430929219876,9,1,0.0529411764705882,0.0012048192771084,NG3
cluster_2,had been forced,5.192430929219876,9,1,0.0529411764705882,0.0012048192771084,NG3
cluster_2,work around,5.188988505919173,32,15,0.188235294117647,0.0180722891566265,NG2
cluster_2,documentation purposes,5.1846021240293725,8,1,0.0470588235294117,0.0012048192771084,NG2
cluster_2,further damage,5.170934533816991,16,5,0.088235294117647,0.0060240963855421,NG2
cluster_2,within hour,5.086230382647679,10,2,0.0588235294117647,0.0024096385542168,NG2
cluster_2,with photographs,5.08340947709901,12,3,0.0705882352941176,0.0036144578313253,NG2
cluster_2,due burst,5.08340947709901,12,3,0.0705882352941176,0.0036144578313253,NG2
cluster_2,january 2023 returned,4.981819921476244,11,2,0.0647058823529411,0.0024096385542168,NG3
cluster_2,2023 returned,4.950828573649607,59,37,0.3470588235294117,0.044578313253012,NG2
cluster_2,morning when,4.941300557756163,5,0,0.0294117647058823,0.0,NG2
cluster_2,covers water,4.941300557756163,5,0,0.0294117647058823,0.0,NG2
cluster_2,water level,4.941300557756163,5,0,0.0294117647058823,0.0,NG2
cluster_2,damage caused,4.941300557756163,5,0,0.0294117647058823,0.0,NG2
cluster_2,local water,4.941300557756163,5,0,0.0294117647058823,0.0,NG2
cluster_2,slightly ajar,4.941300557756163,5,0,0.0294117647058823,0.0,NG2
cluster_2,inspecting further,4.941300557756163,5,0,0.0294117647058823,0.0,NG2
cluster_2,garage causing,4.941300557756163,5,0,0.0294117647058823,0.0,NG2
cluster_2,hour assess,4.941300557756163,5,0,0.0294117647058823,0.0,NG2
cluster_2,after discovering,4.941300557756163,5,0,0.0294117647058823,0.0,NG2
cluster_2,included timestamps,4.941300557756163,5,0,0.0294117647058823,0.0,NG2
cluster_2,items along,4.941300557756163,5,0,0.0294117647058823,0.0,NG2
cluster_2,incident with,4.941300557756163,5,0,0.0294117647058823,0.0,NG2
cluster_2,began work,4.941300557756163,5,0,0.0294117647058823,0.0,NG2
cluster_2,thunderstorm swept,4.941300557756163,5,0,0.0294117647058823,0.0,NG2
cluster_2,could hear,4.941300557756163,5,0,0.0294117647058823,0.0,NG2
cluster_2,restoration who,4.941300557756163,5,0,0.0294117647058823,0.0,NG2
cluster_2,materials used,4.941300557756163,5,0,0.0294117647058823,0.0,NG2
cluster_2,formal record,4.941300557756163,5,0,0.0294117647058823,0.0,NG2
cluster_2,found that,4.78484639776918,28,14,0.1588235294117647,0.016867469879518,NG2
cluster_2,were completed,4.735355601903319,11,3,0.0647058823529411,0.0036144578313253,NG2
cluster_2,strong winds,4.688571960540772,7,1,0.0411764705882352,0.0012048192771084,NG2
cluster_2,some jewelry,4.688571960540772,7,1,0.0411764705882352,0.0012048192771084,NG2
cluster_2,large tree,4.688571960540772,7,1,0.0411764705882352,0.0012048192771084,NG2
cluster_2,roofing company,4.67958734383824,9,2,0.0470588235294117,0.0024096385542168,NG2
cluster_2,was completed,4.67958734383824,9,2,0.0529411764705882,0.0024096385542168,NG2
cluster_2,number 2023001234,4.67958734383824,9,2,0.0529411764705882,0.0024096385542168,NG2
cluster_2,for insurance,4.67958734383824,9,2,0.0529411764705882,0.0024096385542168,NG2
cluster_2,had flooded,4.67958734383824,9,2,0.0529411764705882,0.0024096385542168,NG2
cluster_2,burst causing,4.67958734383824,9,2,0.0529411764705882,0.0024096385542168,NG2
cluster_2,door had,4.67958734383824,9,2,0.0529411764705882,0.0024096385542168,NG2
cluster_2,leaking from,4.613192341473571,14,5,0.0823529411764705,0.0060240963855421,NG2
cluster_2,significant water,4.61043004433543,36,21,0.2117647058823529,0.0253012048192771,NG2
cluster_2,significant water leak,4.6101403555131855,10,2,0.0588235294117647,0.0024096385542168,NG3
cluster_2,find that,4.604120226054345,20,9,0.1176470588235294,0.0108433734939759,NG2
cluster_2,noticed water,4.588899058870226,17,7,0.1,0.008433734939759,NG2
cluster_2,also filed,4.582982543747859,32,18,0.188235294117647,0.0216867469879518,NG2
cluster_2,due burst pipe,4.5777853017308106,12,3,0.0705882352941176,0.0036144578313253,NG3
cluster_2,off the water,4.5777853017308106,12,3,0.0705882352941176,0.0036144578313253,NG3
cluster_2,called plumber who,4.5777853017308106,12,3,0.0705882352941176,0.0036144578313253,NG3
cluster_2,items along with,4.568478336951986,5,0,0.0294117647058823,0.0,NG3
cluster_2,document the extent,4.568478336951986,5,0,0.0294117647058823,0.0,NG3
cluster_2,services who arrived,4.568478336951986,5,0,0.0294117647058823,0.0,NG3
cluster_2,covers water damage,4.568478336951986,5,0,0.0294117647058823,0.0,NG3
cluster_2,report for documentation,4.568478336951986,5,0,0.0294117647058823,0.0,NG3
cluster_2,noticed water leaking,4.568478336951986,5,0,0.0294117647058823,0.0,NG3
cluster_2,had caused significant,4.568478336951986,5,0,0.0294117647058823,0.0,NG3
cluster_2,that large tree,4.568478336951986,5,0,0.0294117647058823,0.0,NG3
cluster_2,bathroom had burst,4.568478336951986,5,0,0.0294117647058823,0.0,NG3
cluster_2,ohio the winds,4.568478336951986,5,0,0.0294117647058823,0.0,NG3
cluster_2,upstairs bathroom had,4.568478336951986,5,0,0.0294117647058823,0.0,NG3
cluster_2,after inspecting further,4.568478336951986,5,0,0.0294117647058823,0.0,NG3
cluster_2,thankfully home insurance,4.568478336951986,5,0,0.0294117647058823,0.0,NG3
cluster_2,thunderstorm swept through,4.568478336951986,5,0,0.0294117647058823,0.0,NG3
cluster_2,severe thunderstorm swept,4.568478336951986,5,0,0.0294117647058823,0.0,NG3
cluster_2,found that several,4.568478336951986,5,0,0.0294117647058823,0.0,NG3
cluster_2,home january 2023,4.568478336951986,5,0,0.0294117647058823,0.0,NG3
cluster_2,invoice which have,4.568478336951986,5,0,0.0294117647058823,0.0,NG3
cluster_2,following day contacted,4.568478336951986,5,0,0.0294117647058823,0.0,NG3
cluster_2,returned home from,4.525822558238623,51,28,0.3,0.0337349397590361,NG3
cluster_2,homeowners insurance,4.460172705039163,15,6,0.088235294117647,0.0072289156626506,NG2
cluster_2,damage they,4.460172705039163,15,6,0.088235294117647,0.0072289156626506,NG2
cluster_2,coming from,4.443409509974235,22,11,0.1176470588235294,0.0132530120481927,NG2
cluster_2,filed police report,4.442229477107157,61,36,0.3588235294117647,0.0433734939759036,NG3
cluster_2,2023 returned home,4.385478590043881,59,35,0.3470588235294117,0.0421686746987951,NG3
cluster_2,had caused,4.371367287787454,10,3,0.0588235294117647,0.0036144578313253,NG2
cluster_2,swept through,4.371367287787454,10,3,0.0588235294117647,0.0036144578313253,NG2
cluster_2,basement had,4.339426396349324,16,7,0.088235294117647,0.008433734939759,NG2
cluster_2,also filed police,4.288085640377346,26,12,0.1529411764705882,0.0144578313253012,NG3
cluster_2,noticed significant water,4.267599724527872,7,1,0.0411764705882352,0.0012048192771084,NG3
cluster_2,work find that,4.267599724527872,7,1,0.0411764705882352,0.0012048192771084,NG3
cluster_2,immediately took photos,4.267599724527872,7,1,0.0411764705882352,0.0012048192771084,NG3
cluster_2,called local plumber,4.256849921033569,18,7,0.1058823529411764,0.008433734939759,NG3
cluster_2,several items,4.250984210370295,8,2,0.0470588235294117,0.0024096385542168,NG2
cluster_2,through our,4.250984210370295,8,2,0.0470588235294117,0.0024096385542168,NG2
cluster_2,2023 noticed significant,4.243929974587843,11,3,0.0647058823529411,0.0036144578313253,NG3
cluster_2,department they,4.223185327167813,4,0,0.0235294117647058,0.0,NG2
cluster_2,fallen from,4.223185327167813,4,0,0.0235294117647058,0.0,NG2
cluster_2,which timestamped,4.223185327167813,4,0,0.0235294117647058,0.0,NG2
cluster_2,personal items,4.223185327167813,4,0,0.0235294117647058,0.0,NG2
cluster_2,through neighborhood,4.223185327167813,4,0,0.0235294117647058,0.0,NG2
cluster_2,completed january,4.223185327167813,4,0,0.0235294117647058,0.0,NG2
cluster_2,their service,4.223185327167813,4,0,0.0235294117647058,0.0,NG2
cluster_2,returning home,4.223185327167813,4,0,0.0235294117647058,0.0,NG2
cluster_2,evening january,4.223185327167813,4,0,0.0235294117647058,0.0,NG2
cluster_2,burst likely,4.223185327167813,4,0,0.0235294117647058,0.0,NG2
cluster_2,immediately shut,4.223185327167813,4,0,0.0235294117647058,0.0,NG2
cluster_2,ajar which,4.223185327167813,4,0,0.0235294117647058,0.0,NG2
cluster_2,adjuster visited,4.223185327167813,4,0,0.0235294117647058,0.0,NG2
cluster_2,temperatures had,4.223185327167813,4,0,0.0235294117647058,0.0,NG2
cluster_2,approximate values,4.223185327167813,4,0,0.0235294117647058,0.0,NG2
cluster_2,investigating discovered,4.223185327167813,4,0,0.0235294117647058,0.0,NG2
cluster_2,severe storm,4.223185327167813,4,0,0.0235294117647058,0.0,NG2
cluster_2,service abc,4.223185327167813,4,0,0.0235294117647058,0.0,NG2
cluster_2,above immediately,4.223185327167813,4,0,0.0235294117647058,0.0,NG2
cluster_2,plumbers report,4.223185327167813,4,0,0.0235294117647058,0.0,NG2
cluster_2,loud crash,4.223185327167813,4,0,0.0235294117647058,0.0,NG2
cluster_2,branch had,4.223185327167813,4,0,0.0176470588235294,0.0,NG2
cluster_2,experienced earlier,4.223185327167813,4,0,0.0235294117647058,0.0,NG2
cluster_2,plumber advised,4.223185327167813,4,0,0.0235294117647058,0.0,NG2
cluster_5,madrid when was,7.009745003470643,8,0,0.0987654320987654,0.0,NG3
cluster_5,m30 madrid,6.346959209122361,35,19,0.4320987654320987,0.0206746463547334,NG2
cluster_5,madrid where received,5.8078368618103084,6,0,0.074074074074074,0.0,NG3
cluster_5,license plate,5.763175463059369,5,0,0.0617283950617283,0.0,NG2
cluster_5,madrid around,5.692362754468028,9,2,0.1111111111111111,0.0021762785636561,NG2
cluster_5,along the m30,5.366361887918183,35,18,0.4320987654320987,0.0195865070729053,NG3
cluster_5,without signaling,5.223504399021237,8,2,0.0987654320987654,0.0021762785636561,NG2
cluster_5,both vehicles,5.098674305143712,20,12,0.2469135802469135,0.0130576713819368,NG2
cluster_5,cut front,5.037841847075435,6,1,0.074074074074074,0.001088139281828,NG2
cluster_5,front without,4.979953127989879,4,0,0.0493827160493827,0.0,NG2
cluster_5,after document,4.979953127989879,4,0,0.0493827160493827,0.0,NG2
cluster_5,auto reparaciones,4.979953127989879,4,0,0.0493827160493827,0.0,NG2
cluster_5,photos both,4.979953127989879,4,0,0.0493827160493827,0.0,NG2
cluster_5,blue 2018,4.979953127989879,4,0,0.0493827160493827,0.0,NG2
cluster_5,m30 madrid around,4.918183440238783,9,2,0.1111111111111111,0.0021762785636561,NG3
cluster_5,was moderate,4.725694165051903,7,2,0.0864197530864197,0.0021762785636561,NG2
cluster_5,vehicles which,4.414373329618695,5,1,0.0617283950617283,0.001088139281828,NG2
cluster_5,avenida paz,4.414373329618695,5,1,0.0617283950617283,0.001088139281828,NG2
cluster_5,madrid when,4.402964614629341,17,12,0.2098765432098765,0.0130576713819368,NG2
cluster_5,collision but unfortunately,4.40146951659683,4,0,0.0493827160493827,0.0,NG3
cluster_5,cut front without,4.40146951659683,4,0,0.0493827160493827,0.0,NG3
cluster_5,driving blue 2018,4.40146951659683,4,0,0.0493827160493827,0.0,NG3
cluster_5,photos both vehicles,4.40146951659683,4,0,0.0493827160493827,0.0,NG3
cluster_5,blue 2018 ford,4.40146951659683,4,0,0.0493827160493827,0.0,NG3
cluster_5,shortly after document,4.40146951659683,4,0,0.0493827160493827,0.0,NG3
cluster_5,road and exchanged,4.40146951659683,4,0,0.0493827160493827,0.0,NG3
cluster_5,shop auto,4.194700857573613,6,2,0.074074074074074,0.0021762785636561,NG2
cluster_5,exchanged contact,4.194700857573613,6,2,0.074074074074074,0.0021762785636561,NG2
cluster_5,reparaciones where,4.114079326564595,3,0,0.037037037037037,0.0,NG2
cluster_5,who identified,4.114079326564595,3,0,0.037037037037037,0.0,NG2
cluster_5,details took,4.114079326564595,3,0,0.037037037037037,0.0,NG2
cluster_5,vehicle behind,4.114079326564595,3,0,0.037037037037037,0.0,NG2
cluster_5,repair madrid,4.114079326564595,3,0,0.037037037037037,0.0,NG2
cluster_5,vallehermoso when,4.114079326564595,3,0,0.037037037037037,0.0,NG2
cluster_5,car cut,4.114079326564595,3,0,0.037037037037037,0.0,NG2
cluster_5,cut off,4.114079326564595,3,0,0.037037037037037,0.0,NG2
cluster_5,avenida américa,4.114079326564595,3,0,0.037037037037037,0.0,NG2
cluster_5,blue hatchback,4.114079326564595,3,0,0.037037037037037,0.0,NG2
cluster_5,seemed shaken,4.114079326564595,3,0,0.037037037037037,0.0,NG2
cluster_5,2018 ford,4.093592045001829,7,3,0.0864197530864197,0.0032644178454842,NG2
cluster_5,when was,4.0302684068498165,9,5,0.1111111111111111,0.0054406964091403,NG2
cluster_5,traffic was moderate,4.016302960278957,7,2,0.0864197530864197,0.0021762785636561,NG3
cluster_5,other driver,3.9721178860238906,36,39,0.3703703703703703,0.0348204570184983,NG2
cluster_5,when was involved,3.8176842730542777,8,3,0.0987654320987654,0.0032644178454842,NG3
cluster_5,contact and insurance,3.786120961036607,5,1,0.0617283950617283,0.001088139281828,NG3
cluster_5,both vehicles which,3.786120961036607,5,1,0.0617283950617283,0.001088139281828,NG3
cluster_5,was cooperative,3.738000103652869,4,1,0.0493827160493827,0.001088139281828,NG2
cluster_5,exchanged information,3.660631220393377,9,6,0.1111111111111111,0.0065288356909684,NG2
cluster_5,other car,3.62537466066321,5,2,0.0617283950617283,0.0021762785636561,NG2
cluster_5,changed lanes,3.62537466066321,5,2,0.0617283950617283,0.0021762785636561,NG2
cluster_5,involved collision,3.62537466066321,5,2,0.0617283950617283,0.0021762785636561,NG2
cluster_5,seemed cooperative,3.62537466066321,5,2,0.0617283950617283,0.0021762785636561,NG2
cluster_5,driver who was,3.6110782729876303,10,5,0.1111111111111111,0.0054406964091403,NG3
cluster_5,madrid where,3.603295549780164,7,4,0.0864197530864197,0.0043525571273122,NG2
cluster_5,rear bumper immediately,3.5944596611533184,3,0,0.037037037037037,0.0,NG3
cluster_5,car cut front,3.5944596611533184,3,0,0.037037037037037,0.0,NG3
cluster_5,shop auto reparaciones,3.5944596611533184,3,0,0.037037037037037,0.0,NG3
cluster_5,damage both cars,3.5944596611533184,3,0,0.037037037037037,0.0,NG3
cluster_5,brakes avoid collision,3.5944596611533184,3,0,0.037037037037037,0.0,NG3
cluster_5,took photos both,3.5944596611533184,3,0,0.037037037037037,0.0,NG3
cluster_5,suddenly car cut,3.5944596611533184,3,0,0.037037037037037,0.0,NG3
cluster_5,calle vallehermoso when,3.5944596611533184,3,0,0.037037037037037,0.0,NG3
cluster_5,auto repair madrid,3.5944596611533184,3,0,0.037037037037037,0.0,NG3
cluster_5,auto reparaciones where,3.5944596611533184,3,0,0.037037037037037,0.0,NG3
cluster_5,seemed shaken but,3.5944596611533184,3,0,0.037037037037037,0.0,NG3
cluster_5,repair madrid where,3.5944596611533184,3,0,0.037037037037037,0.0,NG3
cluster_5,damage both,3.5283693299643697,12,10,0.1481481481481481,0.0108813928182807,NG2
cluster_5,driver who,3.4975037566843388,15,14,0.1728395061728395,0.015233949945593,NG2
cluster_5,other driver who,3.461513667147797,15,10,0.1728395061728395,0.0108813928182807,NG3
cluster_5,traffic was,3.4350148420770195,14,13,0.1728395061728395,0.0141458106637649,NG2
cluster_5,2018 ford focus,3.384200840228884,7,3,0.0864197530864197,0.0032644178454842,NG3
cluster_5,m30 madrid when,3.223726957067929,16,12,0.1975308641975308,0.0130576713819368,NG3
cluster_5,also exchanged contact,3.159516492259819,4,1,0.0493827160493827,0.001088139281828,NG3
cluster_5,front suddenly braked,3.159516492259819,4,1,0.0493827160493827,0.001088139281828,NG3
cluster_5,calle vallehermoso,3.132468834960098,6,4,0.074074074074074,0.0043525571273122,NG2
cluster_5,driving blue,3.0655711961780217,5,3,0.0617283950617283,0.0032644178454842,NG2
cluster_5,driving car,3.0115041567584893,4,2,0.0493827160493827,0.0021762785636561,NG2
cluster_5,red light,3.0115041567584893,4,2,0.0493827160493827,0.0021762785636561,NG2
cluster_5,both cars,3.0115041567584893,4,2,0.0493827160493827,0.0021762785636561,NG2
cluster_5,car along,3.0115041567584893,4,2,0.0493827160493827,0.0021762785636561,NG2
cluster_5,lanes without,2.998501975274614,3,1,0.037037037037037,0.001088139281828,NG2
cluster_5,just merged,2.998501975274614,3,1,0.037037037037037,0.001088139281828,NG2
cluster_5,able stop,2.998501975274614,3,1,0.037037037037037,0.001088139281828,NG2
cluster_5,suddenly changed,2.998501975274614,3,1,0.037037037037037,0.001088139281828,NG2
cluster_5,some scratches,2.998501975274614,3,1,0.037037037037037,0.001088139281828,NG2
cluster_5,merged into,2.998501975274614,3,1,0.037037037037037,0.001088139281828,NG2
cluster_5,within twenty,2.998501975274614,3,1,0.037037037037037,0.001088139281828,NG2
cluster_5,our statements,2.998501975274614,3,1,0.037037037037037,0.001088139281828,NG2
cluster_5,exit towards,2.998501975274614,3,1,0.037037037037037,0.001088139281828,NG2
cluster_5,repairs totaling 1200,2.9971222920811216,5,2,0.0617283950617283,0.0021762785636561,NG3
cluster_5,focus along,2.965061582263949,8,7,0.0987654320987654,0.0076169749727965,NG2
cluster_5,rear bumper,2.805362058397068,9,9,0.1111111111111111,0.0097932535364526,NG2
cluster_5,twenty minutes,2.753341815819009,6,5,0.074074074074074,0.0054406964091403,NG2
cluster_5,insurance details,2.7098526931078264,12,14,0.1481481481481481,0.015233949945593,NG2
cluster_5,information with,2.6424364021147007,13,16,0.1604938271604938,0.0174102285092491,NG2
cluster_5,with the other,2.578920568336084,19,19,0.2345679012345679,0.0206746463547334,NG3
cluster_5,suddenly braked,2.4960470793158582,4,3,0.0493827160493827,0.0032644178454842,NG2
cluster_5,lane when,2.4960470793158582,4,3,0.0493827160493827,0.0032644178454842,NG2
cluster_5,involved minor,2.4960470793158582,4,3,0.0493827160493827,0.0032644178454842,NG2
cluster_5,another vehicle,2.4920451985670367,10,12,0.1234567901234567,0.0130576713819368,NG2
cluster_5,had just merged,2.478882309863337,3,1,0.037037037037037,0.001088139281828,NG3
cluster_5,able stop time,2.478882309863337,3,1,0.037037037037037,0.001088139281828,NG3
cluster_5,changed lanes without,2.478882309863337,3,1,0.037037037037037,0.001088139281828,NG3
cluster_5,within twenty minutes,2.478882309863337,3,1,0.037037037037037,0.001088139281828,NG3
cluster_5,suddenly changed lanes,2.478882309863337,3,1,0.037037037037037,0.001088139281828,NG3
cluster_5,without any warning,2.478882309863337,3,1,0.037037037037037,0.001088139281828,NG3
cluster_5,involved collision with,2.478882309863337,3,1,0.037037037037037,0.001088139281828,NG3
cluster_5,lanes without signaling,2.478882309863337,3,1,0.037037037037037,0.001088139281828,NG3
cluster_5,ford focus,2.4512545674100994,8,9,0.0987654320987654,0.0097932535364526,NG2
cluster_5,was driving blue,2.437318827595933,5,3,0.0617283950617283,0.0032644178454842,NG3
cluster_5,afternoon october 2023,2.437318827595933,5,3,0.0617283950617283,0.0032644178454842,NG3
cluster_5,was the left,2.43302054536544,4,2,0.0493827160493827,0.0021762785636561,NG3
cluster_5,driving car along,2.43302054536544,4,2,0.0493827160493827,0.0021762785636561,NG3
cluster_5,body shop auto,2.43302054536544,4,2,0.0493827160493827,0.0021762785636561,NG3
cluster_5,avoid collision but,2.43302054536544,4,2,0.0493827160493827,0.0021762785636561,NG3
cluster_5,totaling 1200,2.432794488508019,6,6,0.074074074074074,0.0065288356909684,NG2
cluster_5,exchanged insurance,2.379539983297373,12,16,0.1481481481481481,0.0174102285092491,NG2
cluster_5,2500 have,2.345931058116144,3,2,0.037037037037037,0.0021762785636561,NG2
cluster_5,brakes avoid,2.345931058116144,3,2,0.037037037037037,0.0021762785636561,NG2
cluster_5,any warning,2.345931058116144,3,2,0.037037037037037,0.0021762785636561,NG2
cluster_5,around 330,2.345931058116144,3,2,0.037037037037037,0.0021762785636561,NG2
cluster_5,insurance information,2.3412317985867395,13,18,0.1604938271604938,0.0195865070729053,NG2
cluster_5,thankfully one,2.311796243426736,7,8,0.0864197530864197,0.0087051142546245,NG2
cluster_5,damage both vehicles,2.2838262266033214,9,8,0.1111111111111111,0.0087051142546245,NG3
cluster_5,shaken but,2.276572527222536,5,5,0.0617283950617283,0.0054406964091403,NG2
cluster_5,into lane,2.2317947681820773,8,10,0.0987654320987654,0.0108813928182807,NG2
cluster_5,afternoon september,2.2317947681820773,8,10,0.0987654320987654,0.0108813928182807,NG2
cluster_5,ford focus along,2.221653907846095,8,7,0.0987654320987654,0.0076169749727965,NG3
cluster_5,right lane,2.155123763566226,6,7,0.074074074074074,0.0076169749727965,NG2
cluster_5,afternoon october,2.155123763566226,6,7,0.074074074074074,0.0076169749727965,NG2
cluster_5,was injured,2.155123763566226,6,7,0.074074074074074,0.0076169749727965,NG2
cluster_5,stop time,2.0962275082514483,4,4,0.0493827160493827,0.0043525571273122,NG2
cluster_5,left lane,2.0962275082514483,4,4,0.0493827160493827,0.0043525571273122,NG2
cluster_5,collision but,2.0962275082514483,4,4,0.0493827160493827,0.0043525571273122,NG2
cluster_5,into lane without,2.003101526397366,5,4,0.0617283950617283,0.0043525571273122,NG3
cluster_5,car front,1.976609154862897,5,6,0.0617283950617283,0.0065288356909684,NG2
cluster_5,impact was,1.976609154862897,5,6,0.0617283950617283,0.0065288356909684,NG2
cluster_5,was involved,1.944222230819148,13,21,0.1604938271604938,0.0228509249183895,NG2
cluster_5,was involved minor,1.9175634679228089,4,3,0.0493827160493827,0.0032644178454842,NG3
cluster_5,admitted fault,1.882924623984633,3,3,0.037037037037037,0.0032644178454842,NG2
cluster_5,cost came,1.882924623984633,3,3,0.037037037037037,0.0032644178454842,NG2
cluster_5,just exited,1.882924623984633,3,3,0.037037037037037,0.0032644178454842,NG2
cluster_5,with another,1.882924623984633,3,3,0.037037037037037,0.0032644178454842,NG2
cluster_5,name was,1.882924623984633,3,3,0.037037037037037,0.0032644178454842,NG2
cluster_5,bumper immediately,1.882924623984633,3,3,0.037037037037037,0.0032644178454842,NG2
cluster_5,about twenty,1.882924623984633,3,3,0.037037037037037,0.0032644178454842,NG2
cluster_5,madrid heading,1.882924623984633,3,3,0.037037037037037,0.0032644178454842,NG2
cluster_5,suddenly swerved into,1.8263113927048675,3,2,0.037037037037037,0.0021762785636561,NG3
cluster_5,collision with another,1.8263113927048675,3,2,0.037037037037037,0.0021762785636561,NG3
cluster_5,impact was significant,1.8263113927048675,3,2,0.037037037037037,0.0021762785636561,NG3
cluster_5,with another vehicle,1.8263113927048675,3,2,0.037037037037037,0.0021762785636561,NG3
cluster_5,arrived about twenty,1.8263113927048675,3,2,0.037037037037037,0.0021762785636561,NG3
cluster_5,was driving car,1.8263113927048675,3,2,0.037037037037037,0.0021762785636561,NG3
cluster_5,driving 2018 ford,1.8263113927048675,3,2,0.037037037037037,0.0021762785636561,NG3
cluster_5,front suddenly,1.7695511324214788,4,5,0.0493827160493827,0.0054406964091403,NG2
cluster_5,swerved into,1.7167690627373484,5,7,0.0617283950617283,0.0076169749727965,NG2
cluster_5,one was,1.676498611159727,8,13,0.0987654320987654,0.0141458106637649,NG2
cluster_5,road and called,1.6024050386537907,7,8,0.0864197530864197,0.0087051142546245,NG3
cluster_5,thankfully one was,1.6024050386537907,7,8,0.0864197530864197,0.0087051142546245,NG3
cluster_5,officers arrived,1.5237889325843614,3,4,0.037037037037037,0.0043525571273122,NG2
cluster_5,around was,1.5237889325843614,3,4,0.037037037037037,0.0043525571273122,NG2
cluster_5,suddenly swerved,1.5237889325843614,3,4,0.037037037037037,0.0043525571273122,NG2
cluster_5,who seemed,1.5237889325843614,3,4,0.037037037037037,0.0043525571273122,NG2
cluster_5,vehicle suddenly,1.4933501921530454,4,6,0.0493827160493827,0.0065288356909684,NG2
cluster_5,suddenly car,1.4933501921530454,4,6,0.0493827160493827,0.0065288356909684,NG2
cluster_5,one was injured,1.4837597365464954,6,7,0.074074074074074,0.0076169749727965,NG3
cluster_5,car front suddenly,1.3633049585733563,3,3,0.037037037037037,0.0032644178454842,NG3
cluster_5,about twenty minutes,1.3633049585733563,3,3,0.037037037037037,0.0032644178454842,NG3
cluster_5,had just exited,1.3633049585733563,3,3,0.037037037037037,0.0032644178454842,NG3
cluster_5,with the rear,1.3633049585733563,3,3,0.037037037037037,0.0032644178454842,NG3
cluster_5,m30 madrid heading,1.3633049585733563,3,3,0.037037037037037,0.0032644178454842,NG3
cluster_5,who was very,1.3633049585733563,3,3,0.037037037037037,0.0032644178454842,NG3
cluster_5,twenty minutes later,1.3633049585733563,3,3,0.037037037037037,0.0032644178454842,NG3
cluster_5,driver and exchanged,1.3633049585733563,3,3,0.037037037037037,0.0032644178454842,NG3
cluster_5,insurance details with,1.3483567862808088,5,6,0.0617283950617283,0.0065288356909684,NG3
cluster_5,details with,1.3119827740644046,6,11,0.074074074074074,0.0119695321001088,NG2
cluster_5,exchanged insurance information,1.288035994187018,8,11,0.0987654320987654,0.0119695321001088,NG3
cluster_5,where received estimate,1.288035994187018,8,11,0.0987654320987654,0.0119695321001088,NG3
cluster_5,also exchanged,1.2825517615387845,5,9,0.0617283950617283,0.0097932535364526,NG2
cluster_5,was very,1.2825517615387845,5,9,0.0617283950617283,0.0097932535364526,NG2
cluster_5,accident scene,1.2303537068261634,3,5,0.037037037037037,0.0054406964091403,NG2
cluster_5,claim providing,1.2303537068261634,3,5,0.037037037037037,0.0054406964091403,NG2
cluster_5,slowed down,1.2303537068261634,3,5,0.037037037037037,0.0054406964091403,NG2
cluster_5,car immediately,1.2303537068261634,3,5,0.037037037037037,0.0054406964091403,NG2
cluster_5,car accident,1.2303537068261634,3,5,0.037037037037037,0.0054406964091403,NG2
cluster_5,involved accident,1.2303537068261634,3,5,0.037037037037037,0.0054406964091403,NG2
cluster_5,when vehicle,1.2303537068261634,3,5,0.037037037037037,0.0054406964091403,NG2
cluster_5,for repairs totaling,1.1910675210284294,4,5,0.0493827160493827,0.0054406964091403,NG3
cluster_5,exchanged insurance details,1.1910675210284294,4,5,0.0493827160493827,0.0054406964091403,NG3
cluster_5,received estimate for,1.1614864546332015,7,10,0.0864197530864197,0.0108813928182807,NG3
cluster_5,passenger side,1.1455386426195178,6,12,0.074074074074074,0.0130576713819368,NG2
cluster_5,document the scene,1.0885166941552602,5,7,0.0617283950617283,0.0076169749727965,NG3
cluster_5,later that day,1.0885166941552602,5,7,0.0617283950617283,0.0076169749727965,NG3
cluster_5,swerved into lane,1.0885166941552602,5,7,0.0617283950617283,0.0076169749727965,NG3
cluster_5,were timestamped,1.0430551855270962,4,8,0.0493827160493827,0.0087051142546245,NG2
cluster_5,incident the officer,1.0041692671730815,3,4,0.037037037037037,0.0043525571273122,NG3
cluster_5,with the photos,1.0041692671730815,3,4,0.037037037037037,0.0043525571273122,NG3
cluster_5,when the car,1.0041692671730815,3,4,0.037037037037037,0.0043525571273122,NG3
cluster_5,car after,0.9822577584846824,3,6,0.037037037037037,0.0065288356909684,NG2
cluster_5,our insurance,0.9822577584846824,3,6,0.037037037037037,0.0065288356909684,NG2
