umap_x,umap_y,label_type,topic_id
15.1623125,-5.661881,0,3
14.287345,-6.008828,0,-1
3.244549,1.831085,0,4
-5.339613,-0.38930234,1,5
4.3343964,3.6745605,0,2
1.5516864,17.545525,0,9
14.741627,-4.1055765,0,20
-4.756403,0.30842268,1,0
16.297768,7.852943,0,22
2.5943892,4.143552,0,13
13.596715,-4.962149,0,3
1.1513236,17.419313,0,10
-4.863598,0.37110552,1,0
14.016486,-4.982444,0,21
16.079535,8.84314,0,8
2.0057895,2.5436578,0,11
13.633608,-5.5249553,0,-1
-6.6065493,-0.8549914,1,7
1.1823665,17.609808,0,10
1.0090185,17.645609,0,10
13.682788,-4.5872936,0,1
14.106987,-4.8526516,0,1
16.424234,8.012443,0,19
2.8710437,2.0772352,0,4
-7.662364,-0.9934485,1,7
2.3078444,2.659823,0,17
16.350267,8.448137,0,-1
3.4203625,2.3904028,0,4
14.529329,-4.7560244,0,1
-4.735263,-0.53281605,1,18
-4.5585117,-0.47085452,1,18
-6.8686333,2.115685,1,6
-6.273491,-0.4906754,1,5
15.03434,-5.719721,0,3
-6.9207435,2.032362,1,6
3.3945484,2.6148865,0,4
16.544844,8.045539,0,19
-5.701063,0.6144043,1,0
14.581847,-4.4829416,0,12
1.5076928,17.804077,0,9
-6.872851,2.063969,1,6
15.309122,-5.274021,0,1
2.6046486,4.1249514,0,13
-4.6616397,0.12765895,1,0
13.563723,-4.9165096,0,-1
15.048777,-5.2949185,0,21
16.362648,8.756096,0,8
-5.836615,-0.65980536,1,18
1.4966587,17.596409,0,9
3.440486,1.6944773,0,19
1.2351933,17.865757,0,10
-6.6402683,-0.8443698,1,7
3.2422066,1.8070912,0,8
2.8730788,3.2501366,0,17
1.0453517,17.845053,0,10
15.541225,-5.1061482,0,1
2.9535372,1.9484248,0,4
13.8939495,-5.712384,0,-1
3.432226,1.7037917,0,15
-6.2957826,-0.38971475,1,5
14.956542,-4.0415816,0,20
2.5329223,2.7774217,0,2
1.1577239,17.662811,0,10
17.317272,7.8941374,0,14
1.3818593,17.904842,0,9
14.353221,-5.264431,0,3
-5.141188,0.7112733,1,0
14.60491,-4.615064,0,12
-5.571649,-0.31204653,1,5
1.9863042,2.785929,0,11
15.0694275,-5.1411076,0,1
-6.9136705,2.1283834,1,6
16.26939,8.0564375,0,15
14.422076,-4.3360176,0,23
-6.849564,2.0693944,1,6
14.84437,-5.8292484,0,16
14.4413595,-6.0740204,0,-1
16.645302,7.74435,0,14
15.084758,-4.6161766,0,12
1.1061053,17.48059,0,10
-4.881737,0.49561864,1,0
-4.5438213,-0.23416474,1,5
14.312052,-5.3768363,0,3
14.806754,-5.884144,0,16
16.093077,8.444806,0,-1
1.5723963,17.522104,0,9
17.209225,8.05453,0,14
-5.456251,-0.082950786,1,5
14.94256,-4.020707,0,20
14.101978,-5.7423673,0,-1
-5.977285,-0.5206973,1,5
15.366225,-5.3653893,0,21
2.421957,3.4872801,0,11
15.296399,-5.5387974,0,-1
14.733524,-5.202791,0,21
-5.790305,-0.60677975,1,18
14.36734,-5.5827694,0,3
15.025568,-4.8433614,0,12
2.2111862,2.7067459,0,17
2.6412818,4.122022,0,13
-5.670947,0.60055786,1,0
1.4473853,17.724281,0,9
-6.743614,-0.83134466,1,7
-6.633178,-0.86654526,1,7
-5.6977286,0.5989148,1,0
14.009091,-4.221801,0,23
15.370205,-5.384604,0,21
16.316708,7.861758,0,22
16.45077,8.59747,0,-1
-4.719863,0.24420181,1,0
13.706029,-4.9083476,0,21
15.065858,-4.2122087,0,20
-5.2562685,0.06805258,1,0
13.653685,-4.41143,0,12
14.20523,-4.668449,0,1
14.916812,-4.0993466,0,20
15.187535,-5.4383316,0,21
16.675707,8.138165,0,19
16.368744,7.822935,0,22
14.243346,-4.6537833,0,1
16.482504,8.172574,0,15
15.26225,-5.521307,0,-1
14.540303,-4.3618417,0,23
2.1693678,3.034747,0,11
14.589718,-4.6043954,0,12
3.475856,2.5315237,0,4
-7.1526003,-1.2978638,1,-1
13.932015,-4.740162,0,1
-7.481443,-1.1286889,1,7
1.4237086,17.660639,0,9
16.284266,8.515535,0,-1
16.265549,7.9826636,0,19
-5.875488,-0.62357414,1,18
14.874324,-4.970825,0,1
3.1752815,2.9892437,0,2
3.111986,1.8171003,0,4
14.19074,-5.1503005,0,-1
-6.6510262,-0.5240546,1,5
15.859121,8.526242,0,8
14.979676,-5.4715695,0,3
2.8059719,2.0443468,0,4
16.109879,8.362483,0,-1
-6.293469,-0.6190103,1,18
14.983082,-4.035007,0,20
1.1264739,17.415491,0,10
15.246119,-4.358697,0,23
14.682968,-4.203791,0,23
15.463969,-4.8800497,0,12
-6.7399516,-0.42078334,1,5
14.794477,-4.597073,0,12
13.838574,-4.652557,0,1
-7.364166,-1.1934466,1,7
16.354277,8.372838,0,15
1.1578155,17.382788,0,10
14.403602,-6.059608,0,-1
-5.109741,0.5201291,1,0
15.096103,-5.0583878,0,1
13.717625,-5.3841915,0,16
14.090899,-5.586586,0,16
14.389954,-6.113669,0,-1
-6.673043,1.9557035,1,6
16.529314,7.825705,0,14
-6.7594886,1.8720452,1,6
15.551588,-4.822719,0,12
2.8964968,1.9962838,0,4
-7.3500886,-1.1988554,1,7
3.3874943,1.7018021,0,15
-4.683755,0.16421698,1,0
16.234417,8.684985,0,8
-4.5594254,-0.48058715,1,18
15.329485,-5.0060487,0,1
-6.508025,2.2563279,1,6
-5.757595,-0.5364814,1,5
-5.422045,0.774973,1,0
-5.6008916,0.37424162,1,0
-4.82488,-0.42881033,1,5
14.740175,-4.8370137,0,1
2.241778,2.6023319,0,17
3.2619348,3.2815223,0,2
-5.726504,-0.4747328,1,5
17.384335,7.957258,0,14
2.5563128,4.061604,0,13
17.352383,8.0890255,0,14
14.360569,-5.0239124,0,21
1.9830116,2.9670188,0,13
14.845171,-4.0087047,0,20
14.663069,-5.8701835,0,16
-4.5191483,-0.026693754,1,5
-6.4863877,2.2800078,1,6
3.4487019,2.5927377,0,4
15.2891655,-4.7069364,0,12
17.028215,8.225541,0,22
-5.820142,-0.57815653,1,18
15.4483595,-5.320432,0,1
2.6543553,3.9402933,0,13
-7.2778454,-1.2287629,1,7
13.955469,-4.761388,0,1
2.4545414,2.6812816,0,2
15.233248,-5.1815867,0,1
1.960379,2.5411108,0,11
14.486365,-4.830762,0,1
17.02791,8.075492,0,14
-5.894097,1.02519,1,0
16.981522,8.3564,0,19
-6.7418375,1.97216,1,6
-7.2324147,-1.2878941,1,-1
14.021723,-5.749706,0,-1
4.320805,3.6648858,0,2
-5.606395,0.583276,1,0
17.136017,8.408058,0,19
14.686752,-5.2607503,0,21
-6.4833922,2.0660183,1,6
-4.6693015,-0.36218777,1,5
-5.142533,0.71529794,1,0
1.9550418,2.5666032,0,11
14.780385,-4.824473,0,1
14.582074,-4.5999255,0,12
-5.924586,-0.7122722,1,7
3.5726175,3.0397465,0,2
-4.74512,0.3142482,1,0
16.261927,9.0102415,0,8
-5.310002,-0.5391423,1,18
17.196491,8.435549,0,19
16.376389,7.838225,0,22
-5.192599,0.7628837,1,0
2.4955444,3.3406565,0,11
14.274216,-6.04483,0,-1
13.625296,-4.3917484,0,12
-4.535047,-0.44198576,1,18
2.5072062,2.7422967,0,2
-6.395507,-0.9714423,1,7
-4.58905,0.04841742,1,0
16.421152,8.85747,0,8
2.6747293,2.3941913,0,2
15.017552,-4.037742,0,20
-7.382457,-1.1922141,1,7
13.646097,-4.644208,0,1
1.4317429,17.794538,0,9
-4.6279345,0.0955109,1,0
-6.764632,1.836781,1,6
-4.5183315,0.10228022,1,0
13.571273,-5.3676486,0,16
1.9437044,2.704956,0,11
2.269633,2.7897055,0,17
2.4193223,2.4203722,0,2
14.798661,-5.944426,0,16
14.46334,-4.509998,0,12
14.212501,-4.8389754,0,1
1.020381,17.862616,0,10
17.370335,8.191152,0,14
4.336833,3.6699798,0,2
2.431301,3.7742853,0,13
2.5385756,3.0975637,0,17
14.24767,-5.1663904,0,-1
14.862056,-5.80567,0,16
14.780692,-4.0153546,0,20
2.5419478,2.7052913,0,2
2.2222044,2.5408907,0,17
1.4846095,17.793701,0,9
14.843715,-5.5693407,0,3
-7.4323378,-1.14623,1,7
16.558037,8.237721,0,15
2.0857902,2.6950674,0,11
-4.6478667,-0.04902832,1,5
-5.6634574,-0.49323347,1,5
17.238705,7.950206,0,14
1.3604406,17.638134,0,9
1.251437,17.923832,0,10
16.55386,8.0756035,0,19
-4.7084246,0.29074764,1,0
16.001596,8.827066,0,8
14.934515,-3.9966528,0,20
4.1865788,3.566847,0,2
-4.9522414,0.61459243,1,0
-5.456794,-0.439783,1,5
14.724253,-4.613542,0,12
1.6458594,17.503029,0,9
16.75893,8.673741,0,-1
16.251999,8.997712,0,8
15.790649,8.696482,0,8
14.796039,-4.335872,0,23
-5.242462,-0.28878254,1,5
15.927859,8.291612,0,-1
13.722567,-5.0248923,0,3
15.07754,-5.130304,0,1
1.3517181,17.970488,0,9
-6.599771,-0.82725525,1,7
17.401781,8.218696,0,14
2.3979843,3.045813,0,11
17.179668,8.359332,0,19
-5.673831,-0.37050158,1,5
17.389212,8.069463,0,14
14.682854,-5.1362896,0,21
17.42203,8.13495,0,14
2.8480206,2.0390491,0,4
-7.6172857,-1.0341022,1,7
3.3919811,1.6233114,0,22
-4.895801,0.40999234,1,0
17.32464,7.86192,0,14
13.5479765,-4.8735337,0,21
14.991898,-5.909531,0,16
-5.7499914,-0.5554446,1,18
2.421198,2.7550263,0,17
14.598533,-5.809317,0,16
14.172388,-4.782067,0,1
3.5743585,1.9009012,0,8
-7.660597,-1.026574,1,7
0.9404831,17.779892,0,10
-4.499626,0.030685697,1,0
17.252932,8.352209,0,22
14.24925,-4.2668853,0,23
-4.5018115,-0.34366494,1,5
-5.748574,-0.58928895,1,18
16.270285,8.667989,0,8
14.805857,-4.009414,0,20
14.703526,-4.8718257,0,1
13.615172,-5.212935,0,3
14.95082,-4.8966527,0,1
-7.167848,-1.3277481,1,-1
15.954806,8.698078,0,8
1.5775166,17.511559,0,9
2.7142932,3.9558806,0,11
1.3127978,17.801035,0,9
14.93845,-5.650434,0,3
2.6966047,4.02995,0,13
3.0545418,1.970345,0,4
13.70013,-5.299119,0,3
16.599596,8.4881735,0,15
1.1925843,17.414516,0,10
17.114765,8.501679,0,15
13.72424,-4.721427,0,1
15.936261,8.868489,0,8
1.5048347,17.42335,0,9
3.0429304,1.8761255,0,4
14.645794,-6.0462847,0,-1
16.37553,8.588916,0,-1
3.1134527,1.7719553,0,4
15.527144,-5.0414667,0,12
15.514873,-4.9268055,0,12
4.1357255,3.4877229,0,2
-4.5009,-0.21823232,1,5
-5.2775984,-0.08206059,1,5
16.404247,7.8182683,0,22
-4.965386,0.6307391,1,0
3.4980314,1.756601,0,15
13.8853245,-5.2375407,0,3
3.605883,2.961579,0,2
17.325129,7.899285,0,14
16.063515,8.0682955,0,15
15.084272,-4.055666,0,20
14.071656,-5.663419,0,16
3.0826907,1.773869,0,4
-5.6786995,0.24126332,1,0
1.1747192,17.420786,0,10
15.024685,-5.0848117,0,1
13.870077,-5.6267447,0,-1
-6.543248,2.1452234,1,6
-6.6657333,-0.7527276,1,18
-5.5615788,0.27608156,1,0
14.322496,-6.0840645,0,-1
3.18049,3.4754388,0,2
15.961267,8.8140745,0,8
15.857768,8.771364,0,8
-5.9403343,-0.590582,1,18
14.006655,-4.274619,0,12
-5.048486,0.58710724,1,0
15.495943,-5.251995,0,1
-5.7069407,0.60454607,1,0
16.05365,8.6677265,0,8
17.025827,8.178092,0,22
2.3969839,2.8640301,0,17
3.432449,2.0933092,0,4
-5.4810166,-0.4084271,1,5
15.839603,8.880364,0,4
-4.532124,-0.49984777,1,18
13.878887,-4.946836,0,21
2.27336,2.4877756,0,2
14.754644,-5.97652,0,-1
14.093006,-5.2331495,0,3
-5.034433,0.6425581,1,0
2.3717158,3.2324648,0,11
1.5510682,17.483746,0,9
14.091216,-5.1058598,0,-1
4.0528603,3.5306776,0,2
1.0890247,17.702742,0,10
15.08755,-5.2020545,0,1
2.6129606,4.1171384,0,13
13.613721,-4.354907,0,12
1.5100149,17.784105,0,9
-6.5681696,-0.7453795,1,18
15.98065,8.041932,0,15
16.460672,8.750208,0,8
-7.2027655,-1.3022096,1,-1
16.859493,8.207749,0,19
-6.9033065,2.0943995,1,6
16.959713,8.671871,0,15
14.927251,-4.089604,0,20
15.4392185,-5.4264364,0,21
1.9764028,2.5415797,0,11
15.173967,-5.254313,0,1
14.687198,-6.0259104,0,-1
14.442101,-5.6554165,0,16
-5.322927,-0.15624036,1,5
3.3837552,1.7375207,0,15
-7.6548114,-0.9976455,1,7
14.73002,-4.917413,0,1
17.016432,8.28233,0,19
14.724351,-4.1999044,0,23
14.816086,-5.8999333,0,16
2.3131523,2.5544868,0,2
16.395842,7.8618603,0,22
-7.6055794,-0.9953165,1,7
3.3987236,2.1235232,0,4
1.4189386,17.77113,0,9
2.0662186,3.0500493,0,13
1.4892211,17.550938,0,9
-5.519088,0.16215302,1,0
17.315367,7.896187,0,14
16.258394,7.848572,0,22
15.995386,8.966567,0,4
-6.685932,1.9381326,1,6
2.4033077,3.0912447,0,11
15.908849,8.377571,0,-1
-5.2364087,0.74062264,1,0
2.5478706,4.1378098,0,13
-6.1357565,-0.74793154,1,7
-6.6113667,-0.78607976,1,7
1.1448987,17.424265,0,10
13.603401,-4.4539347,0,1
14.66313,-4.4810123,0,12
14.235964,-5.8406835,0,-1
3.4891272,2.6184824,0,4
-6.076528,-0.819564,1,7
13.988177,-4.356802,0,12
16.916574,8.125794,0,22
15.13634,-5.731474,0,3
-6.4494176,-0.6978443,1,18
2.258425,2.6950862,0,17
3.351698,3.3703632,0,2
-5.263254,-0.32566136,1,5
1.3732696,17.817299,0,9
14.39925,-5.6489205,0,16
-5.799709,0.13679872,1,0
13.882666,-5.6425333,0,-1
13.55726,-5.513939,0,-1
4.126847,3.548158,0,2
-6.654738,1.955455,1,6
14.917958,-5.5825577,0,3
-6.4802165,2.2799654,1,6
-7.5851517,-1.040322,1,7
-7.1022973,-0.93237907,1,7
3.2630432,1.7938541,0,8
15.915154,8.734473,0,8
14.71906,-4.0799127,0,20
-6.537961,-0.7437905,1,18
2.3745646,2.5755053,0,2
2.1689844,3.1757808,0,11
1.0671662,17.365553,0,10
1.2083164,17.853163,0,10
14.287133,-5.466224,0,3
1.909593,2.603341,0,11
-6.6978703,1.9138751,1,6
1.5192063,17.853983,0,9
-4.551026,-0.37554786,1,5
14.43109,-5.38523,0,3
14.697468,-4.972253,0,1
-7.3622417,-1.1964126,1,7
14.056291,-4.588521,0,1
16.22211,7.839308,0,22
2.5427055,2.8938577,0,17
15.153261,-4.2234554,0,20
4.366943,3.6970477,0,2
16.380257,8.605812,0,-1
3.4667351,1.8362519,0,8
17.016455,8.609799,0,15
-7.6027074,-1.0091745,1,7
16.388037,8.123196,0,15
1.4601299,17.529318,0,9
-7.6403823,-1.0136995,1,7
2.3367925,2.5989685,0,2
2.5998912,4.1245055,0,13
13.834005,-5.184229,0,3
-7.336484,-1.2281823,1,7
16.565727,8.098524,0,19
-5.8793793,-0.65785205,1,18
2.400463,3.4583204,0,11
14.766949,-5.996853,0,-1
2.572274,4.1811523,0,13
-6.48742,2.2997322,1,6
14.787914,-5.4224377,0,3
16.127825,8.115946,0,15
14.985531,-5.9092956,0,16
13.742351,-5.223168,0,3
-6.6979394,1.8455981,1,6
3.2769215,1.7939725,0,8
14.129256,-5.309696,0,3
3.3267205,1.8370669,0,8
2.9310596,3.3403633,0,17
-5.915293,-0.07529351,1,5
1.0671937,17.851728,0,10
-6.9701443,2.0862603,1,6
2.2955084,3.1211386,0,11
2.5616786,2.902831,0,17
16.009558,8.68469,0,8
-5.254617,0.71153754,1,0
16.381618,8.177173,0,15
14.081198,-5.737033,0,-1
4.3994064,3.7324126,0,2
-7.614741,-1.0379404,1,7
13.828466,-4.476841,0,12
2.5436792,4.109822,0,13
-7.658869,-0.9987199,1,7
14.709772,-5.827464,0,16
3.464374,1.6762347,0,22
14.498649,-4.6515346,0,12
17.348076,7.892773,0,14
14.56768,-4.609457,0,12
16.959484,8.684309,0,15
-5.485811,-0.5085397,1,5
16.232443,8.492845,0,-1
16.898333,8.623184,0,15
-4.437319,-0.1821927,1,5
15.3666315,-4.592042,0,23
14.505678,-5.46196,0,3
16.400099,8.1101675,0,15
3.4700506,2.6204586,0,4
2.5432563,2.3413832,0,2
2.4069095,3.745346,0,13
1.1356654,17.891033,0,10
2.5875795,2.9608133,0,17
-4.948914,0.56164914,1,0
16.059025,8.070977,0,15
3.475815,2.5402722,0,4
3.1801465,1.8660564,0,4
1.1875896,17.870596,0,10
14.310262,-5.3322263,0,3
-5.741272,0.6245832,1,0
2.3818884,2.949602,0,17
15.351466,-4.3762994,0,23
15.153176,-5.6220093,0,3
2.1480498,2.5783627,0,17
2.0034165,2.5303404,0,11
-7.1554327,-1.318071,1,-1
16.871197,8.570679,0,15
17.18567,7.89212,0,14
-6.492032,2.1124732,1,6
14.182908,-5.716086,0,16
-4.5132256,-0.02756413,1,5
-6.4868393,2.3180516,1,6
-5.175742,-0.25409862,1,5
17.451723,8.097763,0,14
2.449413,2.8994362,0,17
16.396404,8.786562,0,8
2.5865526,3.0012248,0,17
16.434597,8.736217,0,8
13.725012,-5.269138,0,3
2.6665056,2.7578695,0,2
14.003335,-4.694416,0,1
16.526962,8.48625,0,15
16.093609,9.002407,0,4
16.357723,8.373784,0,15
1.0029831,17.494713,0,10
4.1627116,3.554721,0,2
-5.289723,0.7737656,1,0
13.658264,-4.369804,0,12
14.823576,-5.095932,0,1
-5.5655947,0.20097771,1,0
1.167234,17.887964,0,10
4.2984443,3.646031,0,2
14.153607,-5.2582135,0,3
14.163891,-4.63275,0,1
1.4127024,17.929094,0,9
-4.700251,0.28724712,1,0
17.284702,8.1050005,0,14
-5.7908635,-0.73486114,1,7
-6.8170376,1.9948058,1,6
2.2075481,3.1748683,0,11
-5.2985473,0.053011358,1,0
-6.8135853,1.8105218,1,6
0.97797,17.381262,0,10
1.3241025,17.86174,0,9
2.3754385,3.0068033,0,11
-7.517653,-1.1091952,1,7
14.831825,-3.899392,0,20
16.365395,8.336304,0,15
2.4890645,3.6985686,0,13
15.183633,-4.2536435,0,20
2.2807562,3.3326523,0,11
-5.912913,-0.785905,1,7
15.472015,-4.712656,0,12
-6.439069,-0.6747657,1,18
-5.5660424,0.6681477,1,0
1.2995586,17.93791,0,9
13.808872,-5.1080894,0,3
2.3916278,2.6218607,0,2
1.3689044,17.668978,0,9
-5.808716,-0.4998354,1,5
3.40077,2.0645094,0,4
3.3385246,1.8132436,0,8
14.49276,-5.5903044,0,3
14.364076,-5.1494946,0,21
2.9647934,1.9181025,0,4
13.696398,-5.322943,0,3
3.1267862,3.060584,0,2
17.316433,8.302606,0,22
2.565711,4.1206365,0,13
-4.8965893,0.56398964,1,0
-6.3667502,-0.3246779,1,5
1.0839568,17.425974,0,10
4.2806897,3.6217332,0,2
-6.514179,2.2169504,1,6
-5.5418086,0.25316074,1,0
15.396721,-5.088293,0,1
2.1364477,3.098823,0,11
16.424786,7.856373,0,22
2.3243046,2.4055352,0,2
2.5907516,2.9556272,0,17
14.453091,-4.763199,0,1
2.7765882,3.3827705,0,17
13.782948,-4.414045,0,12
3.482251,1.7059833,0,19
14.740358,-4.4067426,0,23
14.53224,-4.5749574,0,12
14.699713,-4.372614,0,23
14.450568,-5.823124,0,16
14.950277,-5.9047804,0,16
-6.62147,-1.0882149,1,7
-6.3484116,-0.5841487,1,5
-4.652677,0.12368856,1,0
15.043525,-5.1791744,0,1
13.52276,-4.9362674,0,3
-5.981126,-0.7706024,1,7
-5.0104704,0.5337431,1,0
2.7772567,3.9273765,0,11
-5.7086306,-0.52872145,1,5
-7.639198,-1.0416894,1,7
13.593003,-5.581069,0,-1
1.1477026,17.745522,0,10
14.780371,-6.0039597,0,-1
1.3793366,17.815758,0,9
14.796542,-4.4432783,0,23
15.883649,8.936434,0,4
15.967991,8.595859,0,8
14.479385,-5.6246605,0,3
16.140638,8.921495,0,8
3.1948485,1.8346839,0,4
4.1240745,3.557889,0,2
-6.8597403,-0.9083679,1,7
16.156052,7.951402,0,19
-4.6132727,-0.17140493,1,5
2.120743,2.6212137,0,17
16.172613,7.9067574,0,19
16.319643,7.826228,0,22
-4.885607,0.48372418,1,0
16.754084,8.708516,0,-1
13.466018,-5.095621,0,3
-6.534265,2.083618,1,6
13.554648,-5.0479546,0,3
2.5873785,4.085347,0,13
4.342984,3.6882915,0,2
17.030096,8.2451725,0,22
-5.0178185,0.52266854,1,0
0.98596907,17.47185,0,10
-5.809242,-0.65119064,1,18
2.6060326,4.1213193,0,13
-5.5814266,0.32485273,1,0
14.626109,-4.330633,0,23
16.081795,8.73009,0,8
4.3193927,3.6431618,0,2
-7.590718,-1.0312781,1,7
2.616251,4.167567,0,13
2.5981452,2.5161777,0,2
-7.539607,-1.0799462,1,7
16.081083,7.8794746,0,19
17.00569,8.326375,0,19
-4.9056945,0.5892825,1,0
16.757769,7.935109,1,14
14.650102,-4.367178,0,23
-6.6100984,-0.8123471,1,7
14.639223,-5.192458,0,21
3.27811,1.854909,0,4
14.543927,-4.127957,0,23
16.171247,7.9193664,0,19
-4.6110377,-0.31185326,1,5
2.0763261,2.6660142,0,11
14.158246,-4.8245354,0,1
16.297039,8.990539,0,8
-6.6018853,1.9366525,1,6
17.458242,8.120516,0,14
16.377123,8.95892,0,8
13.6509,-4.8305154,0,21
1.9958959,2.8771071,0,11
2.367837,3.5217214,0,13
15.763555,8.912581,0,4
2.6506782,4.0555406,0,13
14.081346,-4.9232407,0,21
-6.934587,2.1786027,1,6
14.578078,-5.52518,0,3
2.1698158,3.217233,0,13
14.241523,-4.8645835,0,1
-6.93856,1.9921162,1,6
14.314713,-4.797526,0,1
2.1728847,2.5015283,0,17
1.1260874,17.517303,0,10
-5.013076,0.6965269,1,0
-6.732587,1.8502288,1,6
4.3434615,3.6791644,0,2
14.527764,-5.341177,0,3
-7.2371387,-1.2994729,1,-1
2.2550964,3.2211144,0,11
17.368614,7.933926,0,14
2.0246398,2.6576672,0,11
-5.835233,-0.7140581,1,7
14.85681,-4.15595,0,20
1.5336592,17.545628,0,9
-4.5474052,-0.24494337,1,5
2.4531343,2.3701823,0,2
-5.5801797,0.48293966,1,0
3.1718764,3.0142047,0,2
13.779487,-4.690311,0,1
3.5691714,2.983624,0,2
3.4374673,2.5712826,0,4
16.267384,9.040757,0,8
14.457553,-5.0067806,0,1
-6.0170956,-0.7767529,1,7
17.47572,8.100559,0,14
-6.9496484,2.0621924,1,6
14.5768385,-4.04112,0,20
15.958777,8.179157,0,15
-5.60371,-0.37990814,1,5
13.706987,-4.705652,0,1
14.115473,-4.090961,0,23
1.9560747,2.8971443,0,13
-5.760938,-0.57496667,1,18
-4.7913003,0.436483,1,0
-6.78547,2.0316005,1,6
3.362556,1.719946,0,15
3.327212,3.2801292,0,2
-4.7187243,0.4466823,1,0
13.5650215,-5.519641,0,-1
15.951526,8.266395,0,-1
-4.957752,0.586448,1,0
16.033865,9.017938,0,4
15.092402,-4.094506,0,20
-5.2451797,-0.25325704,1,5
16.054277,8.8162155,0,8
15.811558,8.88849,0,4
1.1186662,17.926762,0,10
14.84936,-4.5694137,0,12
14.929795,-5.163452,0,1
1.0595019,17.478601,0,10
-6.043252,-0.5944511,1,18
-6.1260486,-0.6802611,1,18
1.2178576,17.959856,0,10
17.16681,8.427269,0,19
0.9924486,17.804533,0,10
14.4965725,-6.03776,0,-1
15.98492,8.81665,0,8
17.30235,8.10691,0,14
16.423716,7.7553153,0,14
14.480462,-4.7401266,0,1
1.4882941,17.711227,0,9
2.6806045,3.9588487,0,13
15.282726,-4.9449472,0,12
14.184395,-5.369802,0,3
13.98873,-5.970071,0,-1
14.221539,-4.608243,0,12
15.122175,-5.681988,0,3
17.13956,8.472662,0,15
4.2235446,3.6051142,0,2
-6.3815074,-0.5977602,1,5
2.18207,2.4658275,0,17
15.40373,-4.4699945,0,23
-6.6698513,2.0274248,1,6
14.981486,-5.8289833,0,3
2.6389015,4.1329455,0,13
13.719552,-5.236349,0,3
14.864368,-4.011476,0,20
-5.550634,0.18764327,1,0
-4.8056526,0.5381306,1,0
-6.7117863,-1.1191534,1,7
14.743861,-4.102984,0,20
2.272108,2.6084907,0,17
4.281947,3.6386187,0,2
14.897038,-5.912974,0,16
-4.4796085,0.04306161,1,0
3.4915376,2.5416658,0,4
-4.5823507,-0.47489962,1,18
1.5767668,17.390814,0,9
-6.740851,2.2685034,1,6
14.097688,-5.6738644,0,16
16.123514,8.7425375,0,8
-6.750115,1.9201248,1,6
14.75466,-5.2400146,0,21
-4.622231,-0.4315516,1,5
15.918072,8.311728,0,-1
3.4444509,2.5390859,0,4
-5.7833023,-0.59383607,1,18
16.872644,8.259361,0,19
2.291093,3.2458556,0,11
17.48047,8.12152,0,14
1.8760574,2.837796,0,13
-6.832541,-0.62853473,1,5
-5.710764,0.55196387,1,0
13.980581,-5.4843936,0,16
2.3044484,2.374668,0,2
14.280379,-4.7153406,0,1
-7.1913323,-1.3212264,1,-1
15.418562,-4.643649,0,23
2.205619,2.5024877,0,17
2.3877637,3.9575331,0,13
2.788492,3.38847,0,17
15.519314,-5.0200286,0,12
-6.603047,1.6106848,1,6
3.0020602,1.9840894,0,4
-7.633335,-1.0405998,1,7
2.0217688,2.763379,0,11
14.511062,-4.983211,0,1
2.4220798,2.7721162,0,17
16.034695,8.04839,0,15
3.5016763,1.7106698,0,19
1.1546916,17.476402,0,10
-5.9630904,-0.79479223,1,7
-4.903923,0.40091932,1,0
-5.5579305,0.092025705,1,0
2.3519125,3.438388,0,11
14.712335,-4.9009695,0,1
2.4818454,3.986273,0,13
15.129427,-5.1729727,0,1
1.3662043,17.956043,0,9
13.8080435,-5.4090285,0,16
14.711393,-5.674389,0,3
15.322595,-4.562286,0,23
-6.5016365,2.2226408,1,6
15.201669,-5.549978,0,3
16.381178,8.943674,0,8
15.407678,-5.2874007,0,1
17.205355,7.8328037,0,14
2.5612133,2.8907018,0,17
-5.504025,0.21964388,1,0
2.2365048,2.4600663,0,2
16.1952,7.955721,0,19
2.7444623,3.9685109,0,11
16.370155,8.531838,0,-1
14.705079,-5.995268,0,-1
16.385876,8.98432,0,8
16.177843,8.093982,0,15
1.4804844,17.8286,0,9
14.466539,-5.388452,0,3
3.2678378,1.819618,0,8
1.1009498,17.34354,0,10
14.709836,-5.681569,0,3
16.775265,8.064372,0,22
2.569928,4.11935,0,13
2.8305848,2.0483325,0,4
-5.736604,0.5811272,1,0
-4.787984,0.34062314,1,0
-6.657959,1.882969,1,6
-6.7633853,1.8187324,1,6
3.0290291,1.9055572,0,4
14.229267,-5.5121837,0,3
1.5774593,17.498304,0,9
1.3355498,17.507584,0,9
4.193023,3.5336204,0,2
4.3781276,3.7025242,0,2
4.1283374,3.519275,0,2
-5.0667295,0.64579296,1,0
1.1816407,17.474794,0,10
13.55923,-5.003156,0,3
-4.821635,0.3489159,1,0
2.8559613,2.0137746,0,4
1.0748135,17.57506,0,10
15.497833,-4.7309203,0,12
14.132514,-5.6982646,0,16
16.330517,8.665023,0,8
2.0832913,2.8569908,0,11
0.9114654,17.760468,0,10
1.5380206,17.635075,0,9
-5.32088,-0.39746895,1,5
16.172844,8.583429,0,8
15.9043255,8.951449,0,4
-6.4879313,2.2967927,1,6
-4.754235,0.40924206,1,0
15.918977,8.9555435,0,4
2.2979898,3.1769087,0,11
4.334938,3.6759617,0,2
14.83018,-5.2917542,0,21
-4.519608,0.0689746,1,0
16.042896,8.529536,0,8
-6.507789,2.2557003,1,6
-7.2084413,-1.2940443,1,-1
14.711241,-5.245687,0,21
1.1469008,17.870106,0,10
-5.683044,0.46225592,1,0
15.070079,-5.8546805,0,3
2.7141583,2.0920293,0,4
14.886519,-5.34654,0,21
14.292954,-5.48347,0,3
15.173947,-5.458834,0,21
14.749897,-4.9040504,0,1
15.466753,-5.2151766,0,1
1.3760735,17.569935,0,9
1.2869912,17.50653,0,9
1.3408911,17.987091,0,9
-4.4970956,-0.27559862,1,5
14.760882,-5.8068585,0,16
-4.5381465,-0.3103332,1,5
17.492573,8.116068,0,14
2.573387,4.1664324,0,13
17.425728,8.159207,0,14
-6.503776,2.32174,1,6
-4.5487423,-0.45980012,1,18
4.2908025,3.6231894,0,2
-4.667111,-0.12057157,1,5
15.403706,-5.236633,0,1
1.2453691,17.957087,0,10
4.359793,3.6933692,0,2
3.06612,2.05567,0,4
16.341208,7.8084593,0,22
-6.469155,1.9570687,1,6
14.772571,-4.9869633,0,1
1.4166749,17.8303,0,9
15.578057,-4.7767315,0,12
2.704963,2.0703402,0,4
16.280727,8.849624,0,8
2.145209,3.0337102,0,11
17.209871,7.9543037,0,14
2.1030865,2.772805,0,11
2.596032,4.1562386,0,13
3.2336562,2.0404282,0,4
14.089877,-5.4743576,0,3
1.5298924,17.699255,0,9
-6.902808,2.1246812,1,6
14.202181,-5.7486725,0,-1
17.426338,8.070767,0,14
15.521075,-4.85459,0,12
0.96778256,17.663628,0,10
2.3826125,2.417159,0,2
4.254034,3.6067178,0,2
14.110113,-5.639157,0,16
-5.8595295,-0.5652013,1,18
3.4737391,2.5869045,0,4
13.555628,-5.117138,0,3
13.962757,-5.3566566,0,3
13.885505,-5.8165507,0,-1
-7.605254,-1.0247282,1,7
1.626207,17.491602,0,9
17.208946,7.9886274,0,14
14.263472,-5.98685,0,-1
16.990767,8.4401865,0,15
2.5171773,4.2014437,0,13
1.3707199,17.942791,0,9
14.687612,-6.039041,0,-1
2.8339303,2.030482,0,4
14.807671,-5.931862,0,16
2.2045527,2.5010903,0,17
14.96954,-5.164738,0,1
-4.9369726,0.7012006,1,0
14.76119,-5.949696,0,16
14.894287,-5.4129057,0,-1
15.108478,-5.1859736,0,1
-5.6606727,0.6250369,1,0
13.687047,-5.3434014,0,16
-4.9103327,0.6364182,1,0
-6.368599,-0.5380446,1,5
1.9863026,2.9811788,0,13
17.156614,8.45371,0,19
14.801897,-5.6693397,0,3
2.22353,2.4650955,0,2
1.0080901,17.344902,0,10
2.8437495,3.1635458,0,2
14.691348,-4.7205296,0,12
15.984659,8.955304,0,4
16.63795,7.730114,0,14
14.292138,-5.661658,0,16
13.566453,-5.0531583,0,3
-4.975254,0.5985439,1,0
15.827019,8.473715,0,8
14.635535,-4.041879,0,20
1.3089391,17.398508,0,9
15.890317,8.332036,0,-1
2.0993485,3.0706255,0,11
-7.4149113,-1.1906347,1,7
17.090424,8.406663,0,19
2.5608175,4.1741447,0,13
-4.6180763,0.115395576,1,0
14.132965,-4.7937145,0,1
3.4941218,1.6783434,0,22
3.3767335,2.011681,0,4
15.901527,8.817218,0,8
13.570484,-4.509681,0,1
-5.6548853,0.51974535,1,0
14.251174,-6.0914245,0,-1
13.9864645,-4.386092,0,12
14.684942,-4.106638,0,20
4.126394,3.5164878,0,2
1.5487567,17.334473,0,9
-6.4781356,2.277573,1,6
1.0303062,17.840805,0,10
3.3505812,1.7641687,0,-1
