bank_account,claim_date,claim_id,claim_location,insurer_address,insurer_email,insurer_id,insurer_license_plate,insurer_name,insurer_phone_number,repair_shop,type_of_claim,third_party_license_plate,fraud,bank_account_used_to_connect_claims,betweenness_centrality,claim_location_used_to_connect_claims,closeness_centrality,component_size,connections_info,degree_centrality,insurer_address_used_to_connect_claims,insurer_email_used_to_connect_claims,insurer_license_plate_used_to_connect_claims,insurer_phone_number_used_to_connect_claims,repair_shop_used_to_connect_claims,third_party_license_plate_used_to_connect_claims,unique_bank_accounts_in_component,unique_claim_locations_in_component,unique_insurer_addresss_in_component,unique_insurer_emails_in_component,unique_insurer_license_plates_in_component,unique_insurer_phone_numbers_in_component,unique_repair_shops_in_component,unique_third_party_license_plates_in_component
ES31320114,2024-06-27,90a7e45b,Zone_68,18 Avenida Central,insured_82@mail.com,ef691dd6,FH5939,Insured_82,600904155,repair_39,injury,,1,0,0.0,0,0.0,1,[],1.0,0,0,0,0,0,0,1,1,1,1,1,1,1,0
ES87084490,2024-06-28,3dbeee40,Zone_12,5 Avenida Central,insured_81@mail.com,98bddb58,II2118,Insured_81,600904155,repair_2,injury,,1,0,0.0,0,1.0,3,"[{""connected_to"": ""90a7e45b"", ""via"": ""insurer_phone_number"", ""value"": 600904155}, {""connected_to"": ""c06aa294"", ""via"": ""insurer_phone_number"", ""value"": 600904155}]",1.0,0,0,0,1,0,0,3,3,3,3,3,1,3,1
ES29088754,2024-06-28,c06aa294,Zone_55,10 Avenida Central,insured_95@mail.com,de264d0b,GH9194,Insured_95,600904155,repair_32,injury,OH7336,1,0,0.0,0,1.0,3,"[{""connected_to"": ""90a7e45b"", ""via"": ""insurer_phone_number"", ""value"": 600904155}, {""connected_to"": ""3dbeee40"", ""via"": ""insurer_phone_number"", ""value"": 600904155}]",1.0,0,0,0,1,0,0,3,3,3,3,3,1,3,1
ES42901579,2024-06-29,a2cef4f7,Zone_55,23 Avenida Central,insured_183@mail.com,be85e54f,JD4259,Insured_183,600446081,repair_35,injury,JJ4027,1,0,0.0,1,0.6,4,"[{""connected_to"": ""c06aa294"", ""via"": ""claim_location"", ""value"": ""Zone_55""}]",0.3333333333333333,0,0,0,1,0,0,4,3,4,4,4,2,4,2
ES67781085,2024-06-30,b40777f6,Zone_40,15 Avenida Central,insured_143@mail.com,d33cf3b9,EL1845,Insured_143,600189326,repair_30,collision,II2118,1,0,0.0,0,0.0,1,[],1.0,0,0,0,0,0,0,1,1,1,1,1,1,1,1
ES71007570,2024-07-01,4f111138,Zone_59,27 Avenida Central,insured_70@mail.com,0dcaa02a,KC8145,Insured_70,600826184,repair_38,injury,AM2048,0,0,0.0,0,0.0,1,[],1.0,0,0,0,0,0,0,1,1,1,1,1,1,1,1
ES54532647,2024-07-01,dbfb58bf,Zone_68,28 Avenida Central,insured_7@mail.com,4c26df1f,NJ5036,Insured_7,600335293,repair_33,collision,PD7111,0,0,0.0,2,0.5,5,"[{""connected_to"": ""90a7e45b"", ""via"": ""claim_location"", ""value"": ""Zone_68""}]",0.25,0,0,0,1,0,0,5,3,5,5,5,3,5,3
ES67429369,2024-07-02,b08e7bfd,Zone_74,23 Avenida Central,insured_94@mail.com,29ebafbf,DE3658,Insured_94,600432795,repair_12,collision,,1,0,0.0,2,0.38461538461538464,6,"[{""connected_to"": ""a2cef4f7"", ""via"": ""insurer_address"", ""value"": ""23 Avenida Central""}]",0.2,1,0,0,1,0,0,6,4,5,6,6,4,6,3
ES95330972,2024-07-03,48734acd,Zone_4,16 Avenida Central,insured_160@mail.com,1b221d9e,KB3576,Insured_160,600335293,repair_13,injury,,1,2,0.2222222222222222,2,0.391304347826087,10,"[{""connected_to"": ""dbfb58bf"", ""via"": ""insurer_phone_number"", ""value"": 600335293}, {""connected_to"": ""1028b1e7"", ""via"": ""repair_shop"", ""value"": ""repair_13""}]",0.2222222222222222,1,0,0,3,1,0,8,8,9,10,10,6,9,3
ES54532647,2024-07-03,a4b96898,Zone_78,36 Avenida Central,insured_27@mail.com,f182a826,CL9466,Insured_27,600446081,repair_27,injury,,1,2,0.16666666666666666,2,0.45,10,"[{""connected_to"": ""a2cef4f7"", ""via"": ""insurer_phone_number"", ""value"": 600446081}, {""connected_to"": ""dbfb58bf"", ""via"": ""bank_account"", ""value"": ""ES54532647""}]",0.2222222222222222,1,0,0,3,1,0,8,8,9,10,10,6,9,3
ES82859036,2024-07-03,1028b1e7,Zone_20,20 Avenida Central,insured_77@mail.com,30cb6352,HJ6341,Insured_77,600596153,repair_13,collision,,1,2,0.0,2,0.2903225806451613,10,"[{""connected_to"": ""48734acd"", ""via"": ""repair_shop"", ""value"": ""repair_13""}]",0.1111111111111111,1,0,0,3,1,0,8,8,9,10,10,6,9,3
ES42953246,2024-07-03,d8033cc3,Zone_16,39 Avenida Central,insured_118@mail.com,dabdc7f6,LC4785,Insured_118,600664650,repair_31,injury,,1,0,0.0,0,0.0,1,[],1.0,0,0,0,0,0,0,1,1,1,1,1,1,1,0
ES87084490,2024-07-03,dbb83833,Zone_64,31 Avenida Central,insured_101@mail.com,3f6906a8,EJ2984,Insured_101,600997261,repair_28,injury,,1,2,0.0,2,0.32142857142857145,10,"[{""connected_to"": ""3dbeee40"", ""via"": ""bank_account"", ""value"": ""ES87084490""}]",0.1111111111111111,1,0,0,3,1,0,8,8,9,10,10,6,9,3
ES54795355,2024-07-04,ab824ba6,Zone_35,12 Avenida Central,insured_10@mail.com,63a52e08,PD7111,Insured_10,600335293,repair_33,collision,OO4562,1,2,0.0,3,0.4375,15,"[{""connected_to"": ""dbfb58bf"", ""via"": ""insurer_phone_number"", ""value"": 600335293}, {""connected_to"": ""48734acd"", ""via"": ""insurer_phone_number"", ""value"": 600335293}, {""connected_to"": ""a25a1ebb"", ""via"": ""insurer_phone_number"", ""value"": 600335293}]",0.21428571428571427,1,0,1,3,2,0,12,12,13,15,14,9,12,8
ES87084490,2024-07-04,a25a1ebb,Zone_32,12 Avenida Central,insured_108@mail.com,4dfef435,DG3242,Insured_108,600335293,repair_38,collision,KD4732,1,2,0.28571428571428575,3,0.5,15,"[{""connected_to"": ""3dbeee40"", ""via"": ""bank_account"", ""value"": ""ES87084490""}, {""connected_to"": ""4f111138"", ""via"": ""repair_shop"", ""value"": ""repair_38""}, {""connected_to"": ""dbfb58bf"", ""via"": ""insurer_phone_number"", ""value"": 600335293}, {""connected_to"": ""48734acd"", ""via"": ""insurer_phone_number"", ""value"": 600335293}, {""connected_to"": ""dbb83833"", ""via"": ""bank_account"", ""value"": ""ES87084490""}, {""connected_to"": ""ab824ba6"", ""via"": ""insurer_phone_number"", ""value"": 600335293}]",0.42857142857142855,1,0,1,3,2,0,12,12,13,15,14,9,12,8
ES73593231,2024-07-04,b9d5e6dc,Zone_78,38 Avenida Central,insured_75@mail.com,f2fe42ad,EL1845,Insured_75,600621704,repair_7,collision,FA6037,1,2,0.14285714285714288,3,0.35,15,"[{""connected_to"": ""b40777f6"", ""via"": ""insurer_license_plate"", ""value"": ""EL1845""}, {""connected_to"": ""a4b96898"", ""via"": ""claim_location"", ""value"": ""Zone_78""}]",0.14285714285714285,1,0,1,3,2,0,12,12,13,15,14,9,12,8
ES42953246,2024-07-06,4c287ede,Zone_12,18 Avenida Central,insured_84@mail.com,6551d2fd,EF7402,Insured_84,600596153,repair_11,collision,AF6232,1,5,0.0632448040944773,5,0.4444444444444444,29,"[{""connected_to"": ""90a7e45b"", ""via"": ""insurer_address"", ""value"": ""18 Avenida Central""}, {""connected_to"": ""3dbeee40"", ""via"": ""claim_location"", ""value"": ""Zone_12""}, {""connected_to"": ""1028b1e7"", ""via"": ""insurer_phone_number"", ""value"": 600596153}, {""connected_to"": ""d8033cc3"", ""via"": ""bank_account"", ""value"": ""ES42953246""}, {""connected_to"": ""7c9666a8"", ""via"": ""insurer_address"", ""value"": ""18 Avenida Central""}]",0.17857142857142855,5,0,1,9,6,0,16,22,20,29,28,14,21,15
ES82859036,2024-07-06,9849c843,Zone_2,33 Avenida Central,insured_112@mail.com,da5b8abb,IO5099,Insured_112,600446081,repair_5,injury,,0,5,0.022845804988662132,5,0.45161290322580644,29,"[{""connected_to"": ""a2cef4f7"", ""via"": ""insurer_phone_number"", ""value"": 600446081}, {""connected_to"": ""a4b96898"", ""via"": ""insurer_phone_number"", ""value"": 600446081}, {""connected_to"": ""1028b1e7"", ""via"": ""bank_account"", ""value"": ""ES82859036""}, {""connected_to"": ""7c9666a8"", ""via"": ""bank_account"", ""value"": ""ES82859036""}, {""connected_to"": ""5adc9a25"", ""via"": ""bank_account"", ""value"": ""ES82859036""}, {""connected_to"": ""f28e3ec7"", ""via"": ""insurer_phone_number"", ""value"": 600446081}]",0.21428571428571427,5,0,1,9,6,0,16,22,20,29,28,14,21,15
ES87084490,2024-07-06,fc2f929f,Zone_25,32 Avenida Central,insured_100@mail.com,e60e4927,MH3801,Insured_100,600379103,repair_30,collision,ON9677,1,5,0.04446963970773494,5,0.4375,29,"[{""connected_to"": ""3dbeee40"", ""via"": ""bank_account"", ""value"": ""ES87084490""}, {""connected_to"": ""b40777f6"", ""via"": ""repair_shop"", ""value"": ""repair_30""}, {""connected_to"": ""dbb83833"", ""via"": ""bank_account"", ""value"": ""ES87084490""}, {""connected_to"": ""a25a1ebb"", ""via"": ""bank_account"", ""value"": ""ES87084490""}, {""connected_to"": ""2db8cd46"", ""via"": ""bank_account"", ""value"": ""ES87084490""}]",0.17857142857142855,5,0,1,9,6,0,16,22,20,29,28,14,21,15
ES82859036,2024-07-06,7c9666a8,Zone_45,18 Avenida Central,insured_90@mail.com,a5c732d5,EI7604,Insured_90,600354258,repair_21,injury,CD9479,1,5,0.05603969983054951,5,0.5,29,"[{""connected_to"": ""90a7e45b"", ""via"": ""insurer_address"", ""value"": ""18 Avenida Central""}, {""connected_to"": ""1028b1e7"", ""via"": ""bank_account"", ""value"": ""ES82859036""}, {""connected_to"": ""4c287ede"", ""via"": ""insurer_address"", ""value"": ""18 Avenida Central""}, {""connected_to"": ""9849c843"", ""via"": ""bank_account"", ""value"": ""ES82859036""}, {""connected_to"": ""5adc9a25"", ""via"": ""bank_account"", ""value"": ""ES82859036""}, {""connected_to"": ""51ef5249"", ""via"": ""claim_location"", ""value"": ""Zone_45""}, {""connected_to"": ""f28e3ec7"", ""via"": ""bank_account"", ""value"": ""ES82859036""}]",0.25,5,0,1,9,6,0,16,22,20,29,28,14,21,15
ES87084490,2024-07-06,2db8cd46,Zone_46,5 Avenida Central,insured_85@mail.com,e9595109,PC6530,Insured_85,600621704,repair_16,injury,,1,5,0.04180808125719423,5,0.45901639344262296,29,"[{""connected_to"": ""3dbeee40"", ""via"": ""insurer_address"", ""value"": ""5 Avenida Central""}, {""connected_to"": ""dbb83833"", ""via"": ""bank_account"", ""value"": ""ES87084490""}, {""connected_to"": ""a25a1ebb"", ""via"": ""bank_account"", ""value"": ""ES87084490""}, {""connected_to"": ""b9d5e6dc"", ""via"": ""insurer_phone_number"", ""value"": 600621704}, {""connected_to"": ""fc2f929f"", ""via"": ""bank_account"", ""value"": ""ES87084490""}, {""connected_to"": ""51ef5249"", ""via"": ""insurer_address"", ""value"": ""5 Avenida Central""}]",0.21428571428571427,5,0,1,9,6,0,16,22,20,29,28,14,21,15
ES14234477,2024-07-06,4cb83c72,Zone_13,34 Avenida Central,insured_41@mail.com,04e2d329,LP4677,Insured_41,600809302,repair_25,injury,,1,5,0.014035861258083478,5,0.3684210526315789,29,"[{""connected_to"": ""5adc9a25"", ""via"": ""insurer_phone_number"", ""value"": 600809302}, {""connected_to"": ""1b005a35"", ""via"": ""insurer_address"", ""value"": ""34 Avenida Central""}]",0.07142857142857142,5,0,1,9,6,0,16,22,20,29,28,14,21,15
ES82859036,2024-07-06,5adc9a25,Zone_50,16 Avenida Central,insured_137@mail.com,36485da9,BH5441,Insured_137,600809302,repair_32,injury,,1,5,0.08921482173116159,5,0.49122807017543857,29,"[{""connected_to"": ""c06aa294"", ""via"": ""repair_shop"", ""value"": ""repair_32""}, {""connected_to"": ""48734acd"", ""via"": ""insurer_address"", ""value"": ""16 Avenida Central""}, {""connected_to"": ""1028b1e7"", ""via"": ""bank_account"", ""value"": ""ES82859036""}, {""connected_to"": ""9849c843"", ""via"": ""bank_account"", ""value"": ""ES82859036""}, {""connected_to"": ""7c9666a8"", ""via"": ""bank_account"", ""value"": ""ES82859036""}, {""connected_to"": ""4cb83c72"", ""via"": ""insurer_phone_number"", ""value"": 600809302}, {""connected_to"": ""f28e3ec7"", ""via"": ""bank_account"", ""value"": ""ES82859036""}]",0.25,5,0,1,9,6,0,16,22,20,29,28,14,21,15
ES38273233,2024-07-06,51ef5249,Zone_45,5 Avenida Central,insured_197@mail.com,9d479405,PA7291,Insured_197,600335293,repair_23,collision,CF3049,1,5,0.055581491856001655,5,0.4827586206896552,29,"[{""connected_to"": ""3dbeee40"", ""via"": ""insurer_address"", ""value"": ""5 Avenida Central""}, {""connected_to"": ""dbfb58bf"", ""via"": ""insurer_phone_number"", ""value"": 600335293}, {""connected_to"": ""48734acd"", ""via"": ""insurer_phone_number"", ""value"": 600335293}, {""connected_to"": ""ab824ba6"", ""via"": ""insurer_phone_number"", ""value"": 600335293}, {""connected_to"": ""a25a1ebb"", ""via"": ""insurer_phone_number"", ""value"": 600335293}, {""connected_to"": ""7c9666a8"", ""via"": ""claim_location"", ""value"": ""Zone_45""}, {""connected_to"": ""2db8cd46"", ""via"": ""insurer_address"", ""value"": ""5 Avenida Central""}, {""connected_to"": ""7634221b"", ""via"": ""repair_shop"", ""value"": ""repair_23""}]",0.2857142857142857,5,0,1,9,6,0,16,22,20,29,28,14,21,15
ES54532647,2024-07-06,7634221b,Zone_9,31 Avenida Central,insured_150@mail.com,4503da1b,OD8760,Insured_150,600997261,repair_23,injury,,1,5,0.015638107094689727,5,0.417910447761194,29,"[{""connected_to"": ""dbfb58bf"", ""via"": ""bank_account"", ""value"": ""ES54532647""}, {""connected_to"": ""a4b96898"", ""via"": ""bank_account"", ""value"": ""ES54532647""}, {""connected_to"": ""dbb83833"", ""via"": ""insurer_phone_number"", ""value"": 600997261}, {""connected_to"": ""51ef5249"", ""via"": ""repair_shop"", ""value"": ""repair_23""}]",0.14285714285714285,5,0,1,9,6,0,16,22,20,29,28,14,21,15
ES67781085,2024-07-06,1b005a35,Zone_8,34 Avenida Central,insured_34@mail.com,34cd82c2,BB6528,Insured_34,600664650,repair_0,collision,JK4959,1,5,0.03987150415721844,5,0.3783783783783784,29,"[{""connected_to"": ""b40777f6"", ""via"": ""bank_account"", ""value"": ""ES67781085""}, {""connected_to"": ""d8033cc3"", ""via"": ""insurer_phone_number"", ""value"": 600664650}, {""connected_to"": ""4cb83c72"", ""via"": ""insurer_address"", ""value"": ""34 Avenida Central""}, {""connected_to"": ""5d452b93"", ""via"": ""bank_account"", ""value"": ""ES67781085""}]",0.14285714285714285,5,0,1,9,6,0,16,22,20,29,28,14,21,15
ES51016557,2024-07-06,7efe7072,Zone_63,8 Avenida Central,insured_12@mail.com,c13629c6,KA2644,Insured_12,600768374,repair_7,collision,CE9713,1,5,0.005599647266313933,5,0.4,29,"[{""connected_to"": ""b9d5e6dc"", ""via"": ""repair_shop"", ""value"": ""repair_7""}, {""connected_to"": ""f28e3ec7"", ""via"": ""repair_shop"", ""value"": ""repair_7""}, {""connected_to"": ""5d452b93"", ""via"": ""insurer_phone_number"", ""value"": 600768374}]",0.10714285714285714,5,0,1,9,6,0,16,22,20,29,28,14,21,15
ES82859036,2024-07-06,f28e3ec7,Zone_63,19 Avenida Central,insured_6@mail.com,0c507ded,MK1939,Insured_6,600446081,repair_7,injury,IB6158,1,5,0.08126361655773419,5,0.49122807017543857,29,"[{""connected_to"": ""a2cef4f7"", ""via"": ""insurer_phone_number"", ""value"": 600446081}, {""connected_to"": ""a4b96898"", ""via"": ""insurer_phone_number"", ""value"": 600446081}, {""connected_to"": ""1028b1e7"", ""via"": ""bank_account"", ""value"": ""ES82859036""}, {""connected_to"": ""b9d5e6dc"", ""via"": ""repair_shop"", ""value"": ""repair_7""}, {""connected_to"": ""9849c843"", ""via"": ""insurer_phone_number"", ""value"": 600446081}, {""connected_to"": ""7c9666a8"", ""via"": ""bank_account"", ""value"": ""ES82859036""}, {""connected_to"": ""5adc9a25"", ""via"": ""bank_account"", ""value"": ""ES82859036""}, {""connected_to"": ""7efe7072"", ""via"": ""repair_shop"", ""value"": ""repair_7""}]",0.2857142857142857,5,0,1,9,6,0,16,22,20,29,28,14,21,15
ES67781085,2024-07-06,5d452b93,Zone_55,17 Avenida Central,insured_32@mail.com,aecb804a,KF7403,Insured_32,600768374,repair_14,injury,,1,5,0.055501212830811324,5,0.4307692307692308,29,"[{""connected_to"": ""c06aa294"", ""via"": ""claim_location"", ""value"": ""Zone_55""}, {""connected_to"": ""a2cef4f7"", ""via"": ""claim_location"", ""value"": ""Zone_55""}, {""connected_to"": ""b40777f6"", ""via"": ""bank_account"", ""value"": ""ES67781085""}, {""connected_to"": ""1b005a35"", ""via"": ""bank_account"", ""value"": ""ES67781085""}, {""connected_to"": ""7efe7072"", ""via"": ""insurer_phone_number"", ""value"": 600768374}]",0.17857142857142855,5,0,1,9,6,0,16,22,20,29,28,14,21,15
ES14234477,2024-07-07,c9504603,Zone_3,33 Avenida Central,insured_199@mail.com,72260eeb,OP7452,Insured_199,600621704,repair_33,collision,,1,10,0.04778945612278946,8,0.5,38,"[{""connected_to"": ""dbfb58bf"", ""via"": ""repair_shop"", ""value"": ""repair_33""}, {""connected_to"": ""ab824ba6"", ""via"": ""repair_shop"", ""value"": ""repair_33""}, {""connected_to"": ""b9d5e6dc"", ""via"": ""insurer_phone_number"", ""value"": 600621704}, {""connected_to"": ""9849c843"", ""via"": ""insurer_address"", ""value"": ""33 Avenida Central""}, {""connected_to"": ""2db8cd46"", ""via"": ""insurer_phone_number"", ""value"": 600621704}, {""connected_to"": ""4cb83c72"", ""via"": ""bank_account"", ""value"": ""ES14234477""}, {""connected_to"": ""7c2166f9"", ""via"": ""insurer_address"", ""value"": ""33 Avenida Central""}]",0.1891891891891892,9,0,2,12,10,0,17,28,23,38,36,15,23,19
ES54795355,2024-07-07,deb6383f,Zone_48,27 Avenida Central,insured_173@mail.com,1fa50b89,ON9677,Insured_173,600432795,repair_4,collision,,1,10,0.01586586586586586,8,0.4157303370786517,38,"[{""connected_to"": ""4f111138"", ""via"": ""insurer_address"", ""value"": ""27 Avenida Central""}, {""connected_to"": ""b08e7bfd"", ""via"": ""insurer_phone_number"", ""value"": 600432795}, {""connected_to"": ""ab824ba6"", ""via"": ""bank_account"", ""value"": ""ES54795355""}, {""connected_to"": ""709da1d8"", ""via"": ""bank_account"", ""value"": ""ES54795355""}]",0.10810810810810811,9,0,2,12,10,0,17,28,23,38,36,15,23,19
ES73593231,2024-07-07,5257a996,Zone_26,30 Avenida Central,insured_63@mail.com,81824b48,BJ3074,Insured_63,600997261,repair_12,injury,,1,10,0.01699139615806282,8,0.4567901234567901,38,"[{""connected_to"": ""b08e7bfd"", ""via"": ""repair_shop"", ""value"": ""repair_12""}, {""connected_to"": ""dbb83833"", ""via"": ""insurer_phone_number"", ""value"": 600997261}, {""connected_to"": ""b9d5e6dc"", ""via"": ""bank_account"", ""value"": ""ES73593231""}, {""connected_to"": ""7634221b"", ""via"": ""insurer_phone_number"", ""value"": 600997261}, {""connected_to"": ""4cdc9102"", ""via"": ""repair_shop"", ""value"": ""repair_12""}]",0.13513513513513514,9,0,2,12,10,0,17,28,23,38,36,15,23,19
ES42953246,2024-07-07,11c352f3,Zone_4,15 Avenida Central,insured_107@mail.com,ee2baf72,NG9611,Insured_107,600481783,repair_7,injury,MK1939,1,10,0.045391820391820395,8,0.5138888888888888,38,"[{""connected_to"": ""b40777f6"", ""via"": ""insurer_address"", ""value"": ""15 Avenida Central""}, {""connected_to"": ""48734acd"", ""via"": ""claim_location"", ""value"": ""Zone_4""}, {""connected_to"": ""d8033cc3"", ""via"": ""bank_account"", ""value"": ""ES42953246""}, {""connected_to"": ""b9d5e6dc"", ""via"": ""repair_shop"", ""value"": ""repair_7""}, {""connected_to"": ""4c287ede"", ""via"": ""bank_account"", ""value"": ""ES42953246""}, {""connected_to"": ""7efe7072"", ""via"": ""repair_shop"", ""value"": ""repair_7""}, {""connected_to"": ""f28e3ec7"", ""via"": ""repair_shop"", ""value"": ""repair_7""}, {""connected_to"": ""4cdc9102"", ""via"": ""bank_account"", ""value"": ""ES42953246""}]",0.21621621621621623,9,0,2,12,10,0,17,28,23,38,36,15,23,19
ES12961077,2024-07-07,0146fadf,Zone_20,16 Avenida Central,insured_171@mail.com,a745321e,PE6546,Insured_171,600379103,repair_28,collision,,1,10,0.015053744220410883,8,0.44047619047619047,38,"[{""connected_to"": ""48734acd"", ""via"": ""insurer_address"", ""value"": ""16 Avenida Central""}, {""connected_to"": ""1028b1e7"", ""via"": ""claim_location"", ""value"": ""Zone_20""}, {""connected_to"": ""dbb83833"", ""via"": ""repair_shop"", ""value"": ""repair_28""}, {""connected_to"": ""fc2f929f"", ""via"": ""insurer_phone_number"", ""value"": 600379103}, {""connected_to"": ""5adc9a25"", ""via"": ""insurer_address"", ""value"": ""16 Avenida Central""}]",0.13513513513513514,9,0,2,12,10,0,17,28,23,38,36,15,23,19
ES42901579,2024-07-07,71d88f8f,Zone_67,19 Avenida Central,insured_111@mail.com,984a68a6,NE7936,Insured_111,600664650,repair_22,injury,BA4722,1,10,0.015954645121311787,8,0.4457831325301205,38,"[{""connected_to"": ""a2cef4f7"", ""via"": ""bank_account"", ""value"": ""ES42901579""}, {""connected_to"": ""d8033cc3"", ""via"": ""insurer_phone_number"", ""value"": 600664650}, {""connected_to"": ""1b005a35"", ""via"": ""insurer_phone_number"", ""value"": 600664650}, {""connected_to"": ""f28e3ec7"", ""via"": ""insurer_address"", ""value"": ""19 Avenida Central""}, {""connected_to"": ""709da1d8"", ""via"": ""insurer_phone_number"", ""value"": 600664650}]",0.13513513513513514,9,0,2,12,10,0,17,28,23,38,36,15,23,19
ES51016557,2024-07-07,7c2166f9,Zone_79,33 Avenida Central,insured_104@mail.com,446d7cfd,MI6914,Insured_104,600826184,repair_5,collision,BB6528,1,10,0.018881381381381377,8,0.42045454545454547,38,"[{""connected_to"": ""4f111138"", ""via"": ""insurer_phone_number"", ""value"": 600826184}, {""connected_to"": ""9849c843"", ""via"": ""insurer_address"", ""value"": ""33 Avenida Central""}, {""connected_to"": ""7efe7072"", ""via"": ""bank_account"", ""value"": ""ES51016557""}, {""connected_to"": ""c9504603"", ""via"": ""insurer_address"", ""value"": ""33 Avenida Central""}]",0.10810810810810811,9,0,2,12,10,0,17,28,23,38,36,15,23,19
ES54795355,2024-07-07,709da1d8,Zone_9,11 Avenida Central,insured_103@mail.com,beaeca71,PD7111,Insured_103,600664650,repair_25,injury,,1,10,0.049965441632108296,8,0.46835443037974683,38,"[{""connected_to"": ""d8033cc3"", ""via"": ""insurer_phone_number"", ""value"": 600664650}, {""connected_to"": ""ab824ba6"", ""via"": ""insurer_license_plate"", ""value"": ""PD7111""}, {""connected_to"": ""4cb83c72"", ""via"": ""repair_shop"", ""value"": ""repair_25""}, {""connected_to"": ""7634221b"", ""via"": ""claim_location"", ""value"": ""Zone_9""}, {""connected_to"": ""1b005a35"", ""via"": ""insurer_phone_number"", ""value"": 600664650}, {""connected_to"": ""deb6383f"", ""via"": ""bank_account"", ""value"": ""ES54795355""}, {""connected_to"": ""71d88f8f"", ""via"": ""insurer_phone_number"", ""value"": 600664650}]",0.1891891891891892,9,0,2,12,10,0,17,28,23,38,36,15,23,19
ES42953246,2024-07-07,4cdc9102,Zone_72,40 Avenida Central,insured_88@mail.com,067627ba,AD2613,Insured_88,600335293,repair_12,injury,KN3749,1,10,0.061787978454645134,8,0.5362318840579711,38,"[{""connected_to"": ""dbfb58bf"", ""via"": ""insurer_phone_number"", ""value"": 600335293}, {""connected_to"": ""b08e7bfd"", ""via"": ""repair_shop"", ""value"": ""repair_12""}, {""connected_to"": ""48734acd"", ""via"": ""insurer_phone_number"", ""value"": 600335293}, {""connected_to"": ""d8033cc3"", ""via"": ""bank_account"", ""value"": ""ES42953246""}, {""connected_to"": ""ab824ba6"", ""via"": ""insurer_phone_number"", ""value"": 600335293}, {""connected_to"": ""a25a1ebb"", ""via"": ""insurer_phone_number"", ""value"": 600335293}, {""connected_to"": ""4c287ede"", ""via"": ""bank_account"", ""value"": ""ES42953246""}, {""connected_to"": ""51ef5249"", ""via"": ""insurer_phone_number"", ""value"": 600335293}, {""connected_to"": ""5257a996"", ""via"": ""repair_shop"", ""value"": ""repair_12""}, {""connected_to"": ""11c352f3"", ""via"": ""bank_account"", ""value"": ""ES42953246""}]",0.2702702702702703,9,0,2,12,10,0,17,28,23,38,36,15,23,19
ES97868719,2024-07-08,2fdaa093,Zone_52,24 Avenida Central,insured_125@mail.com,9a5371dc,IE9430,Insured_125,600809302,repair_7,injury,OD8760,1,10,0.010118765381923278,8,0.4634146341463415,39,"[{""connected_to"": ""b9d5e6dc"", ""via"": ""repair_shop"", ""value"": ""repair_7""}, {""connected_to"": ""4cb83c72"", ""via"": ""insurer_phone_number"", ""value"": 600809302}, {""connected_to"": ""5adc9a25"", ""via"": ""insurer_phone_number"", ""value"": 600809302}, {""connected_to"": ""7efe7072"", ""via"": ""repair_shop"", ""value"": ""repair_7""}, {""connected_to"": ""f28e3ec7"", ""via"": ""repair_shop"", ""value"": ""repair_7""}, {""connected_to"": ""11c352f3"", ""via"": ""repair_shop"", ""value"": ""repair_7""}]",0.15789473684210525,9,0,2,12,10,0,18,29,24,39,37,15,23,20
ES29088754,2024-07-21,07e13cb7,Zone_76,39 Avenida Central,insured_73@mail.com,d348155b,MG4464,Insured_73,600596153,repair_27,injury,EL1845,1,11,0.011694494589231429,8,0.43333333333333335,40,"[{""connected_to"": ""c06aa294"", ""via"": ""bank_account"", ""value"": ""ES29088754""}, {""connected_to"": ""a4b96898"", ""via"": ""repair_shop"", ""value"": ""repair_27""}, {""connected_to"": ""1028b1e7"", ""via"": ""insurer_phone_number"", ""value"": 600596153}, {""connected_to"": ""d8033cc3"", ""via"": ""insurer_address"", ""value"": ""39 Avenida Central""}, {""connected_to"": ""4c287ede"", ""via"": ""insurer_phone_number"", ""value"": 600596153}]",0.1282051282051282,10,0,2,12,11,0,18,30,24,40,38,15,23,21
ES73593231,2024-07-22,21c54feb,Zone_34,26 Avenida Central,insured_152@mail.com,2ac0c844,PA7291,Insured_152,600335293,repair_12,injury,JD4259,1,14,0.02005831259454448,9,0.5054945054945055,47,"[{""connected_to"": ""dbfb58bf"", ""via"": ""insurer_phone_number"", ""value"": 600335293}, {""connected_to"": ""b08e7bfd"", ""via"": ""repair_shop"", ""value"": ""repair_12""}, {""connected_to"": ""48734acd"", ""via"": ""insurer_phone_number"", ""value"": 600335293}, {""connected_to"": ""ab824ba6"", ""via"": ""insurer_phone_number"", ""value"": 600335293}, {""connected_to"": ""a25a1ebb"", ""via"": ""insurer_phone_number"", ""value"": 600335293}, {""connected_to"": ""b9d5e6dc"", ""via"": ""bank_account"", ""value"": ""ES73593231""}, {""connected_to"": ""51ef5249"", ""via"": ""insurer_license_plate"", ""value"": ""PA7291""}, {""connected_to"": ""5257a996"", ""via"": ""repair_shop"", ""value"": ""repair_12""}, {""connected_to"": ""4cdc9102"", ""via"": ""insurer_phone_number"", ""value"": 600335293}, {""connected_to"": ""c6eb903b"", ""via"": ""insurer_address"", ""value"": ""26 Avenida Central""}]",0.21739130434782608,12,1,3,12,13,0,18,36,29,46,44,15,27,25
ES54532647,2024-07-22,63429b74,Zone_40,25 Avenida Central,insured_39@mail.com,f5f74412,KE8952,Insured_39,600768374,repair_34,injury,DJ5026,1,14,0.014311785905988804,9,0.45098039215686275,47,"[{""connected_to"": ""b40777f6"", ""via"": ""claim_location"", ""value"": ""Zone_40""}, {""connected_to"": ""dbfb58bf"", ""via"": ""bank_account"", ""value"": ""ES54532647""}, {""connected_to"": ""a4b96898"", ""via"": ""bank_account"", ""value"": ""ES54532647""}, {""connected_to"": ""7634221b"", ""via"": ""bank_account"", ""value"": ""ES54532647""}, {""connected_to"": ""7efe7072"", ""via"": ""insurer_phone_number"", ""value"": 600768374}, {""connected_to"": ""5d452b93"", ""via"": ""insurer_phone_number"", ""value"": 600768374}]",0.13043478260869565,12,1,3,12,13,0,18,36,29,46,44,15,27,25
ES71007570,2024-07-22,1704ee21,Zone_70,22 Avenida Central,insured_150@mail.com,4503da1b,BI8536,Insured_150,600621704,repair_9,injury,,0,14,0.008245916724177595,9,0.4339622641509434,47,"[{""connected_to"": ""4f111138"", ""via"": ""bank_account"", ""value"": ""ES71007570""}, {""connected_to"": ""b9d5e6dc"", ""via"": ""insurer_phone_number"", ""value"": 600621704}, {""connected_to"": ""2db8cd46"", ""via"": ""insurer_phone_number"", ""value"": 600621704}, {""connected_to"": ""7634221b"", ""via"": ""insurer_email"", ""value"": ""insured_150@mail.com""}, {""connected_to"": ""c9504603"", ""via"": ""insurer_phone_number"", ""value"": 600621704}]",0.10869565217391304,12,1,3,12,13,0,18,36,29,46,44,15,27,25
ES31320114,2024-07-22,cd2da2b4,Zone_5,13 Avenida Central,insured_134@mail.com,3841f4bd,NA1705,Insured_134,600446081,repair_0,injury,,1,14,0.010824741549379228,9,0.45098039215686275,47,"[{""connected_to"": ""90a7e45b"", ""via"": ""bank_account"", ""value"": ""ES31320114""}, {""connected_to"": ""a2cef4f7"", ""via"": ""insurer_phone_number"", ""value"": 600446081}, {""connected_to"": ""a4b96898"", ""via"": ""insurer_phone_number"", ""value"": 600446081}, {""connected_to"": ""9849c843"", ""via"": ""insurer_phone_number"", ""value"": 600446081}, {""connected_to"": ""1b005a35"", ""via"": ""repair_shop"", ""value"": ""repair_0""}, {""connected_to"": ""f28e3ec7"", ""via"": ""insurer_phone_number"", ""value"": 600446081}]",0.13043478260869565,12,1,3,12,13,0,18,36,29,46,44,15,27,25
ES38273233,2024-07-22,f4a75ecd,Zone_47,35 Avenida Central,insured_49@mail.com,52400fe1,AB3511,Insured_49,600596153,repair_8,collision,MP1391,1,14,0.00263668430335097,9,0.4144144144144144,47,"[{""connected_to"": ""1028b1e7"", ""via"": ""insurer_phone_number"", ""value"": 600596153}, {""connected_to"": ""4c287ede"", ""via"": ""insurer_phone_number"", ""value"": 600596153}, {""connected_to"": ""51ef5249"", ""via"": ""bank_account"", ""value"": ""ES38273233""}, {""connected_to"": ""07e13cb7"", ""via"": ""insurer_phone_number"", ""value"": 600596153}]",0.08695652173913043,12,1,3,12,13,0,18,36,29,46,44,15,27,25
ES42901579,2024-07-22,efc3d4b7,Zone_0,40 Avenida Central,insured_54@mail.com,29cbe77c,FB6190,Insured_54,600664650,repair_17,injury,FM2440,1,14,0.007962300715923904,9,0.4380952380952381,47,"[{""connected_to"": ""a2cef4f7"", ""via"": ""bank_account"", ""value"": ""ES42901579""}, {""connected_to"": ""d8033cc3"", ""via"": ""insurer_phone_number"", ""value"": 600664650}, {""connected_to"": ""1b005a35"", ""via"": ""insurer_phone_number"", ""value"": 600664650}, {""connected_to"": ""71d88f8f"", ""via"": ""insurer_phone_number"", ""value"": 600664650}, {""connected_to"": ""709da1d8"", ""via"": ""insurer_phone_number"", ""value"": 600664650}, {""connected_to"": ""4cdc9102"", ""via"": ""insurer_address"", ""value"": ""40 Avenida Central""}]",0.13043478260869565,12,1,3,12,13,0,18,36,29,46,44,15,27,25
ES87084490,2024-07-22,c6eb903b,Zone_18,26 Avenida Central,insured_188@mail.com,ef9c5998,CB9128,Insured_188,600432795,repair_2,collision,,1,14,0.014835902154742736,9,0.4423076923076923,47,"[{""connected_to"": ""3dbeee40"", ""via"": ""repair_shop"", ""value"": ""repair_2""}, {""connected_to"": ""b08e7bfd"", ""via"": ""insurer_phone_number"", ""value"": 600432795}, {""connected_to"": ""dbb83833"", ""via"": ""bank_account"", ""value"": ""ES87084490""}, {""connected_to"": ""a25a1ebb"", ""via"": ""bank_account"", ""value"": ""ES87084490""}, {""connected_to"": ""fc2f929f"", ""via"": ""bank_account"", ""value"": ""ES87084490""}, {""connected_to"": ""2db8cd46"", ""via"": ""bank_account"", ""value"": ""ES87084490""}, {""connected_to"": ""deb6383f"", ""via"": ""insurer_phone_number"", ""value"": 600432795}, {""connected_to"": ""21c54feb"", ""via"": ""insurer_address"", ""value"": ""26 Avenida Central""}]",0.17391304347826086,12,1,3,12,13,0,18,36,29,46,44,15,27,25
ES14234477,2024-07-24,a022bc0f,Zone_14,19 Avenida Central,insured_129@mail.com,6bc0e06d,GG3930,Insured_129,600379103,repair_35,injury,,1,14,0.024716438870000388,9,0.47474747474747475,48,"[{""connected_to"": ""a2cef4f7"", ""via"": ""repair_shop"", ""value"": ""repair_35""}, {""connected_to"": ""fc2f929f"", ""via"": ""insurer_phone_number"", ""value"": 600379103}, {""connected_to"": ""4cb83c72"", ""via"": ""bank_account"", ""value"": ""ES14234477""}, {""connected_to"": ""f28e3ec7"", ""via"": ""insurer_address"", ""value"": ""19 Avenida Central""}, {""connected_to"": ""c9504603"", ""via"": ""bank_account"", ""value"": ""ES14234477""}, {""connected_to"": ""0146fadf"", ""via"": ""insurer_phone_number"", ""value"": 600379103}, {""connected_to"": ""71d88f8f"", ""via"": ""insurer_address"", ""value"": ""19 Avenida Central""}]",0.14893617021276595,12,1,3,12,14,0,18,37,29,47,45,15,27,25
ES42901579,2024-07-25,fb3640e4,Zone_52,33 Avenida Central,insured_66@mail.com,b8da2501,HP3064,Insured_66,600664650,repair_6,collision,AK8026,1,16,0.024911549658772552,13,0.5132743362831859,59,"[{""connected_to"": ""a2cef4f7"", ""via"": ""bank_account"", ""value"": ""ES42901579""}, {""connected_to"": ""d8033cc3"", ""via"": ""insurer_phone_number"", ""value"": 600664650}, {""connected_to"": ""9849c843"", ""via"": ""insurer_address"", ""value"": ""33 Avenida Central""}, {""connected_to"": ""1b005a35"", ""via"": ""insurer_phone_number"", ""value"": 600664650}, {""connected_to"": ""c9504603"", ""via"": ""insurer_address"", ""value"": ""33 Avenida Central""}, {""connected_to"": ""71d88f8f"", ""via"": ""insurer_phone_number"", ""value"": 600664650}, {""connected_to"": ""7c2166f9"", ""via"": ""insurer_address"", ""value"": ""33 Avenida Central""}, {""connected_to"": ""709da1d8"", ""via"": ""insurer_phone_number"", ""value"": 600664650}, {""connected_to"": ""2fdaa093"", ""via"": ""claim_location"", ""value"": ""Zone_52""}, {""connected_to"": ""efc3d4b7"", ""via"": ""insurer_phone_number"", ""value"": 600664650}, {""connected_to"": ""42bf7d42"", ""via"": ""insurer_address"", ""value"": ""33 Avenida Central""}, {""connected_to"": ""608a6c32"", ""via"": ""insurer_phone_number"", ""value"": 600664650}, {""connected_to"": ""ea9d7eb4"", ""via"": ""insurer_phone_number"", ""value"": 600664650}]",0.22413793103448276,17,1,6,13,18,0,19,44,32,58,53,15,30,34
ES29088754,2024-07-25,1b344808,Zone_15,20 Avenida Central,insured_110@mail.com,6844938f,JB5324,Insured_110,600481783,repair_34,injury,,1,16,0.005510672865482303,13,0.43609022556390975,59,"[{""connected_to"": ""c06aa294"", ""via"": ""bank_account"", ""value"": ""ES29088754""}, {""connected_to"": ""1028b1e7"", ""via"": ""insurer_address"", ""value"": ""20 Avenida Central""}, {""connected_to"": ""11c352f3"", ""via"": ""insurer_phone_number"", ""value"": 600481783}, {""connected_to"": ""07e13cb7"", ""via"": ""bank_account"", ""value"": ""ES29088754""}, {""connected_to"": ""63429b74"", ""via"": ""repair_shop"", ""value"": ""repair_34""}, {""connected_to"": ""35c1dbd1"", ""via"": ""bank_account"", ""value"": ""ES29088754""}]",0.10344827586206896,17,1,6,13,18,0,19,44,32,58,53,15,30,34
ES67781085,2024-07-25,f949707f,Zone_66,29 Avenida Central,insured_187@mail.com,30dd5dfb,MH3801,Insured_187,600997261,repair_12,collision,,1,16,0.020378424158983575,13,0.48739495798319327,59,"[{""connected_to"": ""b40777f6"", ""via"": ""bank_account"", ""value"": ""ES67781085""}, {""connected_to"": ""b08e7bfd"", ""via"": ""repair_shop"", ""value"": ""repair_12""}, {""connected_to"": ""dbb83833"", ""via"": ""insurer_phone_number"", ""value"": 600997261}, {""connected_to"": ""fc2f929f"", ""via"": ""insurer_license_plate"", ""value"": ""MH3801""}, {""connected_to"": ""7634221b"", ""via"": ""insurer_phone_number"", ""value"": 600997261}, {""connected_to"": ""1b005a35"", ""via"": ""bank_account"", ""value"": ""ES67781085""}, {""connected_to"": ""5d452b93"", ""via"": ""bank_account"", ""value"": ""ES67781085""}, {""connected_to"": ""5257a996"", ""via"": ""insurer_phone_number"", ""value"": 600997261}, {""connected_to"": ""4cdc9102"", ""via"": ""repair_shop"", ""value"": ""repair_12""}, {""connected_to"": ""21c54feb"", ""via"": ""repair_shop"", ""value"": ""repair_12""}, {""connected_to"": ""608a6c32"", ""via"": ""claim_location"", ""value"": ""Zone_66""}]",0.1896551724137931,17,1,6,13,18,0,19,44,32,58,53,15,30,34
ES67429369,2024-07-25,42bf7d42,Zone_77,33 Avenida Central,insured_114@mail.com,c2e68d2e,ID5184,Insured_114,600596153,repair_6,injury,FI3620,1,16,0.018085081321780147,13,0.5043478260869565,59,"[{""connected_to"": ""b08e7bfd"", ""via"": ""bank_account"", ""value"": ""ES67429369""}, {""connected_to"": ""1028b1e7"", ""via"": ""insurer_phone_number"", ""value"": 600596153}, {""connected_to"": ""4c287ede"", ""via"": ""insurer_phone_number"", ""value"": 600596153}, {""connected_to"": ""9849c843"", ""via"": ""insurer_address"", ""value"": ""33 Avenida Central""}, {""connected_to"": ""c9504603"", ""via"": ""insurer_address"", ""value"": ""33 Avenida Central""}, {""connected_to"": ""7c2166f9"", ""via"": ""insurer_address"", ""value"": ""33 Avenida Central""}, {""connected_to"": ""07e13cb7"", ""via"": ""insurer_phone_number"", ""value"": 600596153}, {""connected_to"": ""f4a75ecd"", ""via"": ""insurer_phone_number"", ""value"": 600596153}, {""connected_to"": ""fb3640e4"", ""via"": ""insurer_address"", ""value"": ""33 Avenida Central""}]",0.15517241379310345,17,1,6,13,18,0,19,44,32,58,53,15,30,34
ES38273233,2024-07-25,e039d1f7,Zone_79,40 Avenida Central,insured_9@mail.com,03fb96c2,PP9950,Insured_9,600809302,repair_24,injury,AG4643,1,16,0.015293904265826974,13,0.47540983606557374,59,"[{""connected_to"": ""4cb83c72"", ""via"": ""insurer_phone_number"", ""value"": 600809302}, {""connected_to"": ""5adc9a25"", ""via"": ""insurer_phone_number"", ""value"": 600809302}, {""connected_to"": ""51ef5249"", ""via"": ""bank_account"", ""value"": ""ES38273233""}, {""connected_to"": ""7c2166f9"", ""via"": ""claim_location"", ""value"": ""Zone_79""}, {""connected_to"": ""4cdc9102"", ""via"": ""insurer_address"", ""value"": ""40 Avenida Central""}, {""connected_to"": ""2fdaa093"", ""via"": ""insurer_phone_number"", ""value"": 600809302}, {""connected_to"": ""f4a75ecd"", ""via"": ""bank_account"", ""value"": ""ES38273233""}, {""connected_to"": ""efc3d4b7"", ""via"": ""insurer_address"", ""value"": ""40 Avenida Central""}]",0.13793103448275862,17,1,6,13,18,0,19,44,32,58,53,15,30,34
ES94588658,2024-07-25,f76a94f8,Zone_23,37 Avenida Central,insured_167@mail.com,6ac0aa7d,GF1259,Insured_167,600446081,repair_17,collision,HO5662,1,16,0.0041266629688749895,13,0.44274809160305345,59,"[{""connected_to"": ""a2cef4f7"", ""via"": ""insurer_phone_number"", ""value"": 600446081}, {""connected_to"": ""a4b96898"", ""via"": ""insurer_phone_number"", ""value"": 600446081}, {""connected_to"": ""9849c843"", ""via"": ""insurer_phone_number"", ""value"": 600446081}, {""connected_to"": ""f28e3ec7"", ""via"": ""insurer_phone_number"", ""value"": 600446081}, {""connected_to"": ""cd2da2b4"", ""via"": ""insurer_phone_number"", ""value"": 600446081}, {""connected_to"": ""efc3d4b7"", ""via"": ""repair_shop"", ""value"": ""repair_17""}, {""connected_to"": ""ea9d7eb4"", ""via"": ""bank_account"", ""value"": ""ES94588658""}]",0.12068965517241378,17,1,6,13,18,0,19,44,32,58,53,15,30,34
ES71007570,2024-07-25,608a6c32,Zone_66,30 Avenida Central,insured_40@mail.com,bc33946a,IL5920,Insured_40,600664650,repair_28,injury,IF9938,1,16,0.03462039583270051,13,0.5132743362831859,59,"[{""connected_to"": ""4f111138"", ""via"": ""bank_account"", ""value"": ""ES71007570""}, {""connected_to"": ""d8033cc3"", ""via"": ""insurer_phone_number"", ""value"": 600664650}, {""connected_to"": ""dbb83833"", ""via"": ""repair_shop"", ""value"": ""repair_28""}, {""connected_to"": ""1b005a35"", ""via"": ""insurer_phone_number"", ""value"": 600664650}, {""connected_to"": ""5257a996"", ""via"": ""insurer_address"", ""value"": ""30 Avenida Central""}, {""connected_to"": ""0146fadf"", ""via"": ""repair_shop"", ""value"": ""repair_28""}, {""connected_to"": ""71d88f8f"", ""via"": ""insurer_phone_number"", ""value"": 600664650}, {""connected_to"": ""709da1d8"", ""via"": ""insurer_phone_number"", ""value"": 600664650}, {""connected_to"": ""1704ee21"", ""via"": ""bank_account"", ""value"": ""ES71007570""}, {""connected_to"": ""efc3d4b7"", ""via"": ""insurer_phone_number"", ""value"": 600664650}, {""connected_to"": ""fb3640e4"", ""via"": ""insurer_phone_number"", ""value"": 600664650}, {""connected_to"": ""f949707f"", ""via"": ""claim_location"", ""value"": ""Zone_66""}, {""connected_to"": ""ea9d7eb4"", ""via"": ""insurer_phone_number"", ""value"": 600664650}]",0.22413793103448276,17,1,6,13,18,0,19,44,32,58,53,15,30,34
ES29088754,2024-07-25,35c1dbd1,Zone_69,6 Avenida Central,insured_36@mail.com,63354012,EE7852,Insured_36,600621704,repair_30,injury,HE1438,1,16,0.022272726423988136,13,0.5132743362831859,59,"[{""connected_to"": ""c06aa294"", ""via"": ""bank_account"", ""value"": ""ES29088754""}, {""connected_to"": ""b40777f6"", ""via"": ""repair_shop"", ""value"": ""repair_30""}, {""connected_to"": ""b9d5e6dc"", ""via"": ""insurer_phone_number"", ""value"": 600621704}, {""connected_to"": ""fc2f929f"", ""via"": ""repair_shop"", ""value"": ""repair_30""}, {""connected_to"": ""2db8cd46"", ""via"": ""insurer_phone_number"", ""value"": 600621704}, {""connected_to"": ""c9504603"", ""via"": ""insurer_phone_number"", ""value"": 600621704}, {""connected_to"": ""07e13cb7"", ""via"": ""bank_account"", ""value"": ""ES29088754""}, {""connected_to"": ""1704ee21"", ""via"": ""insurer_phone_number"", ""value"": 600621704}, {""connected_to"": ""1b344808"", ""via"": ""bank_account"", ""value"": ""ES29088754""}, {""connected_to"": ""ea9d7eb4"", ""via"": ""insurer_license_plate"", ""value"": ""EE7852""}]",0.1724137931034483,17,1,6,13,18,0,19,44,32,58,53,15,30,34
ES54795355,2024-07-25,d387f17a,Zone_18,24 Avenida Central,insured_28@mail.com,93d52728,BP2925,Insured_28,600904155,repair_18,collision,CH9463,1,16,0.01923545520116349,13,0.48739495798319327,59,"[{""connected_to"": ""90a7e45b"", ""via"": ""insurer_phone_number"", ""value"": 600904155}, {""connected_to"": ""3dbeee40"", ""via"": ""insurer_phone_number"", ""value"": 600904155}, {""connected_to"": ""c06aa294"", ""via"": ""insurer_phone_number"", ""value"": 600904155}, {""connected_to"": ""ab824ba6"", ""via"": ""bank_account"", ""value"": ""ES54795355""}, {""connected_to"": ""deb6383f"", ""via"": ""bank_account"", ""value"": ""ES54795355""}, {""connected_to"": ""709da1d8"", ""via"": ""bank_account"", ""value"": ""ES54795355""}, {""connected_to"": ""2fdaa093"", ""via"": ""insurer_address"", ""value"": ""24 Avenida Central""}, {""connected_to"": ""c6eb903b"", ""via"": ""claim_location"", ""value"": ""Zone_18""}, {""connected_to"": ""bf3e5d6f"", ""via"": ""bank_account"", ""value"": ""ES54795355""}]",0.15517241379310345,17,1,6,13,18,0,19,44,32,58,53,15,30,34
ES94588658,2024-07-25,ea9d7eb4,Zone_22,17 Avenida Central,insured_93@mail.com,ef08dd0f,EE7852,Insured_93,600664650,repair_16,collision,EI7604,1,16,0.01907082452684876,13,0.5087719298245614,59,"[{""connected_to"": ""d8033cc3"", ""via"": ""insurer_phone_number"", ""value"": 600664650}, {""connected_to"": ""2db8cd46"", ""via"": ""repair_shop"", ""value"": ""repair_16""}, {""connected_to"": ""1b005a35"", ""via"": ""insurer_phone_number"", ""value"": 600664650}, {""connected_to"": ""5d452b93"", ""via"": ""insurer_address"", ""value"": ""17 Avenida Central""}, {""connected_to"": ""71d88f8f"", ""via"": ""insurer_phone_number"", ""value"": 600664650}, {""connected_to"": ""709da1d8"", ""via"": ""insurer_phone_number"", ""value"": 600664650}, {""connected_to"": ""efc3d4b7"", ""via"": ""insurer_phone_number"", ""value"": 600664650}, {""connected_to"": ""fb3640e4"", ""via"": ""insurer_phone_number"", ""value"": 600664650}, {""connected_to"": ""f76a94f8"", ""via"": ""bank_account"", ""value"": ""ES94588658""}, {""connected_to"": ""608a6c32"", ""via"": ""insurer_phone_number"", ""value"": 600664650}, {""connected_to"": ""35c1dbd1"", ""via"": ""insurer_license_plate"", ""value"": ""EE7852""}]",0.1896551724137931,17,1,6,13,18,0,19,44,32,58,53,15,30,34
ES54795355,2024-07-25,bf3e5d6f,Zone_37,22 Avenida Central,insured_157@mail.com,c1a7b5ac,KE8952,Insured_157,600768374,repair_11,collision,LM1492,1,16,0.019955993370359602,13,0.49572649572649574,59,"[{""connected_to"": ""ab824ba6"", ""via"": ""bank_account"", ""value"": ""ES54795355""}, {""connected_to"": ""4c287ede"", ""via"": ""repair_shop"", ""value"": ""repair_11""}, {""connected_to"": ""7efe7072"", ""via"": ""insurer_phone_number"", ""value"": 600768374}, {""connected_to"": ""5d452b93"", ""via"": ""insurer_phone_number"", ""value"": 600768374}, {""connected_to"": ""deb6383f"", ""via"": ""bank_account"", ""value"": ""ES54795355""}, {""connected_to"": ""709da1d8"", ""via"": ""bank_account"", ""value"": ""ES54795355""}, {""connected_to"": ""63429b74"", ""via"": ""insurer_license_plate"", ""value"": ""KE8952""}, {""connected_to"": ""1704ee21"", ""via"": ""insurer_address"", ""value"": ""22 Avenida Central""}, {""connected_to"": ""d387f17a"", ""via"": ""bank_account"", ""value"": ""ES54795355""}]",0.15517241379310345,17,1,6,13,18,0,19,44,32,58,53,15,30,34
ES54795355,2024-07-26,5b0e5acd,Zone_78,11 Avenida Central,insured_28@mail.com,93d52728,HM9735,Insured_28,600826184,repair_29,collision,,1,16,0.01218933176953485,17,0.5,67,"[{""connected_to"": ""4f111138"", ""via"": ""insurer_phone_number"", ""value"": 600826184}, {""connected_to"": ""a4b96898"", ""via"": ""claim_location"", ""value"": ""Zone_78""}, {""connected_to"": ""ab824ba6"", ""via"": ""bank_account"", ""value"": ""ES54795355""}, {""connected_to"": ""b9d5e6dc"", ""via"": ""claim_location"", ""value"": ""Zone_78""}, {""connected_to"": ""deb6383f"", ""via"": ""bank_account"", ""value"": ""ES54795355""}, {""connected_to"": ""7c2166f9"", ""via"": ""insurer_phone_number"", ""value"": 600826184}, {""connected_to"": ""709da1d8"", ""via"": ""insurer_address"", ""value"": ""11 Avenida Central""}, {""connected_to"": ""d387f17a"", ""via"": ""insurer_email"", ""value"": ""insured_28@mail.com""}, {""connected_to"": ""bf3e5d6f"", ""via"": ""bank_account"", ""value"": ""ES54795355""}, {""connected_to"": ""baa5ea2a"", ""via"": ""insurer_phone_number"", ""value"": 600826184}]",0.15151515151515152,20,2,9,13,20,1,19,46,33,65,58,15,33,39
ES51016557,2024-07-26,baa5ea2a,Zone_70,18 Avenida Central,insured_161@mail.com,62e18a4f,FL2839,Insured_161,600826184,repair_20,collision,FB6190,0,16,0.00874848900661324,17,0.45517241379310347,67,"[{""connected_to"": ""90a7e45b"", ""via"": ""insurer_address"", ""value"": ""18 Avenida Central""}, {""connected_to"": ""4f111138"", ""via"": ""insurer_phone_number"", ""value"": 600826184}, {""connected_to"": ""4c287ede"", ""via"": ""insurer_address"", ""value"": ""18 Avenida Central""}, {""connected_to"": ""7c9666a8"", ""via"": ""insurer_address"", ""value"": ""18 Avenida Central""}, {""connected_to"": ""7efe7072"", ""via"": ""bank_account"", ""value"": ""ES51016557""}, {""connected_to"": ""7c2166f9"", ""via"": ""insurer_phone_number"", ""value"": 600826184}, {""connected_to"": ""1704ee21"", ""via"": ""claim_location"", ""value"": ""Zone_70""}, {""connected_to"": ""5b0e5acd"", ""via"": ""insurer_phone_number"", ""value"": 600826184}]",0.12121212121212122,20,2,9,13,20,1,19,46,33,65,58,15,33,39
ES38273233,2024-07-26,b205b267,Zone_23,30 Avenida Central,insured_55@mail.com,11867662,KF7403,Insured_55,600809302,repair_11,collision,GH9194,0,16,0.024924236562505416,17,0.5409836065573771,67,"[{""connected_to"": ""4c287ede"", ""via"": ""repair_shop"", ""value"": ""repair_11""}, {""connected_to"": ""4cb83c72"", ""via"": ""insurer_phone_number"", ""value"": 600809302}, {""connected_to"": ""5adc9a25"", ""via"": ""insurer_phone_number"", ""value"": 600809302}, {""connected_to"": ""51ef5249"", ""via"": ""bank_account"", ""value"": ""ES38273233""}, {""connected_to"": ""5d452b93"", ""via"": ""insurer_license_plate"", ""value"": ""KF7403""}, {""connected_to"": ""5257a996"", ""via"": ""insurer_address"", ""value"": ""30 Avenida Central""}, {""connected_to"": ""2fdaa093"", ""via"": ""insurer_phone_number"", ""value"": 600809302}, {""connected_to"": ""f4a75ecd"", ""via"": ""bank_account"", ""value"": ""ES38273233""}, {""connected_to"": ""e039d1f7"", ""via"": ""insurer_phone_number"", ""value"": 600809302}, {""connected_to"": ""f76a94f8"", ""via"": ""claim_location"", ""value"": ""Zone_23""}, {""connected_to"": ""608a6c32"", ""via"": ""insurer_address"", ""value"": ""30 Avenida Central""}, {""connected_to"": ""bf3e5d6f"", ""via"": ""repair_shop"", ""value"": ""repair_11""}, {""connected_to"": ""91c88928"", ""via"": ""insurer_phone_number"", ""value"": 600809302}]",0.19696969696969696,20,2,9,13,20,1,19,46,33,65,58,15,33,39
ES29088754,2024-07-26,e73b8797,Zone_10,40 Avenida Central,insured_31@mail.com,049f4676,EA5293,Insured_31,600904155,repair_14,collision,CF3049,1,16,0.015796998518371574,17,0.528,67,"[{""connected_to"": ""90a7e45b"", ""via"": ""insurer_phone_number"", ""value"": 600904155}, {""connected_to"": ""3dbeee40"", ""via"": ""insurer_phone_number"", ""value"": 600904155}, {""connected_to"": ""c06aa294"", ""via"": ""insurer_phone_number"", ""value"": 600904155}, {""connected_to"": ""51ef5249"", ""via"": ""third_party_license_plate"", ""value"": ""CF3049""}, {""connected_to"": ""5d452b93"", ""via"": ""repair_shop"", ""value"": ""repair_14""}, {""connected_to"": ""4cdc9102"", ""via"": ""insurer_address"", ""value"": ""40 Avenida Central""}, {""connected_to"": ""07e13cb7"", ""via"": ""bank_account"", ""value"": ""ES29088754""}, {""connected_to"": ""efc3d4b7"", ""via"": ""insurer_address"", ""value"": ""40 Avenida Central""}, {""connected_to"": ""1b344808"", ""via"": ""bank_account"", ""value"": ""ES29088754""}, {""connected_to"": ""e039d1f7"", ""via"": ""insurer_address"", ""value"": ""40 Avenida Central""}, {""connected_to"": ""35c1dbd1"", ""via"": ""bank_account"", ""value"": ""ES29088754""}, {""connected_to"": ""d387f17a"", ""via"": ""insurer_phone_number"", ""value"": 600904155}]",0.18181818181818182,20,2,9,13,20,1,19,46,33,65,58,15,33,39
ES31320114,2024-07-26,e4b967fc,Zone_5,25 Avenida Central,insured_117@mail.com,c8508d5f,MI6914,Insured_117,600432795,repair_3,collision,NB7185,1,16,0.011293970590556356,17,0.46808510638297873,67,"[{""connected_to"": ""90a7e45b"", ""via"": ""bank_account"", ""value"": ""ES31320114""}, {""connected_to"": ""b08e7bfd"", ""via"": ""insurer_phone_number"", ""value"": 600432795}, {""connected_to"": ""deb6383f"", ""via"": ""insurer_phone_number"", ""value"": 600432795}, {""connected_to"": ""7c2166f9"", ""via"": ""insurer_license_plate"", ""value"": ""MI6914""}, {""connected_to"": ""63429b74"", ""via"": ""insurer_address"", ""value"": ""25 Avenida Central""}, {""connected_to"": ""cd2da2b4"", ""via"": ""bank_account"", ""value"": ""ES31320114""}, {""connected_to"": ""c6eb903b"", ""via"": ""insurer_phone_number"", ""value"": 600432795}, {""connected_to"": ""91c88928"", ""via"": ""claim_location"", ""value"": ""Zone_5""}]",0.12121212121212122,20,2,9,13,20,1,19,46,33,65,58,15,33,39
ES67781085,2024-07-26,3de72026,Zone_15,1 Avenida Central,insured_123@mail.com,fa456353,BE2733,Insured_123,600335293,repair_24,injury,DH5196,1,16,0.021064006104383682,17,0.532258064516129,67,"[{""connected_to"": ""b40777f6"", ""via"": ""bank_account"", ""value"": ""ES67781085""}, {""connected_to"": ""dbfb58bf"", ""via"": ""insurer_phone_number"", ""value"": 600335293}, {""connected_to"": ""48734acd"", ""via"": ""insurer_phone_number"", ""value"": 600335293}, {""connected_to"": ""ab824ba6"", ""via"": ""insurer_phone_number"", ""value"": 600335293}, {""connected_to"": ""a25a1ebb"", ""via"": ""insurer_phone_number"", ""value"": 600335293}, {""connected_to"": ""51ef5249"", ""via"": ""insurer_phone_number"", ""value"": 600335293}, {""connected_to"": ""1b005a35"", ""via"": ""bank_account"", ""value"": ""ES67781085""}, {""connected_to"": ""5d452b93"", ""via"": ""bank_account"", ""value"": ""ES67781085""}, {""connected_to"": ""4cdc9102"", ""via"": ""insurer_phone_number"", ""value"": 600335293}, {""connected_to"": ""21c54feb"", ""via"": ""insurer_phone_number"", ""value"": 600335293}, {""connected_to"": ""1b344808"", ""via"": ""claim_location"", ""value"": ""Zone_15""}, {""connected_to"": ""f949707f"", ""via"": ""bank_account"", ""value"": ""ES67781085""}, {""connected_to"": ""e039d1f7"", ""via"": ""repair_shop"", ""value"": ""repair_24""}, {""connected_to"": ""6c2948c2"", ""via"": ""bank_account"", ""value"": ""ES67781085""}]",0.21212121212121213,20,2,9,13,20,1,19,46,33,65,58,15,33,39
ES82859036,2024-07-26,91c88928,Zone_5,24 Avenida Central,insured_18@mail.com,8314557,EF7402,Insured_18,600809302,repair_34,injury,,0,16,0.026599692980920114,17,0.5196850393700787,67,"[{""connected_to"": ""1028b1e7"", ""via"": ""bank_account"", ""value"": ""ES82859036""}, {""connected_to"": ""4c287ede"", ""via"": ""insurer_license_plate"", ""value"": ""EF7402""}, {""connected_to"": ""9849c843"", ""via"": ""bank_account"", ""value"": ""ES82859036""}, {""connected_to"": ""7c9666a8"", ""via"": ""bank_account"", ""value"": ""ES82859036""}, {""connected_to"": ""4cb83c72"", ""via"": ""insurer_phone_number"", ""value"": 600809302}, {""connected_to"": ""5adc9a25"", ""via"": ""insurer_phone_number"", ""value"": 600809302}, {""connected_to"": ""f28e3ec7"", ""via"": ""bank_account"", ""value"": ""ES82859036""}, {""connected_to"": ""2fdaa093"", ""via"": ""insurer_phone_number"", ""value"": 600809302}, {""connected_to"": ""63429b74"", ""via"": ""repair_shop"", ""value"": ""repair_34""}, {""connected_to"": ""cd2da2b4"", ""via"": ""claim_location"", ""value"": ""Zone_5""}, {""connected_to"": ""1b344808"", ""via"": ""repair_shop"", ""value"": ""repair_34""}, {""connected_to"": ""e039d1f7"", ""via"": ""insurer_phone_number"", ""value"": 600809302}, {""connected_to"": ""d387f17a"", ""via"": ""insurer_address"", ""value"": ""24 Avenida Central""}, {""connected_to"": ""b205b267"", ""via"": ""insurer_phone_number"", ""value"": 600809302}, {""connected_to"": ""e4b967fc"", ""via"": ""claim_location"", ""value"": ""Zone_5""}]",0.2272727272727273,20,2,9,13,20,1,19,46,33,65,58,15,33,39
ES67781085,2024-07-26,6c2948c2,Zone_7,31 Avenida Central,insured_19@mail.com,063ac713,EO8267,Insured_19,600379103,repair_17,collision,HA6699,1,16,0.015328807616960642,17,0.4888888888888889,67,"[{""connected_to"": ""b40777f6"", ""via"": ""bank_account"", ""value"": ""ES67781085""}, {""connected_to"": ""dbb83833"", ""via"": ""insurer_address"", ""value"": ""31 Avenida Central""}, {""connected_to"": ""fc2f929f"", ""via"": ""insurer_phone_number"", ""value"": 600379103}, {""connected_to"": ""7634221b"", ""via"": ""insurer_address"", ""value"": ""31 Avenida Central""}, {""connected_to"": ""1b005a35"", ""via"": ""bank_account"", ""value"": ""ES67781085""}, {""connected_to"": ""5d452b93"", ""via"": ""bank_account"", ""value"": ""ES67781085""}, {""connected_to"": ""0146fadf"", ""via"": ""insurer_phone_number"", ""value"": 600379103}, {""connected_to"": ""efc3d4b7"", ""via"": ""repair_shop"", ""value"": ""repair_17""}, {""connected_to"": ""a022bc0f"", ""via"": ""insurer_phone_number"", ""value"": 600379103}, {""connected_to"": ""f949707f"", ""via"": ""bank_account"", ""value"": ""ES67781085""}, {""connected_to"": ""f76a94f8"", ""via"": ""repair_shop"", ""value"": ""repair_17""}, {""connected_to"": ""3de72026"", ""via"": ""bank_account"", ""value"": ""ES67781085""}]",0.18181818181818182,20,2,9,13,20,1,19,46,33,65,58,15,33,39
ES29088754,2024-07-27,0ab73345,Zone_52,35 Avenida Central,insured_3@mail.com,06a7308f,PF6093,Insured_3,600189326,repair_11,injury,,1,18,0.011293744875156993,18,0.5034965034965035,73,"[{""connected_to"": ""c06aa294"", ""via"": ""bank_account"", ""value"": ""ES29088754""}, {""connected_to"": ""b40777f6"", ""via"": ""insurer_phone_number"", ""value"": 600189326}, {""connected_to"": ""4c287ede"", ""via"": ""repair_shop"", ""value"": ""repair_11""}, {""connected_to"": ""2fdaa093"", ""via"": ""claim_location"", ""value"": ""Zone_52""}, {""connected_to"": ""07e13cb7"", ""via"": ""bank_account"", ""value"": ""ES29088754""}, {""connected_to"": ""f4a75ecd"", ""via"": ""insurer_address"", ""value"": ""35 Avenida Central""}, {""connected_to"": ""fb3640e4"", ""via"": ""claim_location"", ""value"": ""Zone_52""}, {""connected_to"": ""1b344808"", ""via"": ""bank_account"", ""value"": ""ES29088754""}, {""connected_to"": ""35c1dbd1"", ""via"": ""bank_account"", ""value"": ""ES29088754""}, {""connected_to"": ""bf3e5d6f"", ""via"": ""repair_shop"", ""value"": ""repair_11""}, {""connected_to"": ""b205b267"", ""via"": ""repair_shop"", ""value"": ""repair_11""}, {""connected_to"": ""e73b8797"", ""via"": ""bank_account"", ""value"": ""ES29088754""}, {""connected_to"": ""d2ed0339"", ""via"": ""insurer_phone_number"", ""value"": 600189326}]",0.18055555555555555,22,2,9,14,22,2,19,48,34,71,64,15,33,40
ES71007570,2024-07-27,c93a329f,Zone_78,6 Avenida Central,insured_195@mail.com,3c8029fc,AP1093,Insured_195,600997261,repair_18,collision,,1,18,0.011928669238900534,18,0.4931506849315068,73,"[{""connected_to"": ""4f111138"", ""via"": ""bank_account"", ""value"": ""ES71007570""}, {""connected_to"": ""a4b96898"", ""via"": ""claim_location"", ""value"": ""Zone_78""}, {""connected_to"": ""dbb83833"", ""via"": ""insurer_phone_number"", ""value"": 600997261}, {""connected_to"": ""b9d5e6dc"", ""via"": ""claim_location"", ""value"": ""Zone_78""}, {""connected_to"": ""7634221b"", ""via"": ""insurer_phone_number"", ""value"": 600997261}, {""connected_to"": ""5257a996"", ""via"": ""insurer_phone_number"", ""value"": 600997261}, {""connected_to"": ""1704ee21"", ""via"": ""bank_account"", ""value"": ""ES71007570""}, {""connected_to"": ""f949707f"", ""via"": ""insurer_phone_number"", ""value"": 600997261}, {""connected_to"": ""608a6c32"", ""via"": ""bank_account"", ""value"": ""ES71007570""}, {""connected_to"": ""35c1dbd1"", ""via"": ""insurer_address"", ""value"": ""6 Avenida Central""}, {""connected_to"": ""d387f17a"", ""via"": ""repair_shop"", ""value"": ""repair_18""}, {""connected_to"": ""5b0e5acd"", ""via"": ""claim_location"", ""value"": ""Zone_78""}]",0.16666666666666666,22,2,9,14,22,2,19,48,34,71,64,15,33,40
ES42901579,2024-07-27,91ebb156,Zone_11,2 Avenida Central,insured_4@mail.com,665c6ca0,JO1026,Insured_4,600481783,repair_39,injury,OD8760,1,18,0.007235282619859903,18,0.4675324675324675,73,"[{""connected_to"": ""90a7e45b"", ""via"": ""repair_shop"", ""value"": ""repair_39""}, {""connected_to"": ""a2cef4f7"", ""via"": ""bank_account"", ""value"": ""ES42901579""}, {""connected_to"": ""11c352f3"", ""via"": ""insurer_phone_number"", ""value"": 600481783}, {""connected_to"": ""71d88f8f"", ""via"": ""bank_account"", ""value"": ""ES42901579""}, {""connected_to"": ""2fdaa093"", ""via"": ""third_party_license_plate"", ""value"": ""OD8760""}, {""connected_to"": ""efc3d4b7"", ""via"": ""bank_account"", ""value"": ""ES42901579""}, {""connected_to"": ""fb3640e4"", ""via"": ""bank_account"", ""value"": ""ES42901579""}, {""connected_to"": ""1b344808"", ""via"": ""insurer_phone_number"", ""value"": 600481783}, {""connected_to"": ""6db026f9"", ""via"": ""insurer_phone_number"", ""value"": 600481783}]",0.125,22,2,9,14,22,2,19,48,34,71,64,15,33,40
ES95330972,2024-07-27,d2ed0339,Zone_46,40 Avenida Central,insured_80@mail.com,f9f0cd8f,EB9656,Insured_80,600189326,repair_34,injury,JG5050,0,18,0.010525122220796802,18,0.5217391304347826,73,"[{""connected_to"": ""b40777f6"", ""via"": ""insurer_phone_number"", ""value"": 600189326}, {""connected_to"": ""48734acd"", ""via"": ""bank_account"", ""value"": ""ES95330972""}, {""connected_to"": ""2db8cd46"", ""via"": ""claim_location"", ""value"": ""Zone_46""}, {""connected_to"": ""4cdc9102"", ""via"": ""insurer_address"", ""value"": ""40 Avenida Central""}, {""connected_to"": ""63429b74"", ""via"": ""repair_shop"", ""value"": ""repair_34""}, {""connected_to"": ""efc3d4b7"", ""via"": ""insurer_address"", ""value"": ""40 Avenida Central""}, {""connected_to"": ""1b344808"", ""via"": ""repair_shop"", ""value"": ""repair_34""}, {""connected_to"": ""e039d1f7"", ""via"": ""insurer_address"", ""value"": ""40 Avenida Central""}, {""connected_to"": ""e73b8797"", ""via"": ""insurer_address"", ""value"": ""40 Avenida Central""}, {""connected_to"": ""91c88928"", ""via"": ""repair_shop"", ""value"": ""repair_34""}, {""connected_to"": ""0ab73345"", ""via"": ""insurer_phone_number"", ""value"": 600189326}, {""connected_to"": ""2a6e407a"", ""via"": ""repair_shop"", ""value"": ""repair_34""}]",0.16666666666666666,22,2,9,14,22,2,19,48,34,71,64,15,33,40
ES97868719,2024-07-27,6db026f9,Zone_19,39 Avenida Central,insured_37@mail.com,13db4f2c,CG9182,Insured_37,600481783,repair_31,collision,,0,18,0.0010533377004515046,18,0.4235294117647059,73,"[{""connected_to"": ""d8033cc3"", ""via"": ""insurer_address"", ""value"": ""39 Avenida Central""}, {""connected_to"": ""11c352f3"", ""via"": ""insurer_phone_number"", ""value"": 600481783}, {""connected_to"": ""2fdaa093"", ""via"": ""bank_account"", ""value"": ""ES97868719""}, {""connected_to"": ""07e13cb7"", ""via"": ""insurer_address"", ""value"": ""39 Avenida Central""}, {""connected_to"": ""1b344808"", ""via"": ""insurer_phone_number"", ""value"": 600481783}, {""connected_to"": ""91ebb156"", ""via"": ""insurer_phone_number"", ""value"": 600481783}]",0.08333333333333333,22,2,9,14,22,2,19,48,34,71,64,15,33,40
ES82859036,2024-07-27,2a6e407a,Zone_66,30 Avenida Central,insured_45@mail.com,1d95ac65,LM1492,Insured_45,600596153,repair_34,collision,,0,18,0.024911301173242206,18,0.5454545454545454,73,"[{""connected_to"": ""1028b1e7"", ""via"": ""insurer_phone_number"", ""value"": 600596153}, {""connected_to"": ""4c287ede"", ""via"": ""insurer_phone_number"", ""value"": 600596153}, {""connected_to"": ""9849c843"", ""via"": ""bank_account"", ""value"": ""ES82859036""}, {""connected_to"": ""7c9666a8"", ""via"": ""bank_account"", ""value"": ""ES82859036""}, {""connected_to"": ""5adc9a25"", ""via"": ""bank_account"", ""value"": ""ES82859036""}, {""connected_to"": ""f28e3ec7"", ""via"": ""bank_account"", ""value"": ""ES82859036""}, {""connected_to"": ""5257a996"", ""via"": ""insurer_address"", ""value"": ""30 Avenida Central""}, {""connected_to"": ""07e13cb7"", ""via"": ""insurer_phone_number"", ""value"": 600596153}, {""connected_to"": ""63429b74"", ""via"": ""repair_shop"", ""value"": ""repair_34""}, {""connected_to"": ""f4a75ecd"", ""via"": ""insurer_phone_number"", ""value"": 600596153}, {""connected_to"": ""1b344808"", ""via"": ""repair_shop"", ""value"": ""repair_34""}, {""connected_to"": ""f949707f"", ""via"": ""claim_location"", ""value"": ""Zone_66""}, {""connected_to"": ""42bf7d42"", ""via"": ""insurer_phone_number"", ""value"": 600596153}, {""connected_to"": ""608a6c32"", ""via"": ""insurer_address"", ""value"": ""30 Avenida Central""}, {""connected_to"": ""b205b267"", ""via"": ""insurer_address"", ""value"": ""30 Avenida Central""}, {""connected_to"": ""91c88928"", ""via"": ""repair_shop"", ""value"": ""repair_34""}, {""connected_to"": ""d2ed0339"", ""via"": ""repair_shop"", ""value"": ""repair_34""}]",0.2361111111111111,22,2,9,14,22,2,19,48,34,71,64,15,33,40
ES42953246,2024-07-28,a86c8802,Zone_65,28 Avenida Central,insured_160@mail.com,1b221d9e,IL5920,Insured_160,600621704,repair_19,injury,MN6901,1,19,0.011587247470886687,19,0.5302013422818792,80,"[{""connected_to"": ""dbfb58bf"", ""via"": ""insurer_address"", ""value"": ""28 Avenida Central""}, {""connected_to"": ""48734acd"", ""via"": ""insurer_email"", ""value"": ""insured_160@mail.com""}, {""connected_to"": ""d8033cc3"", ""via"": ""bank_account"", ""value"": ""ES42953246""}, {""connected_to"": ""b9d5e6dc"", ""via"": ""insurer_phone_number"", ""value"": 600621704}, {""connected_to"": ""4c287ede"", ""via"": ""bank_account"", ""value"": ""ES42953246""}, {""connected_to"": ""2db8cd46"", ""via"": ""insurer_phone_number"", ""value"": 600621704}, {""connected_to"": ""c9504603"", ""via"": ""insurer_phone_number"", ""value"": 600621704}, {""connected_to"": ""11c352f3"", ""via"": ""bank_account"", ""value"": ""ES42953246""}, {""connected_to"": ""4cdc9102"", ""via"": ""bank_account"", ""value"": ""ES42953246""}, {""connected_to"": ""1704ee21"", ""via"": ""insurer_phone_number"", ""value"": 600621704}, {""connected_to"": ""608a6c32"", ""via"": ""insurer_license_plate"", ""value"": ""IL5920""}, {""connected_to"": ""35c1dbd1"", ""via"": ""insurer_phone_number"", ""value"": 600621704}, {""connected_to"": ""c04a4443"", ""via"": ""insurer_address"", ""value"": ""28 Avenida Central""}, {""connected_to"": ""ca8b2ffe"", ""via"": ""repair_shop"", ""value"": ""repair_19""}]",0.17721518987341772,23,3,11,15,27,2,20,51,34,77,68,15,34,43
ES73593231,2024-07-28,bb742b13,Zone_67,31 Avenida Central,insured_71@mail.com,c75171a5,AL2457,Insured_71,600997261,repair_29,injury,KK9103,0,19,0.006978484916362385,19,0.49375,80,"[{""connected_to"": ""dbb83833"", ""via"": ""insurer_phone_number"", ""value"": 600997261}, {""connected_to"": ""b9d5e6dc"", ""via"": ""bank_account"", ""value"": ""ES73593231""}, {""connected_to"": ""7634221b"", ""via"": ""insurer_phone_number"", ""value"": 600997261}, {""connected_to"": ""5257a996"", ""via"": ""insurer_phone_number"", ""value"": 600997261}, {""connected_to"": ""71d88f8f"", ""via"": ""claim_location"", ""value"": ""Zone_67""}, {""connected_to"": ""21c54feb"", ""via"": ""bank_account"", ""value"": ""ES73593231""}, {""connected_to"": ""f949707f"", ""via"": ""insurer_phone_number"", ""value"": 600997261}, {""connected_to"": ""5b0e5acd"", ""via"": ""repair_shop"", ""value"": ""repair_29""}, {""connected_to"": ""6c2948c2"", ""via"": ""insurer_address"", ""value"": ""31 Avenida Central""}, {""connected_to"": ""c93a329f"", ""via"": ""insurer_phone_number"", ""value"": 600997261}, {""connected_to"": ""4fd0f508"", ""via"": ""insurer_phone_number"", ""value"": 600997261}, {""connected_to"": ""ca8b2ffe"", ""via"": ""bank_account"", ""value"": ""ES73593231""}]",0.1518987341772152,23,3,11,15,27,2,20,51,34,77,68,15,34,43
ES54795355,2024-07-28,c04a4443,Zone_43,28 Avenida Central,insured_42@mail.com,439c00eb,OH7336,Insured_42,600432795,repair_5,collision,,1,19,0.011284427157991939,19,0.5096774193548387,80,"[{""connected_to"": ""dbfb58bf"", ""via"": ""insurer_address"", ""value"": ""28 Avenida Central""}, {""connected_to"": ""b08e7bfd"", ""via"": ""insurer_phone_number"", ""value"": 600432795}, {""connected_to"": ""ab824ba6"", ""via"": ""bank_account"", ""value"": ""ES54795355""}, {""connected_to"": ""9849c843"", ""via"": ""repair_shop"", ""value"": ""repair_5""}, {""connected_to"": ""deb6383f"", ""via"": ""insurer_phone_number"", ""value"": 600432795}, {""connected_to"": ""7c2166f9"", ""via"": ""repair_shop"", ""value"": ""repair_5""}, {""connected_to"": ""709da1d8"", ""via"": ""bank_account"", ""value"": ""ES54795355""}, {""connected_to"": ""c6eb903b"", ""via"": ""insurer_phone_number"", ""value"": 600432795}, {""connected_to"": ""d387f17a"", ""via"": ""bank_account"", ""value"": ""ES54795355""}, {""connected_to"": ""bf3e5d6f"", ""via"": ""bank_account"", ""value"": ""ES54795355""}, {""connected_to"": ""5b0e5acd"", ""via"": ""bank_account"", ""value"": ""ES54795355""}, {""connected_to"": ""e4b967fc"", ""via"": ""insurer_phone_number"", ""value"": 600432795}, {""connected_to"": ""a86c8802"", ""via"": ""insurer_address"", ""value"": ""28 Avenida Central""}, {""connected_to"": ""ef4d9ae4"", ""via"": ""bank_account"", ""value"": ""ES54795355""}]",0.17721518987341772,23,3,11,15,27,2,20,51,34,77,68,15,34,43
ES64784211,2024-07-28,3a3d6e6e,Zone_15,15 Avenida Central,insured_136@mail.com,b47c4189,IB6158,Insured_136,600596153,repair_22,injury,,1,19,0.005915620215068173,19,0.48466257668711654,80,"[{""connected_to"": ""b40777f6"", ""via"": ""insurer_address"", ""value"": ""15 Avenida Central""}, {""connected_to"": ""1028b1e7"", ""via"": ""insurer_phone_number"", ""value"": 600596153}, {""connected_to"": ""4c287ede"", ""via"": ""insurer_phone_number"", ""value"": 600596153}, {""connected_to"": ""11c352f3"", ""via"": ""insurer_address"", ""value"": ""15 Avenida Central""}, {""connected_to"": ""71d88f8f"", ""via"": ""repair_shop"", ""value"": ""repair_22""}, {""connected_to"": ""07e13cb7"", ""via"": ""insurer_phone_number"", ""value"": 600596153}, {""connected_to"": ""f4a75ecd"", ""via"": ""insurer_phone_number"", ""value"": 600596153}, {""connected_to"": ""1b344808"", ""via"": ""claim_location"", ""value"": ""Zone_15""}, {""connected_to"": ""42bf7d42"", ""via"": ""insurer_phone_number"", ""value"": 600596153}, {""connected_to"": ""3de72026"", ""via"": ""claim_location"", ""value"": ""Zone_15""}, {""connected_to"": ""2a6e407a"", ""via"": ""insurer_phone_number"", ""value"": 600596153}]",0.13924050632911392,23,3,11,15,27,2,20,51,34,77,68,15,34,43
ES54795355,2024-07-28,ef4d9ae4,Zone_71,5 Avenida Central,insured_124@mail.com,93c8dbe4,IG3009,Insured_124,600664650,repair_9,collision,KC8145,1,19,0.018758943576674007,19,0.5524475524475524,80,"[{""connected_to"": ""3dbeee40"", ""via"": ""insurer_address"", ""value"": ""5 Avenida Central""}, {""connected_to"": ""d8033cc3"", ""via"": ""insurer_phone_number"", ""value"": 600664650}, {""connected_to"": ""ab824ba6"", ""via"": ""bank_account"", ""value"": ""ES54795355""}, {""connected_to"": ""2db8cd46"", ""via"": ""insurer_address"", ""value"": ""5 Avenida Central""}, {""connected_to"": ""51ef5249"", ""via"": ""insurer_address"", ""value"": ""5 Avenida Central""}, {""connected_to"": ""1b005a35"", ""via"": ""insurer_phone_number"", ""value"": 600664650}, {""connected_to"": ""deb6383f"", ""via"": ""bank_account"", ""value"": ""ES54795355""}, {""connected_to"": ""71d88f8f"", ""via"": ""insurer_phone_number"", ""value"": 600664650}, {""connected_to"": ""709da1d8"", ""via"": ""insurer_phone_number"", ""value"": 600664650}, {""connected_to"": ""1704ee21"", ""via"": ""repair_shop"", ""value"": ""repair_9""}, {""connected_to"": ""efc3d4b7"", ""via"": ""insurer_phone_number"", ""value"": 600664650}, {""connected_to"": ""fb3640e4"", ""via"": ""insurer_phone_number"", ""value"": 600664650}, {""connected_to"": ""608a6c32"", ""via"": ""insurer_phone_number"", ""value"": 600664650}, {""connected_to"": ""d387f17a"", ""via"": ""bank_account"", ""value"": ""ES54795355""}, {""connected_to"": ""ea9d7eb4"", ""via"": ""insurer_phone_number"", ""value"": 600664650}, {""connected_to"": ""bf3e5d6f"", ""via"": ""bank_account"", ""value"": ""ES54795355""}, {""connected_to"": ""5b0e5acd"", ""via"": ""bank_account"", ""value"": ""ES54795355""}, {""connected_to"": ""c04a4443"", ""via"": ""bank_account"", ""value"": ""ES54795355""}]",0.22784810126582278,23,3,11,15,27,2,20,51,34,77,68,15,34,43
ES12961077,2024-07-28,4fd0f508,Zone_70,33 Avenida Central,insured_59@mail.com,f5d52594,EL1845,Insured_59,600997261,repair_32,injury,,1,19,0.026840214466596148,19,0.5563380281690141,80,"[{""connected_to"": ""c06aa294"", ""via"": ""repair_shop"", ""value"": ""repair_32""}, {""connected_to"": ""b40777f6"", ""via"": ""insurer_license_plate"", ""value"": ""EL1845""}, {""connected_to"": ""dbb83833"", ""via"": ""insurer_phone_number"", ""value"": 600997261}, {""connected_to"": ""b9d5e6dc"", ""via"": ""insurer_license_plate"", ""value"": ""EL1845""}, {""connected_to"": ""9849c843"", ""via"": ""insurer_address"", ""value"": ""33 Avenida Central""}, {""connected_to"": ""5adc9a25"", ""via"": ""repair_shop"", ""value"": ""repair_32""}, {""connected_to"": ""7634221b"", ""via"": ""insurer_phone_number"", ""value"": 600997261}, {""connected_to"": ""c9504603"", ""via"": ""insurer_address"", ""value"": ""33 Avenida Central""}, {""connected_to"": ""5257a996"", ""via"": ""insurer_phone_number"", ""value"": 600997261}, {""connected_to"": ""0146fadf"", ""via"": ""bank_account"", ""value"": ""ES12961077""}, {""connected_to"": ""7c2166f9"", ""via"": ""insurer_address"", ""value"": ""33 Avenida Central""}, {""connected_to"": ""1704ee21"", ""via"": ""claim_location"", ""value"": ""Zone_70""}, {""connected_to"": ""fb3640e4"", ""via"": ""insurer_address"", ""value"": ""33 Avenida Central""}, {""connected_to"": ""f949707f"", ""via"": ""insurer_phone_number"", ""value"": 600997261}, {""connected_to"": ""42bf7d42"", ""via"": ""insurer_address"", ""value"": ""33 Avenida Central""}, {""connected_to"": ""baa5ea2a"", ""via"": ""claim_location"", ""value"": ""Zone_70""}, {""connected_to"": ""c93a329f"", ""via"": ""insurer_phone_number"", ""value"": 600997261}, {""connected_to"": ""bb742b13"", ""via"": ""insurer_phone_number"", ""value"": 600997261}]",0.22784810126582278,23,3,11,15,27,2,20,51,34,77,68,15,34,43
ES73593231,2024-07-28,ca8b2ffe,Zone_45,25 Avenida Central,insured_130@mail.com,4deeab1b,LC4785,Insured_130,600354258,repair_19,injury,,1,19,0.0076550010639877255,19,0.4906832298136646,80,"[{""connected_to"": ""d8033cc3"", ""via"": ""insurer_license_plate"", ""value"": ""LC4785""}, {""connected_to"": ""b9d5e6dc"", ""via"": ""bank_account"", ""value"": ""ES73593231""}, {""connected_to"": ""7c9666a8"", ""via"": ""insurer_phone_number"", ""value"": 600354258}, {""connected_to"": ""51ef5249"", ""via"": ""claim_location"", ""value"": ""Zone_45""}, {""connected_to"": ""5257a996"", ""via"": ""bank_account"", ""value"": ""ES73593231""}, {""connected_to"": ""21c54feb"", ""via"": ""bank_account"", ""value"": ""ES73593231""}, {""connected_to"": ""63429b74"", ""via"": ""insurer_address"", ""value"": ""25 Avenida Central""}, {""connected_to"": ""e4b967fc"", ""via"": ""insurer_address"", ""value"": ""25 Avenida Central""}, {""connected_to"": ""a86c8802"", ""via"": ""repair_shop"", ""value"": ""repair_19""}, {""connected_to"": ""bb742b13"", ""via"": ""bank_account"", ""value"": ""ES73593231""}]",0.12658227848101267,23,3,11,15,27,2,20,51,34,77,68,15,34,43
ES82859036,2024-07-29,24e31115,Zone_23,2 Avenida Central,insured_168@mail.com,839647ca,KI9599,Insured_168,600354258,repair_8,collision,,1,20,0.0057160301842459505,20,0.46994535519125685,87,"[{""connected_to"": ""1028b1e7"", ""via"": ""bank_account"", ""value"": ""ES82859036""}, {""connected_to"": ""9849c843"", ""via"": ""bank_account"", ""value"": ""ES82859036""}, {""connected_to"": ""7c9666a8"", ""via"": ""insurer_phone_number"", ""value"": 600354258}, {""connected_to"": ""5adc9a25"", ""via"": ""bank_account"", ""value"": ""ES82859036""}, {""connected_to"": ""f28e3ec7"", ""via"": ""bank_account"", ""value"": ""ES82859036""}, {""connected_to"": ""f4a75ecd"", ""via"": ""repair_shop"", ""value"": ""repair_8""}, {""connected_to"": ""f76a94f8"", ""via"": ""claim_location"", ""value"": ""Zone_23""}, {""connected_to"": ""b205b267"", ""via"": ""claim_location"", ""value"": ""Zone_23""}, {""connected_to"": ""91c88928"", ""via"": ""bank_account"", ""value"": ""ES82859036""}, {""connected_to"": ""91ebb156"", ""via"": ""insurer_address"", ""value"": ""2 Avenida Central""}, {""connected_to"": ""2a6e407a"", ""via"": ""bank_account"", ""value"": ""ES82859036""}, {""connected_to"": ""ca8b2ffe"", ""via"": ""insurer_phone_number"", ""value"": 600354258}, {""connected_to"": ""8379280e"", ""via"": ""insurer_phone_number"", ""value"": 600354258}]",0.1511627906976744,25,5,12,15,28,3,20,54,35,82,73,15,36,43
ES29088754,2024-07-29,a0e2a79f,Zone_31,15 Avenida Central,insured_136@mail.com,b47c4189,DG3242,Insured_136,600664650,repair_36,injury,KC8145,0,20,0.01401507150496554,20,0.5443037974683544,87,"[{""connected_to"": ""c06aa294"", ""via"": ""bank_account"", ""value"": ""ES29088754""}, {""connected_to"": ""b40777f6"", ""via"": ""insurer_address"", ""value"": ""15 Avenida Central""}, {""connected_to"": ""d8033cc3"", ""via"": ""insurer_phone_number"", ""value"": 600664650}, {""connected_to"": ""a25a1ebb"", ""via"": ""insurer_license_plate"", ""value"": ""DG3242""}, {""connected_to"": ""1b005a35"", ""via"": ""insurer_phone_number"", ""value"": 600664650}, {""connected_to"": ""11c352f3"", ""via"": ""insurer_address"", ""value"": ""15 Avenida Central""}, {""connected_to"": ""71d88f8f"", ""via"": ""insurer_phone_number"", ""value"": 600664650}, {""connected_to"": ""709da1d8"", ""via"": ""insurer_phone_number"", ""value"": 600664650}, {""connected_to"": ""07e13cb7"", ""via"": ""bank_account"", ""value"": ""ES29088754""}, {""connected_to"": ""efc3d4b7"", ""via"": ""insurer_phone_number"", ""value"": 600664650}, {""connected_to"": ""fb3640e4"", ""via"": ""insurer_phone_number"", ""value"": 600664650}, {""connected_to"": ""1b344808"", ""via"": ""bank_account"", ""value"": ""ES29088754""}, {""connected_to"": ""608a6c32"", ""via"": ""insurer_phone_number"", ""value"": 600664650}, {""connected_to"": ""35c1dbd1"", ""via"": ""bank_account"", ""value"": ""ES29088754""}, {""connected_to"": ""ea9d7eb4"", ""via"": ""insurer_phone_number"", ""value"": 600664650}, {""connected_to"": ""e73b8797"", ""via"": ""bank_account"", ""value"": ""ES29088754""}, {""connected_to"": ""0ab73345"", ""via"": ""bank_account"", ""value"": ""ES29088754""}, {""connected_to"": ""3a3d6e6e"", ""via"": ""insurer_email"", ""value"": ""insured_136@mail.com""}, {""connected_to"": ""ef4d9ae4"", ""via"": ""insurer_phone_number"", ""value"": 600664650}]",0.22093023255813954,25,5,12,15,28,3,20,54,35,82,73,15,36,43
ES42953246,2024-07-29,ed782d93,Zone_70,21 Avenida Central,insured_192@mail.com,f9491a7c,PD7111,Insured_192,600596153,repair_17,collision,,0,20,0.020762065331037877,20,0.5584415584415584,87,"[{""connected_to"": ""1028b1e7"", ""via"": ""insurer_phone_number"", ""value"": 600596153}, {""connected_to"": ""d8033cc3"", ""via"": ""bank_account"", ""value"": ""ES42953246""}, {""connected_to"": ""ab824ba6"", ""via"": ""insurer_license_plate"", ""value"": ""PD7111""}, {""connected_to"": ""4c287ede"", ""via"": ""insurer_phone_number"", ""value"": 600596153}, {""connected_to"": ""11c352f3"", ""via"": ""bank_account"", ""value"": ""ES42953246""}, {""connected_to"": ""709da1d8"", ""via"": ""insurer_license_plate"", ""value"": ""PD7111""}, {""connected_to"": ""4cdc9102"", ""via"": ""bank_account"", ""value"": ""ES42953246""}, {""connected_to"": ""07e13cb7"", ""via"": ""insurer_phone_number"", ""value"": 600596153}, {""connected_to"": ""1704ee21"", ""via"": ""claim_location"", ""value"": ""Zone_70""}, {""connected_to"": ""f4a75ecd"", ""via"": ""insurer_phone_number"", ""value"": 600596153}, {""connected_to"": ""efc3d4b7"", ""via"": ""repair_shop"", ""value"": ""repair_17""}, {""connected_to"": ""42bf7d42"", ""via"": ""insurer_phone_number"", ""value"": 600596153}, {""connected_to"": ""f76a94f8"", ""via"": ""repair_shop"", ""value"": ""repair_17""}, {""connected_to"": ""baa5ea2a"", ""via"": ""claim_location"", ""value"": ""Zone_70""}, {""connected_to"": ""6c2948c2"", ""via"": ""repair_shop"", ""value"": ""repair_17""}, {""connected_to"": ""2a6e407a"", ""via"": ""insurer_phone_number"", ""value"": 600596153}, {""connected_to"": ""a86c8802"", ""via"": ""bank_account"", ""value"": ""ES42953246""}, {""connected_to"": ""3a3d6e6e"", ""via"": ""insurer_phone_number"", ""value"": 600596153}, {""connected_to"": ""4fd0f508"", ""via"": ""claim_location"", ""value"": ""Zone_70""}, {""connected_to"": ""e854cd62"", ""via"": ""insurer_phone_number"", ""value"": 600596153}]",0.23255813953488372,25,5,12,15,28,3,20,54,35,82,73,15,36,43
ES64784211,2024-07-29,0e3d08eb,Zone_58,34 Avenida Central,insured_44@mail.com,4c784c66,GK6045,Insured_44,600768374,repair_15,injury,EI7604,1,20,0.003266927609938965,20,0.4725274725274725,87,"[{""connected_to"": ""4cb83c72"", ""via"": ""insurer_address"", ""value"": ""34 Avenida Central""}, {""connected_to"": ""1b005a35"", ""via"": ""insurer_address"", ""value"": ""34 Avenida Central""}, {""connected_to"": ""7efe7072"", ""via"": ""insurer_phone_number"", ""value"": 600768374}, {""connected_to"": ""5d452b93"", ""via"": ""insurer_phone_number"", ""value"": 600768374}, {""connected_to"": ""63429b74"", ""via"": ""insurer_phone_number"", ""value"": 600768374}, {""connected_to"": ""ea9d7eb4"", ""via"": ""third_party_license_plate"", ""value"": ""EI7604""}, {""connected_to"": ""bf3e5d6f"", ""via"": ""insurer_phone_number"", ""value"": 600768374}, {""connected_to"": ""3a3d6e6e"", ""via"": ""bank_account"", ""value"": ""ES64784211""}, {""connected_to"": ""593855ae"", ""via"": ""bank_account"", ""value"": ""ES64784211""}]",0.10465116279069767,25,5,12,15,28,3,20,54,35,82,73,15,36,43
ES38273233,2024-07-29,8379280e,Zone_67,1 Avenida Central,insured_37@mail.com,13db4f2c,MB2757,Insured_37,600354258,repair_24,collision,,1,20,0.007162628905748801,20,0.4858757062146893,87,"[{""connected_to"": ""7c9666a8"", ""via"": ""insurer_phone_number"", ""value"": 600354258}, {""connected_to"": ""51ef5249"", ""via"": ""bank_account"", ""value"": ""ES38273233""}, {""connected_to"": ""71d88f8f"", ""via"": ""claim_location"", ""value"": ""Zone_67""}, {""connected_to"": ""f4a75ecd"", ""via"": ""bank_account"", ""value"": ""ES38273233""}, {""connected_to"": ""e039d1f7"", ""via"": ""repair_shop"", ""value"": ""repair_24""}, {""connected_to"": ""b205b267"", ""via"": ""bank_account"", ""value"": ""ES38273233""}, {""connected_to"": ""3de72026"", ""via"": ""insurer_address"", ""value"": ""1 Avenida Central""}, {""connected_to"": ""6db026f9"", ""via"": ""insurer_email"", ""value"": ""insured_37@mail.com""}, {""connected_to"": ""bb742b13"", ""via"": ""claim_location"", ""value"": ""Zone_67""}, {""connected_to"": ""ca8b2ffe"", ""via"": ""insurer_phone_number"", ""value"": 600354258}, {""connected_to"": ""24e31115"", ""via"": ""insurer_phone_number"", ""value"": 600354258}]",0.12790697674418605,25,5,12,15,28,3,20,54,35,82,73,15,36,43
ES97868719,2024-07-29,e854cd62,Zone_43,22 Avenida Central,insured_16@mail.com,e24bd48b,CC7994,Insured_16,600596153,repair_18,collision,,1,20,0.01226307585512637,20,0.5180722891566265,87,"[{""connected_to"": ""1028b1e7"", ""via"": ""insurer_phone_number"", ""value"": 600596153}, {""connected_to"": ""4c287ede"", ""via"": ""insurer_phone_number"", ""value"": 600596153}, {""connected_to"": ""2fdaa093"", ""via"": ""bank_account"", ""value"": ""ES97868719""}, {""connected_to"": ""07e13cb7"", ""via"": ""insurer_phone_number"", ""value"": 600596153}, {""connected_to"": ""1704ee21"", ""via"": ""insurer_address"", ""value"": ""22 Avenida Central""}, {""connected_to"": ""f4a75ecd"", ""via"": ""insurer_phone_number"", ""value"": 600596153}, {""connected_to"": ""42bf7d42"", ""via"": ""insurer_phone_number"", ""value"": 600596153}, {""connected_to"": ""d387f17a"", ""via"": ""repair_shop"", ""value"": ""repair_18""}, {""connected_to"": ""bf3e5d6f"", ""via"": ""insurer_address"", ""value"": ""22 Avenida Central""}, {""connected_to"": ""c93a329f"", ""via"": ""repair_shop"", ""value"": ""repair_18""}, {""connected_to"": ""6db026f9"", ""via"": ""bank_account"", ""value"": ""ES97868719""}, {""connected_to"": ""2a6e407a"", ""via"": ""insurer_phone_number"", ""value"": 600596153}, {""connected_to"": ""c04a4443"", ""via"": ""claim_location"", ""value"": ""Zone_43""}, {""connected_to"": ""3a3d6e6e"", ""via"": ""insurer_phone_number"", ""value"": 600596153}, {""connected_to"": ""ed782d93"", ""via"": ""insurer_phone_number"", ""value"": 600596153}]",0.1744186046511628,25,5,12,15,28,3,20,54,35,82,73,15,36,43
ES64784211,2024-07-29,593855ae,Zone_24,11 Avenida Central,insured_72@mail.com,6149291c,PI8769,Insured_72,600997261,repair_11,injury,,1,20,0.011099375028336184,20,0.5212121212121212,87,"[{""connected_to"": ""dbb83833"", ""via"": ""insurer_phone_number"", ""value"": 600997261}, {""connected_to"": ""4c287ede"", ""via"": ""repair_shop"", ""value"": ""repair_11""}, {""connected_to"": ""7634221b"", ""via"": ""insurer_phone_number"", ""value"": 600997261}, {""connected_to"": ""5257a996"", ""via"": ""insurer_phone_number"", ""value"": 600997261}, {""connected_to"": ""709da1d8"", ""via"": ""insurer_address"", ""value"": ""11 Avenida Central""}, {""connected_to"": ""f949707f"", ""via"": ""insurer_phone_number"", ""value"": 600997261}, {""connected_to"": ""bf3e5d6f"", ""via"": ""repair_shop"", ""value"": ""repair_11""}, {""connected_to"": ""5b0e5acd"", ""via"": ""insurer_address"", ""value"": ""11 Avenida Central""}, {""connected_to"": ""b205b267"", ""via"": ""repair_shop"", ""value"": ""repair_11""}, {""connected_to"": ""0ab73345"", ""via"": ""repair_shop"", ""value"": ""repair_11""}, {""connected_to"": ""c93a329f"", ""via"": ""insurer_phone_number"", ""value"": 600997261}, {""connected_to"": ""bb742b13"", ""via"": ""insurer_phone_number"", ""value"": 600997261}, {""connected_to"": ""3a3d6e6e"", ""via"": ""bank_account"", ""value"": ""ES64784211""}, {""connected_to"": ""4fd0f508"", ""via"": ""insurer_phone_number"", ""value"": 600997261}, {""connected_to"": ""0e3d08eb"", ""via"": ""bank_account"", ""value"": ""ES64784211""}]",0.1744186046511628,25,5,12,15,28,3,20,54,35,82,73,15,36,43
ES12961077,2024-07-30,1238c8f5,Zone_34,37 Avenida Central,insured_194@mail.com,3bf0f222,BA4722,Insured_194,600664650,repair_37,collision,OF5903,1,20,0.005973545738230404,21,0.5178571428571429,88,"[{""connected_to"": ""d8033cc3"", ""via"": ""insurer_phone_number"", ""value"": 600664650}, {""connected_to"": ""1b005a35"", ""via"": ""insurer_phone_number"", ""value"": 600664650}, {""connected_to"": ""0146fadf"", ""via"": ""bank_account"", ""value"": ""ES12961077""}, {""connected_to"": ""71d88f8f"", ""via"": ""insurer_phone_number"", ""value"": 600664650}, {""connected_to"": ""709da1d8"", ""via"": ""insurer_phone_number"", ""value"": 600664650}, {""connected_to"": ""21c54feb"", ""via"": ""claim_location"", ""value"": ""Zone_34""}, {""connected_to"": ""efc3d4b7"", ""via"": ""insurer_phone_number"", ""value"": 600664650}, {""connected_to"": ""fb3640e4"", ""via"": ""insurer_phone_number"", ""value"": 600664650}, {""connected_to"": ""f76a94f8"", ""via"": ""insurer_address"", ""value"": ""37 Avenida Central""}, {""connected_to"": ""608a6c32"", ""via"": ""insurer_phone_number"", ""value"": 600664650}, {""connected_to"": ""ea9d7eb4"", ""via"": ""insurer_phone_number"", ""value"": 600664650}, {""connected_to"": ""ef4d9ae4"", ""via"": ""insurer_phone_number"", ""value"": 600664650}, {""connected_to"": ""4fd0f508"", ""via"": ""bank_account"", ""value"": ""ES12961077""}, {""connected_to"": ""a0e2a79f"", ""via"": ""insurer_phone_number"", ""value"": 600664650}]",0.16091954022988506,26,5,12,15,28,3,20,54,35,83,74,15,37,44
ES14234477,2024-07-31,5e9d92cf,Zone_27,31 Avenida Central,insured_120@mail.com,6089ff9f,JL2882,Insured_120,600354258,repair_21,collision,,1,20,0.0,24,0.0,94,"[{""connected_to"": ""dbb83833"", ""via"": ""insurer_address"", ""value"": ""31 Avenida Central""}, {""connected_to"": ""7c9666a8"", ""via"": ""insurer_phone_number"", ""value"": 600354258}, {""connected_to"": ""4cb83c72"", ""via"": ""bank_account"", ""value"": ""ES14234477""}, {""connected_to"": ""7634221b"", ""via"": ""insurer_address"", ""value"": ""31 Avenida Central""}, {""connected_to"": ""c9504603"", ""via"": ""bank_account"", ""value"": ""ES14234477""}, {""connected_to"": ""a022bc0f"", ""via"": ""bank_account"", ""value"": ""ES14234477""}, {""connected_to"": ""6c2948c2"", ""via"": ""insurer_address"", ""value"": ""31 Avenida Central""}, {""connected_to"": ""bb742b13"", ""via"": ""insurer_address"", ""value"": ""31 Avenida Central""}, {""connected_to"": ""ca8b2ffe"", ""via"": ""insurer_phone_number"", ""value"": 600354258}, {""connected_to"": ""24e31115"", ""via"": ""insurer_phone_number"", ""value"": 600354258}, {""connected_to"": ""8379280e"", ""via"": ""insurer_phone_number"", ""value"": 600354258}]",0.0,27,6,12,15,29,3,20,55,35,88,79,15,37,48
ES71007570,2024-07-31,26e7f538,Zone_22,38 Avenida Central,insured_15@mail.com,9469791a,NI8555,Insured_15,600768374,repair_29,injury,AP1093,1,20,0.005427579382794409,24,0.4793814432989691,94,"[{""connected_to"": ""4f111138"", ""via"": ""bank_account"", ""value"": ""ES71007570""}, {""connected_to"": ""b9d5e6dc"", ""via"": ""insurer_address"", ""value"": ""38 Avenida Central""}, {""connected_to"": ""7efe7072"", ""via"": ""insurer_phone_number"", ""value"": 600768374}, {""connected_to"": ""5d452b93"", ""via"": ""insurer_phone_number"", ""value"": 600768374}, {""connected_to"": ""63429b74"", ""via"": ""insurer_phone_number"", ""value"": 600768374}, {""connected_to"": ""1704ee21"", ""via"": ""bank_account"", ""value"": ""ES71007570""}, {""connected_to"": ""608a6c32"", ""via"": ""bank_account"", ""value"": ""ES71007570""}, {""connected_to"": ""ea9d7eb4"", ""via"": ""claim_location"", ""value"": ""Zone_22""}, {""connected_to"": ""bf3e5d6f"", ""via"": ""insurer_phone_number"", ""value"": 600768374}, {""connected_to"": ""5b0e5acd"", ""via"": ""repair_shop"", ""value"": ""repair_29""}, {""connected_to"": ""c93a329f"", ""via"": ""bank_account"", ""value"": ""ES71007570""}, {""connected_to"": ""bb742b13"", ""via"": ""repair_shop"", ""value"": ""repair_29""}, {""connected_to"": ""0e3d08eb"", ""via"": ""insurer_phone_number"", ""value"": 600768374}]",0.13978494623655915,27,6,12,15,29,3,20,55,35,88,79,15,37,48
ES67781085,2024-07-31,d88fa9c6,Zone_69,5 Avenida Central,insured_62@mail.com,b318fe3e,MF9165,Insured_62,600335293,repair_27,injury,NL9999,1,20,0.010583888899187004,24,0.5344827586206896,94,"[{""connected_to"": ""3dbeee40"", ""via"": ""insurer_address"", ""value"": ""5 Avenida Central""}, {""connected_to"": ""b40777f6"", ""via"": ""bank_account"", ""value"": ""ES67781085""}, {""connected_to"": ""dbfb58bf"", ""via"": ""insurer_phone_number"", ""value"": 600335293}, {""connected_to"": ""48734acd"", ""via"": ""insurer_phone_number"", ""value"": 600335293}, {""connected_to"": ""a4b96898"", ""via"": ""repair_shop"", ""value"": ""repair_27""}, {""connected_to"": ""ab824ba6"", ""via"": ""insurer_phone_number"", ""value"": 600335293}, {""connected_to"": ""a25a1ebb"", ""via"": ""insurer_phone_number"", ""value"": 600335293}, {""connected_to"": ""2db8cd46"", ""via"": ""insurer_address"", ""value"": ""5 Avenida Central""}, {""connected_to"": ""51ef5249"", ""via"": ""insurer_phone_number"", ""value"": 600335293}, {""connected_to"": ""1b005a35"", ""via"": ""bank_account"", ""value"": ""ES67781085""}, {""connected_to"": ""5d452b93"", ""via"": ""bank_account"", ""value"": ""ES67781085""}, {""connected_to"": ""4cdc9102"", ""via"": ""insurer_phone_number"", ""value"": 600335293}, {""connected_to"": ""07e13cb7"", ""via"": ""repair_shop"", ""value"": ""repair_27""}, {""connected_to"": ""21c54feb"", ""via"": ""insurer_phone_number"", ""value"": 600335293}, {""connected_to"": ""f949707f"", ""via"": ""bank_account"", ""value"": ""ES67781085""}, {""connected_to"": ""35c1dbd1"", ""via"": ""claim_location"", ""value"": ""Zone_69""}, {""connected_to"": ""3de72026"", ""via"": ""insurer_phone_number"", ""value"": 600335293}, {""connected_to"": ""6c2948c2"", ""via"": ""bank_account"", ""value"": ""ES67781085""}, {""connected_to"": ""ef4d9ae4"", ""via"": ""insurer_address"", ""value"": ""5 Avenida Central""}]",0.20430107526881722,27,6,12,15,29,3,20,55,35,88,79,15,37,48
ES12961077,2024-07-31,bdb8cc65,Zone_15,22 Avenida Central,insured_162@mail.com,2b971400,PD7111,Insured_162,600379103,repair_6,injury,PI8769,1,20,0.012462087153484727,24,0.5254237288135594,94,"[{""connected_to"": ""ab824ba6"", ""via"": ""insurer_license_plate"", ""value"": ""PD7111""}, {""connected_to"": ""fc2f929f"", ""via"": ""insurer_phone_number"", ""value"": 600379103}, {""connected_to"": ""0146fadf"", ""via"": ""insurer_phone_number"", ""value"": 600379103}, {""connected_to"": ""709da1d8"", ""via"": ""insurer_license_plate"", ""value"": ""PD7111""}, {""connected_to"": ""1704ee21"", ""via"": ""insurer_address"", ""value"": ""22 Avenida Central""}, {""connected_to"": ""a022bc0f"", ""via"": ""insurer_phone_number"", ""value"": 600379103}, {""connected_to"": ""fb3640e4"", ""via"": ""repair_shop"", ""value"": ""repair_6""}, {""connected_to"": ""1b344808"", ""via"": ""claim_location"", ""value"": ""Zone_15""}, {""connected_to"": ""42bf7d42"", ""via"": ""repair_shop"", ""value"": ""repair_6""}, {""connected_to"": ""bf3e5d6f"", ""via"": ""insurer_address"", ""value"": ""22 Avenida Central""}, {""connected_to"": ""3de72026"", ""via"": ""claim_location"", ""value"": ""Zone_15""}, {""connected_to"": ""6c2948c2"", ""via"": ""insurer_phone_number"", ""value"": 600379103}, {""connected_to"": ""3a3d6e6e"", ""via"": ""claim_location"", ""value"": ""Zone_15""}, {""connected_to"": ""4fd0f508"", ""via"": ""bank_account"", ""value"": ""ES12961077""}, {""connected_to"": ""ed782d93"", ""via"": ""insurer_license_plate"", ""value"": ""PD7111""}, {""connected_to"": ""e854cd62"", ""via"": ""insurer_address"", ""value"": ""22 Avenida Central""}, {""connected_to"": ""1238c8f5"", ""via"": ""bank_account"", ""value"": ""ES12961077""}]",0.1827956989247312,27,6,12,15,29,3,20,55,35,88,79,15,37,48
ES87084490,2024-07-31,5baa7dfc,Zone_50,18 Avenida Central,insured_187@mail.com,30dd5dfb,CN1110,Insured_187,600446081,repair_9,collision,KO6483,1,20,0.02190561138197627,24,0.5502958579881657,94,"[{""connected_to"": ""90a7e45b"", ""via"": ""insurer_address"", ""value"": ""18 Avenida Central""}, {""connected_to"": ""3dbeee40"", ""via"": ""bank_account"", ""value"": ""ES87084490""}, {""connected_to"": ""a2cef4f7"", ""via"": ""insurer_phone_number"", ""value"": 600446081}, {""connected_to"": ""a4b96898"", ""via"": ""insurer_phone_number"", ""value"": 600446081}, {""connected_to"": ""dbb83833"", ""via"": ""bank_account"", ""value"": ""ES87084490""}, {""connected_to"": ""a25a1ebb"", ""via"": ""bank_account"", ""value"": ""ES87084490""}, {""connected_to"": ""4c287ede"", ""via"": ""insurer_address"", ""value"": ""18 Avenida Central""}, {""connected_to"": ""9849c843"", ""via"": ""insurer_phone_number"", ""value"": 600446081}, {""connected_to"": ""fc2f929f"", ""via"": ""bank_account"", ""value"": ""ES87084490""}, {""connected_to"": ""7c9666a8"", ""via"": ""insurer_address"", ""value"": ""18 Avenida Central""}, {""connected_to"": ""2db8cd46"", ""via"": ""bank_account"", ""value"": ""ES87084490""}, {""connected_to"": ""5adc9a25"", ""via"": ""claim_location"", ""value"": ""Zone_50""}, {""connected_to"": ""f28e3ec7"", ""via"": ""insurer_phone_number"", ""value"": 600446081}, {""connected_to"": ""1704ee21"", ""via"": ""repair_shop"", ""value"": ""repair_9""}, {""connected_to"": ""cd2da2b4"", ""via"": ""insurer_phone_number"", ""value"": 600446081}, {""connected_to"": ""c6eb903b"", ""via"": ""bank_account"", ""value"": ""ES87084490""}, {""connected_to"": ""f949707f"", ""via"": ""insurer_email"", ""value"": ""insured_187@mail.com""}, {""connected_to"": ""f76a94f8"", ""via"": ""insurer_phone_number"", ""value"": 600446081}, {""connected_to"": ""baa5ea2a"", ""via"": ""insurer_address"", ""value"": ""18 Avenida Central""}, {""connected_to"": ""ef4d9ae4"", ""via"": ""repair_shop"", ""value"": ""repair_9""}]",0.21505376344086025,27,6,12,15,29,3,20,55,35,88,79,15,37,48
ES51016557,2024-07-31,8554a2c8,Zone_47,35 Avenida Central,insured_74@mail.com,98063b16,CA9909,Insured_74,600826184,repair_23,injury,,1,20,0.0038781867992453423,24,0.4696969696969697,94,"[{""connected_to"": ""4f111138"", ""via"": ""insurer_phone_number"", ""value"": 600826184}, {""connected_to"": ""51ef5249"", ""via"": ""repair_shop"", ""value"": ""repair_23""}, {""connected_to"": ""7634221b"", ""via"": ""repair_shop"", ""value"": ""repair_23""}, {""connected_to"": ""7efe7072"", ""via"": ""bank_account"", ""value"": ""ES51016557""}, {""connected_to"": ""7c2166f9"", ""via"": ""insurer_phone_number"", ""value"": 600826184}, {""connected_to"": ""f4a75ecd"", ""via"": ""insurer_address"", ""value"": ""35 Avenida Central""}, {""connected_to"": ""5b0e5acd"", ""via"": ""insurer_phone_number"", ""value"": 600826184}, {""connected_to"": ""baa5ea2a"", ""via"": ""insurer_phone_number"", ""value"": 600826184}, {""connected_to"": ""0ab73345"", ""via"": ""insurer_address"", ""value"": ""35 Avenida Central""}]",0.09677419354838711,27,6,12,15,29,3,20,55,35,88,79,15,37,48
