insurer_email,n_claims,fraud_rate
user0@ex.com,3,0.0
user1001@ex.com,1,0.0
user1002@ex.com,1,0.0
user1004@ex.com,1,0.0
user1005@ex.com,2,0.0
user1006@ex.com,1,0.0
user1008@ex.com,1,0.0
user1012@ex.com,1,0.0
user1013@ex.com,1,0.0
user1016@ex.com,1,0.0
user1018@ex.com,1,0.0
user1019@ex.com,1,0.0
user101@ex.com,1,0.0
user1020@ex.com,2,0.0
user1022@ex.com,2,0.5
user1024@ex.com,1,0.0
user1025@ex.com,1,0.0
user1027@ex.com,2,0.0
user1028@ex.com,1,0.0
user1029@ex.com,1,0.0
user102@ex.com,1,0.0
user1030@ex.com,1,0.0
user1035@ex.com,2,0.5
user1037@ex.com,1,0.0
user1038@ex.com,1,0.0
user1039@ex.com,1,0.0
user103@ex.com,1,0.0
user1040@ex.com,1,0.0
user1043@ex.com,2,0.0
user1044@ex.com,1,0.0
user1045@ex.com,1,0.0
user1046@ex.com,1,0.0
user1047@ex.com,1,0.0
user1048@ex.com,1,1.0
user1049@ex.com,1,0.0
user104@ex.com,3,0.0
user1059@ex.com,1,0.0
user105@ex.com,2,0.0
user1060@ex.com,1,0.0
user1062@ex.com,1,0.0
user1063@ex.com,1,0.0
user1064@ex.com,1,0.0
user1065@ex.com,1,0.0
user1066@ex.com,1,0.0
user1068@ex.com,1,0.0
user1069@ex.com,1,0.0
user1070@ex.com,2,0.0
user1071@ex.com,2,0.0
user1073@ex.com,3,0.0
user1075@ex.com,2,0.0
user1076@ex.com,2,0.0
user1077@ex.com,2,0.0
user1078@ex.com,1,0.0
user1079@ex.com,1,0.0
user107@ex.com,1,0.0
user1080@ex.com,2,0.5
user1081@ex.com,2,0.0
user1082@ex.com,3,0.0
user1083@ex.com,1,0.0
user1084@ex.com,1,0.0
user1086@ex.com,1,0.0
user1088@ex.com,4,0.0
user1091@ex.com,2,0.0
user1092@ex.com,2,0.0
user1094@ex.com,1,0.0
user1096@ex.com,2,0.0
user1097@ex.com,1,0.0
user10@ex.com,2,0.0
user1102@ex.com,2,0.0
user1104@ex.com,1,0.0
user1107@ex.com,1,0.0
user1108@ex.com,1,0.0
user110@ex.com,1,0.0
user1110@ex.com,1,0.0
user1111@ex.com,2,0.0
user1113@ex.com,1,0.0
user1114@ex.com,2,0.0
user1115@ex.com,1,0.0
user1116@ex.com,1,0.0
user111@ex.com,1,0.0
user1121@ex.com,1,0.0
user1122@ex.com,1,0.0
user1123@ex.com,1,1.0
user1125@ex.com,1,0.0
user1127@ex.com,1,0.0
user1128@ex.com,2,0.0
user1129@ex.com,1,0.0
user112@ex.com,1,0.0
user1130@ex.com,3,0.3333333333333333
user1132@ex.com,1,0.0
user1133@ex.com,1,0.0
user1135@ex.com,2,1.0
user1136@ex.com,1,0.0
user1137@ex.com,1,0.0
user1138@ex.com,2,0.0
user1139@ex.com,2,0.0
user113@ex.com,2,0.0
user1140@ex.com,1,0.0
user1142@ex.com,2,0.5
user1146@ex.com,1,1.0
user1148@ex.com,4,0.0
user1149@ex.com,4,0.25
user1150@ex.com,1,0.0
user1151@ex.com,1,0.0
user1152@ex.com,2,0.0
user1154@ex.com,1,0.0
user1156@ex.com,1,1.0
user115@ex.com,1,0.0
user1160@ex.com,1,0.0
user1161@ex.com,1,1.0
user1162@ex.com,1,0.0
user1164@ex.com,1,0.0
user1165@ex.com,1,0.0
user1166@ex.com,1,0.0
user1168@ex.com,1,0.0
user1169@ex.com,3,0.0
user116@ex.com,1,0.0
user1170@ex.com,2,0.0
user1172@ex.com,1,1.0
user1174@ex.com,1,1.0
user1175@ex.com,1,0.0
user1177@ex.com,1,0.0
user1179@ex.com,1,0.0
user117@ex.com,1,1.0
user1180@ex.com,2,0.0
user1181@ex.com,1,0.0
user1182@ex.com,1,0.0
user1183@ex.com,2,0.0
user1184@ex.com,4,0.0
user1187@ex.com,1,1.0
user1188@ex.com,1,0.0
user1189@ex.com,1,0.0
user1192@ex.com,1,0.0
user1193@ex.com,1,0.0
user1195@ex.com,1,1.0
user1196@ex.com,1,0.0
user1197@ex.com,1,0.0
user1198@ex.com,2,0.0
user1199@ex.com,2,1.0
user119@ex.com,2,0.0
user11@ex.com,3,0.0
user1200@ex.com,3,0.0
user1201@ex.com,1,0.0
user1202@ex.com,2,0.0
user1203@ex.com,2,0.5
user1206@ex.com,2,0.0
user1209@ex.com,2,0.0
user1211@ex.com,2,0.0
user1212@ex.com,1,0.0
user1213@ex.com,1,1.0
user1215@ex.com,2,0.0
user1216@ex.com,2,0.5
user1217@ex.com,2,0.0
user1218@ex.com,1,0.0
user1219@ex.com,1,0.0
user1220@ex.com,1,0.0
user1221@ex.com,1,0.0
user1222@ex.com,1,0.0
user1224@ex.com,1,0.0
user1226@ex.com,1,0.0
user1229@ex.com,1,0.0
user1231@ex.com,2,0.5
user1232@ex.com,1,0.0
user1233@ex.com,2,0.0
user1234@ex.com,1,0.0
user1235@ex.com,2,0.0
user1236@ex.com,2,0.5
user1237@ex.com,2,0.5
user1238@ex.com,1,0.0
user1239@ex.com,1,1.0
user123@ex.com,1,0.0
user1243@ex.com,2,0.0
user1246@ex.com,1,0.0
user1249@ex.com,1,0.0
user124@ex.com,1,0.0
user1253@ex.com,1,0.0
user1257@ex.com,1,0.0
user1259@ex.com,1,0.0
user125@ex.com,1,0.0
user1262@ex.com,1,0.0
user1263@ex.com,1,0.0
user1264@ex.com,1,0.0
user1266@ex.com,1,0.0
user1267@ex.com,1,0.0
user1269@ex.com,1,1.0
user126@ex.com,1,0.0
user1270@ex.com,2,0.5
user1272@ex.com,1,0.0
user1275@ex.com,1,0.0
user1277@ex.com,1,0.0
user1278@ex.com,1,1.0
user127@ex.com,1,0.0
user1280@ex.com,1,0.0
user1283@ex.com,3,0.3333333333333333
user1285@ex.com,1,0.0
user1286@ex.com,2,0.0
user1287@ex.com,2,0.0
user1290@ex.com,2,0.0
user1291@ex.com,2,0.0
user1292@ex.com,1,0.0
user1297@ex.com,1,1.0
user1299@ex.com,1,0.0
user12@ex.com,2,0.0
user1300@ex.com,3,0.0
user1301@ex.com,3,0.0
user1302@ex.com,1,0.0
user1303@ex.com,1,0.0
user1304@ex.com,2,0.0
user1305@ex.com,3,0.0
user1307@ex.com,1,0.0
user1308@ex.com,3,0.3333333333333333
user130@ex.com,1,1.0
user1311@ex.com,2,0.0
user1312@ex.com,1,0.0
user1313@ex.com,1,0.0
user1314@ex.com,1,0.0
user1315@ex.com,1,0.0
user1317@ex.com,1,0.0
user1319@ex.com,1,0.0
user131@ex.com,1,0.0
user1320@ex.com,1,0.0
user1324@ex.com,2,0.5
user1325@ex.com,2,0.0
user1327@ex.com,1,0.0
user1328@ex.com,2,0.0
user1330@ex.com,1,0.0
user1331@ex.com,3,0.0
user1333@ex.com,1,0.0
user1334@ex.com,1,0.0
user1335@ex.com,4,0.0
user1336@ex.com,1,0.0
user1338@ex.com,2,0.5
user1339@ex.com,2,0.0
user133@ex.com,1,0.0
user1340@ex.com,3,0.3333333333333333
user1341@ex.com,1,0.0
user1344@ex.com,1,0.0
user1345@ex.com,3,0.3333333333333333
user1348@ex.com,1,0.0
user1349@ex.com,3,0.0
user134@ex.com,1,0.0
user1351@ex.com,2,0.0
user1352@ex.com,1,0.0
user135@ex.com,3,0.0
user1360@ex.com,4,0.5
user1363@ex.com,1,0.0
user1364@ex.com,1,0.0
user1366@ex.com,2,0.0
user1367@ex.com,2,0.0
user1368@ex.com,2,0.0
user136@ex.com,2,0.0
user1372@ex.com,1,0.0
user1374@ex.com,3,0.0
user1375@ex.com,1,0.0
user1377@ex.com,1,0.0
user1378@ex.com,3,0.0
user1379@ex.com,1,0.0
user137@ex.com,1,0.0
user1381@ex.com,4,0.0
user1384@ex.com,3,0.6666666666666666
user1385@ex.com,2,0.5
user1387@ex.com,2,0.5
user1388@ex.com,1,0.0
user1389@ex.com,1,0.0
user1390@ex.com,3,0.0
user1392@ex.com,2,0.5
user1394@ex.com,1,0.0
user1396@ex.com,1,0.0
user13@ex.com,1,0.0
user1400@ex.com,2,0.0
user1401@ex.com,2,0.0
user1404@ex.com,1,0.0
user1405@ex.com,1,1.0
user1406@ex.com,1,0.0
user1408@ex.com,1,0.0
user140@ex.com,1,0.0
user1410@ex.com,1,0.0
user1411@ex.com,1,0.0
user1413@ex.com,1,1.0
user1416@ex.com,1,0.0
user1419@ex.com,1,0.0
user141@ex.com,3,0.0
user1420@ex.com,4,0.25
user1421@ex.com,1,0.0
user1424@ex.com,1,0.0
user1426@ex.com,1,1.0
user1427@ex.com,1,1.0
user1432@ex.com,1,0.0
user1433@ex.com,1,0.0
user1435@ex.com,1,0.0
user1436@ex.com,2,0.0
user1437@ex.com,1,0.0
user1439@ex.com,1,0.0
user1440@ex.com,1,0.0
user1442@ex.com,1,1.0
user1443@ex.com,3,0.3333333333333333
user1444@ex.com,1,0.0
user1445@ex.com,1,0.0
user1446@ex.com,1,0.0
user1447@ex.com,2,0.5
user144@ex.com,2,0.5
user1451@ex.com,2,0.0
user1453@ex.com,1,1.0
user1454@ex.com,2,0.5
user1455@ex.com,2,0.0
user1456@ex.com,1,0.0
user1457@ex.com,1,1.0
user1458@ex.com,3,0.0
user1459@ex.com,1,0.0
user1460@ex.com,2,0.0
user1461@ex.com,1,0.0
user1462@ex.com,3,0.0
user1463@ex.com,3,0.3333333333333333
user1469@ex.com,1,0.0
user1470@ex.com,1,1.0
user1473@ex.com,1,0.0
user1475@ex.com,1,0.0
user1478@ex.com,2,0.0
user147@ex.com,1,0.0
user1483@ex.com,4,0.0
user1488@ex.com,3,0.0
user1489@ex.com,1,0.0
user1490@ex.com,1,0.0
user1492@ex.com,2,0.0
user1494@ex.com,1,0.0
user1495@ex.com,1,0.0
user1496@ex.com,2,0.5
user1498@ex.com,1,0.0
user1499@ex.com,1,0.0
user149@ex.com,1,0.0
user14@ex.com,1,0.0
user1500@ex.com,1,0.0
user1501@ex.com,1,0.0
user1502@ex.com,1,0.0
user1503@ex.com,4,0.0
user1504@ex.com,3,0.0
user1506@ex.com,1,0.0
user1507@ex.com,1,0.0
user1508@ex.com,1,0.0
user1509@ex.com,2,0.0
user150@ex.com,1,0.0
user1510@ex.com,2,0.0
user1511@ex.com,2,0.0
user1512@ex.com,1,0.0
user1514@ex.com,1,0.0
user1515@ex.com,2,0.0
user1516@ex.com,1,0.0
user1517@ex.com,1,0.0
user1518@ex.com,2,0.5
user1519@ex.com,2,0.0
user1522@ex.com,3,0.3333333333333333
user1523@ex.com,1,0.0
user1524@ex.com,1,0.0
user1525@ex.com,1,0.0
user1526@ex.com,1,0.0
user1528@ex.com,2,0.0
user1530@ex.com,2,0.0
user1533@ex.com,2,0.0
user1534@ex.com,1,0.0
user1535@ex.com,1,0.0
user1536@ex.com,2,0.0
user1537@ex.com,1,1.0
user1538@ex.com,1,1.0
user153@ex.com,1,0.0
user1540@ex.com,1,1.0
user1541@ex.com,2,0.0
user1544@ex.com,1,0.0
user1547@ex.com,1,0.0
user1549@ex.com,1,0.0
user154@ex.com,1,0.0
user1551@ex.com,3,0.0
user1552@ex.com,1,0.0
user1555@ex.com,3,0.0
user1556@ex.com,1,0.0
user1558@ex.com,3,0.0
user155@ex.com,1,0.0
user1562@ex.com,4,0.0
user1563@ex.com,1,1.0
user1564@ex.com,2,0.0
user1565@ex.com,2,0.0
user1566@ex.com,2,0.0
user1568@ex.com,1,0.0
user1569@ex.com,2,0.0
user1571@ex.com,3,0.0
user1573@ex.com,1,0.0
user1575@ex.com,2,0.0
user157@ex.com,1,1.0
user1583@ex.com,1,0.0
user1585@ex.com,3,0.0
user1586@ex.com,1,1.0
user1588@ex.com,2,0.0
user158@ex.com,2,0.0
user1591@ex.com,1,0.0
user1593@ex.com,2,0.0
user1597@ex.com,1,0.0
user1599@ex.com,1,0.0
user15@ex.com,1,0.0
user1604@ex.com,1,0.0
user1606@ex.com,5,0.0
user1607@ex.com,1,0.0
user1608@ex.com,1,0.0
user1609@ex.com,3,0.0
user160@ex.com,1,1.0
user1610@ex.com,1,0.0
user1611@ex.com,1,0.0
user1612@ex.com,3,0.0
user1614@ex.com,3,0.3333333333333333
user1617@ex.com,1,0.0
user1619@ex.com,1,0.0
user1621@ex.com,1,0.0
user1622@ex.com,1,0.0
user1624@ex.com,3,0.0
user1625@ex.com,1,0.0
user1626@ex.com,2,0.0
user1629@ex.com,2,0.0
user162@ex.com,2,1.0
user1630@ex.com,1,0.0
user1631@ex.com,4,0.0
user1632@ex.com,1,0.0
user1634@ex.com,2,0.5
user1636@ex.com,1,0.0
user1637@ex.com,1,1.0
user163@ex.com,2,0.0
user1640@ex.com,1,0.0
user1644@ex.com,1,0.0
user1646@ex.com,1,0.0
user1647@ex.com,1,0.0
user1649@ex.com,1,0.0
user164@ex.com,2,0.5
user1650@ex.com,2,0.5
user1651@ex.com,1,1.0
user1655@ex.com,4,0.0
user1657@ex.com,1,0.0
user1658@ex.com,1,0.0
user165@ex.com,1,0.0
user1660@ex.com,1,0.0
user1661@ex.com,1,0.0
user1662@ex.com,1,0.0
user1663@ex.com,1,0.0
user1665@ex.com,1,0.0
user1666@ex.com,2,0.0
user1668@ex.com,2,0.5
user166@ex.com,1,0.0
user1671@ex.com,1,0.0
user1673@ex.com,1,0.0
user1678@ex.com,2,0.5
user1680@ex.com,2,0.0
user1682@ex.com,1,0.0
user1683@ex.com,1,0.0
user1685@ex.com,1,0.0
user1687@ex.com,1,0.0
user1689@ex.com,1,1.0
user168@ex.com,3,0.0
user1691@ex.com,2,0.5
user1693@ex.com,1,0.0
user1694@ex.com,1,0.0
user1695@ex.com,2,0.0
user1697@ex.com,2,0.5
user1698@ex.com,1,0.0
user1699@ex.com,1,0.0
user1702@ex.com,3,0.0
user1704@ex.com,1,1.0
user1705@ex.com,3,0.3333333333333333
user1707@ex.com,2,0.0
user1708@ex.com,1,0.0
user1709@ex.com,2,0.5
user170@ex.com,2,0.5
user1712@ex.com,1,0.0
user1714@ex.com,1,0.0
user1715@ex.com,3,0.0
user1716@ex.com,1,0.0
user1717@ex.com,3,0.3333333333333333
user1718@ex.com,1,0.0
user1719@ex.com,2,0.5
user1721@ex.com,1,0.0
user1723@ex.com,2,0.5
user1724@ex.com,3,0.3333333333333333
user1725@ex.com,2,0.0
user1729@ex.com,2,0.0
user1731@ex.com,3,0.0
user1732@ex.com,1,0.0
user1733@ex.com,1,0.0
user1734@ex.com,2,0.0
user1738@ex.com,1,0.0
user1739@ex.com,4,0.0
user173@ex.com,3,0.6666666666666666
user1740@ex.com,2,0.0
user1741@ex.com,1,0.0
user1744@ex.com,2,0.0
user1747@ex.com,1,0.0
user1748@ex.com,1,1.0
user1749@ex.com,1,0.0
user174@ex.com,2,0.0
user1750@ex.com,1,0.0
user1753@ex.com,1,0.0
user1754@ex.com,1,0.0
user1755@ex.com,1,0.0
user1756@ex.com,2,0.0
user1757@ex.com,1,0.0
user1758@ex.com,1,0.0
user1759@ex.com,4,0.5
user175@ex.com,2,0.5
user1760@ex.com,2,0.0
user1762@ex.com,1,0.0
user1763@ex.com,1,0.0
user1766@ex.com,2,0.0
user1768@ex.com,3,0.0
user176@ex.com,1,0.0
user1770@ex.com,1,0.0
user1771@ex.com,2,0.0
user1774@ex.com,2,0.0
user1776@ex.com,2,0.5
user1777@ex.com,3,0.0
user1778@ex.com,1,0.0
user1779@ex.com,2,0.0
user177@ex.com,1,0.0
user1781@ex.com,2,0.0
user1786@ex.com,2,0.0
user1787@ex.com,3,0.0
user178@ex.com,1,0.0
user1790@ex.com,1,0.0
user1791@ex.com,1,0.0
user1792@ex.com,1,0.0
user1793@ex.com,3,0.0
user1795@ex.com,3,0.0
user1796@ex.com,2,0.0
user1797@ex.com,1,0.0
user179@ex.com,2,0.0
user1800@ex.com,1,0.0
user1801@ex.com,1,0.0
user1804@ex.com,1,0.0
user1805@ex.com,1,0.0
user1807@ex.com,2,0.0
user1809@ex.com,2,0.0
user180@ex.com,1,0.0
user1810@ex.com,1,0.0
user1812@ex.com,2,0.0
user1813@ex.com,2,0.0
user1817@ex.com,3,0.3333333333333333
user1818@ex.com,1,0.0
user181@ex.com,1,0.0
user1820@ex.com,1,0.0
user1822@ex.com,4,0.25
user1823@ex.com,5,0.2
user1825@ex.com,4,0.0
user1827@ex.com,2,0.0
user1828@ex.com,2,0.0
user1829@ex.com,1,0.0
user182@ex.com,2,0.0
user1830@ex.com,1,0.0
user1831@ex.com,2,0.0
user1832@ex.com,4,0.25
user1833@ex.com,1,0.0
user1834@ex.com,2,0.0
user1835@ex.com,1,0.0
user1840@ex.com,2,0.0
user1841@ex.com,1,0.0
user1842@ex.com,1,0.0
user1843@ex.com,2,0.0
user1844@ex.com,1,0.0
user1845@ex.com,1,0.0
user1846@ex.com,1,1.0
user1848@ex.com,4,0.5
user184@ex.com,1,1.0
user1851@ex.com,2,0.0
user1852@ex.com,1,0.0
user1854@ex.com,1,0.0
user1856@ex.com,4,0.5
user1857@ex.com,1,0.0
user1859@ex.com,1,0.0
user1860@ex.com,1,1.0
user1861@ex.com,1,0.0
user1863@ex.com,1,1.0
user1864@ex.com,1,0.0
user1867@ex.com,1,1.0
user1869@ex.com,1,0.0
user1871@ex.com,2,0.0
user1872@ex.com,1,0.0
user1875@ex.com,2,0.0
user1877@ex.com,1,0.0
user1878@ex.com,2,0.5
user187@ex.com,2,0.0
user1881@ex.com,1,0.0
user1882@ex.com,2,0.0
user1883@ex.com,1,0.0
user1884@ex.com,5,0.0
user1885@ex.com,1,0.0
user1886@ex.com,1,0.0
user1890@ex.com,1,0.0
user1891@ex.com,1,0.0
user1893@ex.com,1,0.0
user1895@ex.com,4,0.5
user1896@ex.com,2,0.0
user1897@ex.com,2,0.5
user1898@ex.com,1,0.0
user189@ex.com,1,1.0
user18@ex.com,2,0.0
user1900@ex.com,1,0.0
user1903@ex.com,3,0.3333333333333333
user1904@ex.com,1,0.0
user1906@ex.com,2,0.5
user1907@ex.com,1,0.0
user1909@ex.com,1,0.0
user190@ex.com,3,0.0
user1910@ex.com,2,0.0
user1911@ex.com,1,0.0
user1912@ex.com,1,0.0
user1914@ex.com,2,0.0
user1915@ex.com,2,0.0
user1916@ex.com,2,0.0
user1918@ex.com,1,1.0
user191@ex.com,1,0.0
user1921@ex.com,3,0.0
user1922@ex.com,4,0.0
user1923@ex.com,1,0.0
user1925@ex.com,1,0.0
user1929@ex.com,2,0.0
user1932@ex.com,1,0.0
user1934@ex.com,1,0.0
user1938@ex.com,2,0.0
user1939@ex.com,3,0.0
user193@ex.com,1,0.0
user1944@ex.com,1,0.0
user1946@ex.com,1,0.0
user1948@ex.com,1,0.0
user1949@ex.com,2,0.0
user194@ex.com,1,0.0
user1951@ex.com,1,0.0
user1954@ex.com,2,0.0
user1955@ex.com,1,0.0
user1956@ex.com,1,0.0
user1957@ex.com,2,0.0
user1958@ex.com,1,0.0
user1959@ex.com,2,0.0
user1960@ex.com,2,0.0
user1961@ex.com,1,0.0
user1962@ex.com,1,1.0
user1965@ex.com,1,0.0
user1966@ex.com,1,0.0
user1968@ex.com,2,0.0
user1969@ex.com,1,0.0
user1971@ex.com,4,0.25
user1972@ex.com,1,0.0
user1973@ex.com,1,0.0
user1974@ex.com,1,0.0
user1977@ex.com,2,0.0
user1979@ex.com,1,0.0
user1980@ex.com,1,0.0
user1981@ex.com,2,0.0
user1982@ex.com,1,0.0
user1983@ex.com,1,0.0
user1985@ex.com,3,0.3333333333333333
user1986@ex.com,1,0.0
user1988@ex.com,1,1.0
user198@ex.com,1,0.0
user1990@ex.com,1,0.0
user1992@ex.com,2,0.0
user1993@ex.com,1,0.0
user1995@ex.com,2,0.0
user1996@ex.com,1,0.0
user1998@ex.com,1,0.0
user1@ex.com,1,0.0
user2002@ex.com,1,0.0
user2003@ex.com,2,0.0
user2004@ex.com,1,0.0
user2005@ex.com,1,0.0
user2006@ex.com,1,0.0
user2007@ex.com,2,0.0
user2008@ex.com,1,0.0
user2009@ex.com,1,0.0
user200@ex.com,2,0.0
user2010@ex.com,2,0.0
user2011@ex.com,2,0.0
user2012@ex.com,1,0.0
user2014@ex.com,2,0.0
user2017@ex.com,7,0.0
user2018@ex.com,2,0.5
user201@ex.com,2,0.0
user2020@ex.com,1,0.0
user2023@ex.com,1,0.0
user2024@ex.com,1,0.0
user2025@ex.com,1,1.0
user2028@ex.com,1,1.0
user2031@ex.com,1,0.0
user2032@ex.com,2,0.5
user2033@ex.com,1,0.0
user2034@ex.com,1,0.0
user2035@ex.com,2,0.0
user2036@ex.com,1,0.0
user2037@ex.com,1,0.0
user2039@ex.com,1,0.0
user203@ex.com,2,0.0
user2042@ex.com,1,0.0
user2043@ex.com,1,0.0
user2045@ex.com,1,1.0
user2046@ex.com,2,0.5
user2047@ex.com,1,0.0
user2049@ex.com,1,0.0
user2052@ex.com,1,0.0
user2053@ex.com,2,0.0
user2056@ex.com,3,0.6666666666666666
user2057@ex.com,1,0.0
user2058@ex.com,1,0.0
user2059@ex.com,1,0.0
user2060@ex.com,1,0.0
user2061@ex.com,1,0.0
user2062@ex.com,1,0.0
user2063@ex.com,1,0.0
user2064@ex.com,2,0.0
user2066@ex.com,2,0.0
user2068@ex.com,1,1.0
user206@ex.com,1,0.0
user2070@ex.com,1,0.0
user2072@ex.com,2,0.0
user2073@ex.com,2,0.0
user2074@ex.com,2,0.5
user2075@ex.com,1,0.0
user2077@ex.com,1,0.0
user2081@ex.com,1,1.0
user2083@ex.com,1,0.0
user2084@ex.com,1,0.0
user2085@ex.com,1,0.0
user2087@ex.com,2,0.0
user2088@ex.com,2,0.0
user2089@ex.com,2,0.0
user2091@ex.com,2,0.0
user2094@ex.com,2,0.0
user2097@ex.com,1,0.0
user2098@ex.com,1,0.0
user2099@ex.com,3,0.0
user209@ex.com,1,0.0
user20@ex.com,1,0.0
user2100@ex.com,5,0.2
user2102@ex.com,1,0.0
user2103@ex.com,1,0.0
user2104@ex.com,1,0.0
user2105@ex.com,1,0.0
user2108@ex.com,2,0.0
user2111@ex.com,1,0.0
user2114@ex.com,2,0.0
user2116@ex.com,1,0.0
user2117@ex.com,3,0.6666666666666666
user2119@ex.com,3,0.3333333333333333
user211@ex.com,1,0.0
user2121@ex.com,1,0.0
user2122@ex.com,1,0.0
user2123@ex.com,1,0.0
user2124@ex.com,1,0.0
user2127@ex.com,1,0.0
user212@ex.com,3,0.0
user2130@ex.com,1,0.0
user2131@ex.com,1,0.0
user2132@ex.com,2,0.0
user2133@ex.com,1,0.0
user2134@ex.com,1,0.0
user2135@ex.com,3,0.3333333333333333
user2136@ex.com,1,0.0
user2137@ex.com,2,0.0
user2140@ex.com,1,0.0
user2141@ex.com,1,0.0
user2144@ex.com,1,0.0
user2147@ex.com,1,0.0
user2149@ex.com,1,0.0
user214@ex.com,1,1.0
user2150@ex.com,1,0.0
user2152@ex.com,4,0.25
user2155@ex.com,3,0.0
user2156@ex.com,1,0.0
user2157@ex.com,1,0.0
user2158@ex.com,1,0.0
user2159@ex.com,3,0.0
user215@ex.com,1,0.0
user2160@ex.com,3,0.3333333333333333
user2162@ex.com,1,1.0
user2167@ex.com,1,0.0
user2168@ex.com,1,0.0
user2169@ex.com,1,0.0
user216@ex.com,3,0.3333333333333333
user2171@ex.com,1,0.0
user2174@ex.com,1,0.0
user2175@ex.com,1,0.0
user2178@ex.com,3,0.3333333333333333
user2180@ex.com,2,0.0
user2183@ex.com,1,0.0
user2184@ex.com,3,0.0
user2186@ex.com,1,0.0
user2187@ex.com,1,1.0
user2188@ex.com,2,1.0
user2189@ex.com,1,1.0
user218@ex.com,1,0.0
user2190@ex.com,2,0.5
user2191@ex.com,3,0.0
user2193@ex.com,1,0.0
user2196@ex.com,1,0.0
user2199@ex.com,1,0.0
user21@ex.com,1,0.0
user2200@ex.com,1,0.0
user2201@ex.com,1,0.0
user2202@ex.com,1,0.0
user2203@ex.com,2,0.0
user2204@ex.com,1,0.0
user2206@ex.com,1,0.0
user2207@ex.com,2,0.0
user2208@ex.com,2,0.0
user2209@ex.com,1,0.0
user220@ex.com,1,0.0
user2210@ex.com,2,0.0
user2211@ex.com,1,1.0
user2212@ex.com,1,0.0
user2213@ex.com,2,0.0
user2214@ex.com,1,0.0
user2215@ex.com,1,0.0
user2219@ex.com,1,0.0
user221@ex.com,2,0.0
user2220@ex.com,1,0.0
user2221@ex.com,1,1.0
user2228@ex.com,1,0.0
user2229@ex.com,1,0.0
user222@ex.com,1,0.0
user2230@ex.com,2,0.5
user2231@ex.com,1,0.0
user2232@ex.com,1,0.0
user2233@ex.com,1,0.0
user2235@ex.com,1,1.0
user2236@ex.com,2,0.0
user2238@ex.com,4,0.0
user2239@ex.com,2,0.0
user223@ex.com,2,0.0
user2240@ex.com,1,0.0
user2243@ex.com,3,0.3333333333333333
user2246@ex.com,1,0.0
user2247@ex.com,1,0.0
user2248@ex.com,2,1.0
user2249@ex.com,1,0.0
user2251@ex.com,2,0.0
user2252@ex.com,1,0.0
user2255@ex.com,2,0.0
user2256@ex.com,3,1.0
user2257@ex.com,2,0.5
user2258@ex.com,2,0.5
user2259@ex.com,2,0.0
user2261@ex.com,2,0.0
user2267@ex.com,4,0.25
user2272@ex.com,2,0.0
user2273@ex.com,2,0.0
user2274@ex.com,2,0.0
user2276@ex.com,3,0.0
user2278@ex.com,1,0.0
user227@ex.com,2,0.0
user2280@ex.com,1,1.0
user2281@ex.com,1,0.0
user2282@ex.com,1,0.0
user2283@ex.com,1,0.0
user2284@ex.com,3,0.3333333333333333
user2286@ex.com,1,0.0
user2290@ex.com,1,0.0
user2291@ex.com,2,0.5
user2294@ex.com,1,0.0
user2295@ex.com,1,0.0
user2296@ex.com,1,0.0
user2298@ex.com,1,0.0
user2299@ex.com,2,0.0
user22@ex.com,1,0.0
user2300@ex.com,1,0.0
user2301@ex.com,2,0.0
user2302@ex.com,2,0.0
user2303@ex.com,1,0.0
user2304@ex.com,1,0.0
user2306@ex.com,1,0.0
user2308@ex.com,2,0.0
user2310@ex.com,3,0.0
user2311@ex.com,1,0.0
user2312@ex.com,1,0.0
user2316@ex.com,1,0.0
user2317@ex.com,1,0.0
user2322@ex.com,2,0.0
user2323@ex.com,1,1.0
user2324@ex.com,1,0.0
user2325@ex.com,1,0.0
user2326@ex.com,1,0.0
user2327@ex.com,1,0.0
user2329@ex.com,4,0.0
user2331@ex.com,1,0.0
user2333@ex.com,1,0.0
user2337@ex.com,1,0.0
user2339@ex.com,1,0.0
user233@ex.com,1,0.0
user2341@ex.com,2,0.0
user2342@ex.com,2,0.0
user2343@ex.com,1,0.0
user2344@ex.com,1,0.0
user2349@ex.com,2,0.0
user234@ex.com,2,0.0
user2350@ex.com,1,0.0
user2353@ex.com,2,0.5
user2356@ex.com,2,0.5
user2359@ex.com,1,0.0
user2361@ex.com,2,0.0
user2365@ex.com,1,0.0
user2366@ex.com,1,1.0
user2367@ex.com,1,0.0
user2369@ex.com,1,0.0
user236@ex.com,2,1.0
user2370@ex.com,1,0.0
user2371@ex.com,1,0.0
user2373@ex.com,1,0.0
user2375@ex.com,2,0.0
user2376@ex.com,2,0.5
user2378@ex.com,1,0.0
user2381@ex.com,2,0.0
user2382@ex.com,1,0.0
user2383@ex.com,1,0.0
user2385@ex.com,2,0.0
user2389@ex.com,1,0.0
user2391@ex.com,1,0.0
user2392@ex.com,3,0.0
user2394@ex.com,1,0.0
user2395@ex.com,2,0.0
user2396@ex.com,3,0.0
user2397@ex.com,1,0.0
user2398@ex.com,4,0.0
user239@ex.com,2,0.5
user23@ex.com,1,0.0
user2400@ex.com,1,0.0
user2402@ex.com,2,0.0
user2403@ex.com,1,0.0
user2404@ex.com,3,0.0
user2405@ex.com,1,0.0
user2406@ex.com,2,0.5
user2408@ex.com,1,0.0
user2409@ex.com,2,0.0
user240@ex.com,1,1.0
user2410@ex.com,1,0.0
user2412@ex.com,2,0.0
user2413@ex.com,1,0.0
user2414@ex.com,1,0.0
user2417@ex.com,2,0.0
user2419@ex.com,2,0.0
user241@ex.com,1,0.0
user2420@ex.com,2,0.0
user2421@ex.com,1,0.0
user2423@ex.com,1,0.0
user2426@ex.com,3,0.6666666666666666
user2427@ex.com,2,0.5
user2428@ex.com,1,1.0
user242@ex.com,1,1.0
user2430@ex.com,1,0.0
user2432@ex.com,2,0.0
user2434@ex.com,1,1.0
user2435@ex.com,1,0.0
user2436@ex.com,2,0.5
user2437@ex.com,4,0.25
user2441@ex.com,1,0.0
user2443@ex.com,1,0.0
user2445@ex.com,1,0.0
user2446@ex.com,2,0.5
user2447@ex.com,1,0.0
user2449@ex.com,1,1.0
user244@ex.com,1,0.0
user2450@ex.com,1,0.0
user2454@ex.com,1,0.0
user2455@ex.com,3,0.0
user2457@ex.com,1,1.0
user2458@ex.com,1,0.0
user2459@ex.com,2,0.0
user2460@ex.com,1,0.0
user2461@ex.com,1,0.0
user2463@ex.com,1,0.0
user2464@ex.com,1,0.0
user2465@ex.com,2,0.5
user2466@ex.com,2,0.0
user2469@ex.com,1,0.0
user2470@ex.com,2,0.0
user2471@ex.com,1,0.0
user2472@ex.com,3,0.3333333333333333
user2474@ex.com,1,1.0
user2477@ex.com,1,1.0
user247@ex.com,2,0.0
user2480@ex.com,1,1.0
user2483@ex.com,4,0.0
user2484@ex.com,1,1.0
user2485@ex.com,3,0.0
user2487@ex.com,1,1.0
user2489@ex.com,2,0.0
user248@ex.com,2,0.0
user2491@ex.com,3,0.3333333333333333
user2494@ex.com,1,1.0
user2495@ex.com,1,0.0
user2498@ex.com,1,0.0
user24@ex.com,1,0.0
user2500@ex.com,2,0.0
user2501@ex.com,2,0.0
user2502@ex.com,1,1.0
user2503@ex.com,3,0.0
user2506@ex.com,1,0.0
user2507@ex.com,1,1.0
user250@ex.com,3,0.3333333333333333
user2510@ex.com,2,0.0
user2512@ex.com,3,0.3333333333333333
user2513@ex.com,1,1.0
user2514@ex.com,2,0.0
user2519@ex.com,3,0.3333333333333333
user2520@ex.com,2,0.0
user2522@ex.com,1,0.0
user2523@ex.com,3,0.0
user2524@ex.com,3,0.0
user2525@ex.com,2,0.0
user2526@ex.com,1,0.0
user2527@ex.com,1,0.0
user2529@ex.com,3,0.0
user252@ex.com,2,0.5
user2530@ex.com,1,0.0
user2532@ex.com,2,0.0
user2533@ex.com,1,0.0
user2535@ex.com,1,0.0
user2537@ex.com,2,0.0
user2539@ex.com,2,0.0
user2542@ex.com,1,0.0
user2543@ex.com,3,0.3333333333333333
user2544@ex.com,1,0.0
user2546@ex.com,1,0.0
user2547@ex.com,1,0.0
user2548@ex.com,1,0.0
user2549@ex.com,2,0.0
user254@ex.com,2,0.0
user2550@ex.com,2,0.0
user2552@ex.com,3,0.3333333333333333
user2553@ex.com,1,0.0
user2554@ex.com,2,0.0
user2555@ex.com,2,0.0
user2556@ex.com,3,0.0
user2558@ex.com,2,0.5
user255@ex.com,1,0.0
user2560@ex.com,1,0.0
user2561@ex.com,4,0.5
user2562@ex.com,2,0.0
user2563@ex.com,2,0.0
user2564@ex.com,3,0.0
user2565@ex.com,1,1.0
user2569@ex.com,1,0.0
user2572@ex.com,2,0.0
user2573@ex.com,1,0.0
user2574@ex.com,1,0.0
user2576@ex.com,2,0.0
user2578@ex.com,1,1.0
user2579@ex.com,1,0.0
user257@ex.com,2,0.0
user2580@ex.com,2,0.0
user2581@ex.com,1,1.0
user2582@ex.com,2,0.0
user2583@ex.com,1,0.0
user2585@ex.com,2,0.0
user2587@ex.com,1,0.0
user2588@ex.com,1,1.0
user2589@ex.com,1,0.0
user258@ex.com,1,0.0
user2590@ex.com,1,0.0
user2591@ex.com,2,0.0
user2594@ex.com,2,0.0
user2595@ex.com,1,0.0
user2596@ex.com,2,0.0
user2597@ex.com,1,0.0
user2599@ex.com,2,0.5
user259@ex.com,1,0.0
user25@ex.com,1,0.0
user2600@ex.com,2,0.0
user2601@ex.com,2,0.0
user2602@ex.com,1,0.0
user2604@ex.com,1,0.0
user2605@ex.com,1,0.0
user2607@ex.com,1,0.0
user2610@ex.com,2,0.0
user2611@ex.com,1,0.0
user2612@ex.com,1,0.0
user2613@ex.com,4,0.0
user2614@ex.com,1,0.0
user2617@ex.com,2,0.0
user2618@ex.com,1,1.0
user2619@ex.com,2,0.0
user261@ex.com,1,0.0
user2620@ex.com,1,0.0
user2621@ex.com,2,0.0
user2624@ex.com,2,0.0
user2625@ex.com,1,0.0
user2627@ex.com,1,0.0
user2628@ex.com,1,0.0
user2629@ex.com,2,0.0
user2633@ex.com,2,0.0
user2634@ex.com,2,0.0
user2635@ex.com,2,0.5
user2637@ex.com,1,0.0
user2638@ex.com,2,0.0
user2639@ex.com,1,1.0
user2641@ex.com,1,0.0
user2643@ex.com,1,0.0
user2644@ex.com,3,0.0
user2645@ex.com,1,0.0
user2647@ex.com,1,0.0
user264@ex.com,2,0.0
user2650@ex.com,1,0.0
user2651@ex.com,1,0.0
user2652@ex.com,1,0.0
user2653@ex.com,2,0.0
user2656@ex.com,1,0.0
user2659@ex.com,4,0.0
user2663@ex.com,1,0.0
user2664@ex.com,2,0.5
user2665@ex.com,1,0.0
user2666@ex.com,1,0.0
user2667@ex.com,2,0.0
user2670@ex.com,1,0.0
user2671@ex.com,1,0.0
user2672@ex.com,3,0.3333333333333333
user2674@ex.com,2,0.0
user2675@ex.com,2,0.0
user2677@ex.com,1,0.0
user2679@ex.com,2,0.5
user2681@ex.com,1,0.0
user2682@ex.com,2,0.5
user2684@ex.com,1,0.0
user2687@ex.com,1,0.0
user2688@ex.com,1,1.0
user2689@ex.com,1,0.0
user268@ex.com,1,0.0
user2690@ex.com,1,0.0
user2691@ex.com,1,0.0
user2693@ex.com,2,0.0
user2694@ex.com,1,0.0
user2697@ex.com,2,0.0
user2699@ex.com,3,0.0
user269@ex.com,1,0.0
user26@ex.com,1,0.0
user2700@ex.com,1,0.0
user2701@ex.com,2,0.0
user2703@ex.com,3,0.0
user2704@ex.com,1,0.0
user2705@ex.com,1,0.0
user2706@ex.com,1,1.0
user2707@ex.com,2,0.5
user2709@ex.com,2,0.5
user270@ex.com,3,0.0
user2711@ex.com,1,0.0
user2713@ex.com,2,0.0
user2714@ex.com,2,0.0
user2715@ex.com,1,1.0
user2716@ex.com,1,0.0
user2719@ex.com,1,0.0
user271@ex.com,4,0.0
user2723@ex.com,1,0.0
user2725@ex.com,1,0.0
user2726@ex.com,1,0.0
user2729@ex.com,1,0.0
user272@ex.com,2,0.0
user2730@ex.com,1,0.0
user2731@ex.com,1,0.0
user2733@ex.com,2,0.5
user2734@ex.com,1,0.0
user2735@ex.com,2,0.0
user2739@ex.com,2,0.0
user273@ex.com,1,0.0
user2740@ex.com,2,0.0
user2741@ex.com,2,0.0
user2742@ex.com,1,0.0
user2743@ex.com,2,0.5
user2745@ex.com,1,0.0
user2746@ex.com,2,0.5
user2748@ex.com,2,0.0
user2749@ex.com,2,0.0
user274@ex.com,1,0.0
user2750@ex.com,1,0.0
user2751@ex.com,1,0.0
user2753@ex.com,1,0.0
user2755@ex.com,1,0.0
user2758@ex.com,1,0.0
user2759@ex.com,2,0.0
user275@ex.com,1,0.0
user2760@ex.com,3,0.0
user2763@ex.com,1,0.0
user2764@ex.com,3,0.3333333333333333
user2765@ex.com,1,1.0
user2766@ex.com,2,0.0
user2768@ex.com,1,0.0
user2769@ex.com,1,0.0
user276@ex.com,1,0.0
user2770@ex.com,1,0.0
user2771@ex.com,1,0.0
user2772@ex.com,2,0.0
user2773@ex.com,2,0.0
user2774@ex.com,1,1.0
user2775@ex.com,3,0.6666666666666666
user2778@ex.com,2,0.0
user2779@ex.com,1,0.0
user277@ex.com,1,0.0
user2780@ex.com,2,0.0
user2781@ex.com,1,0.0
user2785@ex.com,2,0.0
user2787@ex.com,3,0.0
user2788@ex.com,2,0.0
user2789@ex.com,1,0.0
user2791@ex.com,2,0.0
user2793@ex.com,2,0.0
user2795@ex.com,1,0.0
user2797@ex.com,1,0.0
user2800@ex.com,1,0.0
user2803@ex.com,2,0.0
user2804@ex.com,3,0.0
user2807@ex.com,1,0.0
user2808@ex.com,1,1.0
user280@ex.com,1,0.0
user2810@ex.com,2,0.0
user2811@ex.com,5,0.0
user2812@ex.com,1,0.0
user2813@ex.com,2,0.5
user2817@ex.com,2,0.5
user2819@ex.com,2,0.0
user2823@ex.com,2,0.0
user2828@ex.com,2,0.5
user2831@ex.com,1,0.0
user2835@ex.com,1,0.0
user2836@ex.com,1,0.0
user2837@ex.com,1,0.0
user2838@ex.com,2,0.0
user2839@ex.com,2,0.0
user283@ex.com,1,1.0
user2842@ex.com,2,0.5
user2845@ex.com,1,0.0
user2848@ex.com,1,0.0
user2850@ex.com,1,0.0
user2852@ex.com,1,0.0
user2853@ex.com,1,0.0
user2854@ex.com,2,0.0
user2856@ex.com,1,0.0
user2857@ex.com,1,0.0
user2858@ex.com,1,0.0
user2860@ex.com,1,0.0
user2865@ex.com,1,0.0
user2866@ex.com,2,0.0
user2867@ex.com,2,0.5
user2868@ex.com,2,0.0
user2869@ex.com,1,0.0
user2871@ex.com,2,0.5
user2872@ex.com,1,0.0
user2874@ex.com,2,0.0
user2876@ex.com,1,0.0
user2877@ex.com,2,0.0
user2878@ex.com,1,0.0
user2880@ex.com,1,0.0
user2882@ex.com,2,0.5
user2883@ex.com,1,0.0
user2884@ex.com,1,0.0
user2885@ex.com,1,0.0
user2886@ex.com,2,0.0
user2888@ex.com,4,0.0
user2889@ex.com,2,0.5
user2890@ex.com,4,0.25
user2892@ex.com,2,0.0
user2893@ex.com,1,0.0
user2894@ex.com,1,1.0
user2898@ex.com,1,0.0
user2899@ex.com,2,0.0
user28@ex.com,2,0.0
user2901@ex.com,2,0.5
user2902@ex.com,1,0.0
user2903@ex.com,3,0.0
user2907@ex.com,2,0.0
user2909@ex.com,2,0.5
user290@ex.com,2,0.0
user2913@ex.com,1,0.0
user2917@ex.com,1,0.0
user2918@ex.com,1,0.0
user2919@ex.com,2,0.5
user291@ex.com,2,0.0
user2920@ex.com,1,1.0
user2924@ex.com,2,0.0
user2926@ex.com,1,1.0
user2927@ex.com,1,1.0
user292@ex.com,1,0.0
user2932@ex.com,1,0.0
user2933@ex.com,1,0.0
user2937@ex.com,1,0.0
user2939@ex.com,1,0.0
user293@ex.com,1,0.0
user2940@ex.com,1,0.0
user2944@ex.com,2,0.0
user2946@ex.com,1,0.0
user2947@ex.com,2,1.0
user2948@ex.com,1,0.0
user294@ex.com,1,0.0
user2952@ex.com,1,0.0
user2954@ex.com,1,0.0
user2955@ex.com,2,0.0
user2957@ex.com,1,0.0
user2958@ex.com,2,0.0
user295@ex.com,1,0.0
user2960@ex.com,1,0.0
user2961@ex.com,8,0.0
user2962@ex.com,2,0.0
user2963@ex.com,3,0.3333333333333333
user2964@ex.com,1,0.0
user2966@ex.com,1,0.0
user2967@ex.com,1,0.0
user2975@ex.com,4,0.25
user2976@ex.com,2,0.5
user2979@ex.com,2,0.0
user297@ex.com,2,0.0
user2982@ex.com,1,0.0
user2985@ex.com,2,0.0
user2986@ex.com,2,1.0
user2987@ex.com,4,0.0
user2988@ex.com,1,0.0
user2989@ex.com,2,0.0
user298@ex.com,1,0.0
user2990@ex.com,1,0.0
user2992@ex.com,1,0.0
user2996@ex.com,1,0.0
user2999@ex.com,1,0.0
user299@ex.com,2,0.0
user3000@ex.com,2,0.5
user3001@ex.com,1,0.0
user3002@ex.com,1,0.0
user3003@ex.com,1,0.0
user3005@ex.com,1,0.0
user3007@ex.com,1,0.0
user3008@ex.com,1,0.0
user3010@ex.com,1,1.0
user3012@ex.com,1,0.0
user3015@ex.com,1,0.0
user3018@ex.com,2,0.0
user3020@ex.com,1,0.0
user3022@ex.com,2,0.5
user3024@ex.com,1,0.0
user3025@ex.com,2,0.5
user3026@ex.com,2,0.0
user3027@ex.com,1,0.0
user3028@ex.com,1,0.0
user3029@ex.com,3,0.3333333333333333
user302@ex.com,3,0.0
user3031@ex.com,5,0.0
user3032@ex.com,1,0.0
user3033@ex.com,5,0.2
user3034@ex.com,1,0.0
user3036@ex.com,2,0.5
user3039@ex.com,1,0.0
user3040@ex.com,2,0.0
user3041@ex.com,3,0.0
user3047@ex.com,1,1.0
user3048@ex.com,3,0.0
user304@ex.com,2,0.0
user3050@ex.com,1,0.0
user3053@ex.com,1,0.0
user3054@ex.com,1,0.0
user3055@ex.com,1,1.0
user3057@ex.com,1,0.0
user3058@ex.com,4,0.25
user3059@ex.com,1,0.0
user3060@ex.com,1,0.0
user3061@ex.com,1,1.0
user3063@ex.com,1,0.0
user3064@ex.com,1,0.0
user3066@ex.com,1,0.0
user3069@ex.com,4,0.0
user306@ex.com,1,0.0
user3070@ex.com,1,0.0
user3072@ex.com,1,0.0
user3073@ex.com,1,0.0
user3076@ex.com,1,0.0
user3078@ex.com,2,0.5
user3079@ex.com,1,0.0
user307@ex.com,1,1.0
user3080@ex.com,1,0.0
user3086@ex.com,1,0.0
user3088@ex.com,1,0.0
user3089@ex.com,1,1.0
user308@ex.com,2,0.0
user3092@ex.com,1,0.0
user3093@ex.com,3,0.0
user3094@ex.com,1,0.0
user3095@ex.com,1,0.0
user3097@ex.com,1,1.0
user3099@ex.com,2,0.0
user30@ex.com,2,0.0
user3100@ex.com,2,0.0
user3101@ex.com,1,0.0
user3102@ex.com,1,0.0
user3104@ex.com,2,0.0
user3105@ex.com,3,0.3333333333333333
user3106@ex.com,1,0.0
user310@ex.com,1,0.0
user3110@ex.com,1,0.0
user3111@ex.com,1,0.0
user3112@ex.com,2,0.5
user3113@ex.com,1,0.0
user3114@ex.com,1,1.0
user3115@ex.com,2,0.0
user3116@ex.com,1,1.0
user3119@ex.com,1,0.0
user3120@ex.com,2,0.0
user3121@ex.com,1,0.0
user3126@ex.com,2,0.0
user3127@ex.com,1,0.0
user3131@ex.com,1,0.0
user3132@ex.com,2,0.0
user3135@ex.com,1,0.0
user3138@ex.com,1,0.0
user3139@ex.com,1,0.0
user313@ex.com,2,0.0
user3140@ex.com,1,0.0
user3143@ex.com,5,0.0
user3145@ex.com,1,0.0
user3147@ex.com,1,1.0
user3150@ex.com,1,1.0
user3152@ex.com,1,0.0
user3156@ex.com,3,0.0
user3157@ex.com,2,0.0
user3158@ex.com,1,0.0
user3160@ex.com,1,1.0
user3163@ex.com,1,0.0
user3164@ex.com,2,0.0
user3167@ex.com,2,0.0
user3168@ex.com,2,0.0
user3169@ex.com,2,0.0
user316@ex.com,1,0.0
user3170@ex.com,1,0.0
user3171@ex.com,4,0.0
user3172@ex.com,1,1.0
user3173@ex.com,1,0.0
user3174@ex.com,2,0.0
user3175@ex.com,2,0.0
user3176@ex.com,2,0.0
user317@ex.com,1,0.0
user3180@ex.com,1,0.0
user3183@ex.com,2,0.0
user3184@ex.com,2,0.0
user3186@ex.com,1,1.0
user3188@ex.com,1,0.0
user3189@ex.com,1,1.0
user318@ex.com,2,0.0
user3190@ex.com,4,0.25
user3191@ex.com,1,0.0
user3193@ex.com,1,0.0
user3195@ex.com,3,0.3333333333333333
user3197@ex.com,2,0.0
user3198@ex.com,1,0.0
user319@ex.com,1,0.0
user31@ex.com,1,0.0
user3200@ex.com,2,0.0
user3202@ex.com,1,0.0
user3206@ex.com,1,0.0
user3207@ex.com,1,0.0
user3208@ex.com,1,0.0
user3209@ex.com,3,0.0
user320@ex.com,1,1.0
user3212@ex.com,2,0.5
user3214@ex.com,3,0.0
user3215@ex.com,2,0.5
user3216@ex.com,1,0.0
user3218@ex.com,2,0.0
user321@ex.com,2,1.0
user3220@ex.com,1,0.0
user3222@ex.com,4,0.25
user3224@ex.com,1,0.0
user3225@ex.com,1,0.0
user3226@ex.com,2,0.0
user3227@ex.com,1,0.0
user3229@ex.com,1,0.0
user322@ex.com,2,0.0
user3230@ex.com,2,0.5
user3231@ex.com,2,0.5
user3233@ex.com,1,0.0
user3234@ex.com,1,0.0
user3235@ex.com,2,0.0
user3236@ex.com,1,0.0
user3237@ex.com,1,0.0
user3238@ex.com,2,0.0
user3239@ex.com,1,0.0
user3243@ex.com,1,0.0
user3244@ex.com,1,0.0
user3245@ex.com,1,0.0
user3246@ex.com,1,0.0
user3247@ex.com,1,0.0
user3248@ex.com,1,0.0
user3249@ex.com,1,0.0
user3250@ex.com,1,1.0
user3251@ex.com,1,1.0
user3252@ex.com,2,0.0
user3255@ex.com,1,0.0
user3256@ex.com,1,0.0
user3258@ex.com,2,0.0
user3259@ex.com,1,0.0
user325@ex.com,1,0.0
user3265@ex.com,1,0.0
user3268@ex.com,1,0.0
user3269@ex.com,1,0.0
user3270@ex.com,3,0.0
user3271@ex.com,3,0.0
user3272@ex.com,2,0.0
user3274@ex.com,1,0.0
user3275@ex.com,3,0.0
user3276@ex.com,1,0.0
user3277@ex.com,1,0.0
user3282@ex.com,2,0.0
user3283@ex.com,1,1.0
user3285@ex.com,1,0.0
user3286@ex.com,2,0.0
user3288@ex.com,1,1.0
user3289@ex.com,2,0.0
user328@ex.com,1,0.0
user3291@ex.com,2,0.0
user3292@ex.com,1,0.0
user3293@ex.com,3,0.0
user3295@ex.com,2,0.0
user3296@ex.com,1,0.0
user3297@ex.com,2,0.0
user3298@ex.com,2,0.0
user329@ex.com,1,0.0
user32@ex.com,1,0.0
user3300@ex.com,2,0.0
user3302@ex.com,1,0.0
user3303@ex.com,1,1.0
user3304@ex.com,2,0.0
user3305@ex.com,2,0.0
user3307@ex.com,2,0.0
user330@ex.com,2,0.5
user3310@ex.com,3,0.6666666666666666
user3314@ex.com,1,0.0
user3317@ex.com,2,0.0
user3319@ex.com,1,0.0
user3320@ex.com,2,0.5
user3321@ex.com,1,0.0
user3322@ex.com,1,0.0
user3323@ex.com,2,0.0
user3324@ex.com,3,0.0
user3327@ex.com,1,0.0
user3331@ex.com,1,0.0
user3332@ex.com,3,0.3333333333333333
user3334@ex.com,2,0.5
user3336@ex.com,1,0.0
user3338@ex.com,1,0.0
user3339@ex.com,1,0.0
user333@ex.com,1,0.0
user3340@ex.com,2,0.0
user3341@ex.com,2,0.0
user3343@ex.com,1,0.0
user3345@ex.com,3,0.0
user3346@ex.com,2,0.0
user3347@ex.com,1,0.0
user3348@ex.com,1,1.0
user3349@ex.com,1,0.0
user334@ex.com,1,0.0
user3350@ex.com,2,0.0
user3354@ex.com,3,0.0
user3356@ex.com,1,0.0
user335@ex.com,1,0.0
user3361@ex.com,3,0.0
user3363@ex.com,1,0.0
user3365@ex.com,2,0.0
user3366@ex.com,1,0.0
user3368@ex.com,2,0.0
user3369@ex.com,1,0.0
user336@ex.com,1,0.0
user3370@ex.com,2,0.0
user3371@ex.com,4,0.25
user3373@ex.com,1,0.0
user3374@ex.com,1,1.0
user3375@ex.com,2,0.5
user3378@ex.com,1,0.0
user3379@ex.com,2,0.0
user3380@ex.com,3,0.0
user3381@ex.com,2,0.0
user3382@ex.com,1,1.0
user3384@ex.com,2,0.0
user3385@ex.com,2,0.0
user3386@ex.com,1,0.0
user3387@ex.com,3,0.0
user3388@ex.com,3,0.0
user3389@ex.com,1,0.0
user338@ex.com,3,0.3333333333333333
user3390@ex.com,3,0.0
user3392@ex.com,1,0.0
user3393@ex.com,3,0.0
user3394@ex.com,2,0.0
user3395@ex.com,2,0.5
user3397@ex.com,1,0.0
user3399@ex.com,2,0.0
user33@ex.com,1,0.0
user3404@ex.com,1,0.0
user3405@ex.com,3,0.3333333333333333
user3406@ex.com,2,0.0
user3407@ex.com,2,0.5
user3408@ex.com,2,0.0
user3409@ex.com,1,0.0
user340@ex.com,1,0.0
user3410@ex.com,2,0.0
user3411@ex.com,1,0.0
user3412@ex.com,1,0.0
user3413@ex.com,3,0.3333333333333333
user3415@ex.com,1,0.0
user3416@ex.com,2,0.0
user3419@ex.com,2,0.0
user341@ex.com,1,0.0
user3421@ex.com,1,0.0
user3423@ex.com,1,0.0
user3424@ex.com,4,0.0
user3425@ex.com,2,0.0
user3428@ex.com,2,0.0
user3429@ex.com,4,0.0
user342@ex.com,1,0.0
user3431@ex.com,1,0.0
user3432@ex.com,3,0.6666666666666666
user3434@ex.com,1,0.0
user3435@ex.com,1,0.0
user3436@ex.com,1,0.0
user3437@ex.com,2,0.0
user3439@ex.com,1,0.0
user343@ex.com,3,0.0
user3440@ex.com,1,0.0
user3443@ex.com,1,0.0
user3446@ex.com,1,1.0
user3447@ex.com,4,0.25
user344@ex.com,1,0.0
user3450@ex.com,2,0.0
user3451@ex.com,2,0.0
user3452@ex.com,3,0.0
user3453@ex.com,4,0.0
user3454@ex.com,1,0.0
user3455@ex.com,1,1.0
user3456@ex.com,2,0.0
user3458@ex.com,3,1.0
user3459@ex.com,2,0.0
user3460@ex.com,2,0.0
user3461@ex.com,2,0.0
user3462@ex.com,3,0.0
user3463@ex.com,2,0.0
user3467@ex.com,2,0.0
user3468@ex.com,1,0.0
user3469@ex.com,1,0.0
user3471@ex.com,2,0.0
user3472@ex.com,3,0.0
user3477@ex.com,1,0.0
user3478@ex.com,1,0.0
user3479@ex.com,1,0.0
user3480@ex.com,2,0.0
user3481@ex.com,1,0.0
user3482@ex.com,1,1.0
user3487@ex.com,1,0.0
user3489@ex.com,1,0.0
user348@ex.com,1,1.0
user3492@ex.com,1,0.0
user3493@ex.com,3,0.0
user3496@ex.com,1,0.0
user3498@ex.com,1,0.0
user349@ex.com,2,0.0
user34@ex.com,2,0.0
user3500@ex.com,3,0.0
user3501@ex.com,1,0.0
user3502@ex.com,2,0.0
user3504@ex.com,2,0.0
user3507@ex.com,1,0.0
user3508@ex.com,1,1.0
user3509@ex.com,1,0.0
user350@ex.com,2,0.5
user3510@ex.com,1,0.0
user3516@ex.com,1,1.0
user3518@ex.com,1,0.0
user3519@ex.com,1,0.0
user351@ex.com,3,0.0
user3521@ex.com,2,0.0
user3522@ex.com,1,0.0
user3523@ex.com,2,0.5
user3525@ex.com,2,0.0
user3526@ex.com,1,0.0
user3527@ex.com,1,0.0
user3528@ex.com,1,0.0
user3529@ex.com,1,0.0
user3530@ex.com,1,0.0
user3533@ex.com,1,0.0
user3534@ex.com,1,0.0
user3536@ex.com,2,0.0
user3537@ex.com,1,0.0
user3539@ex.com,1,0.0
user353@ex.com,2,0.0
user3540@ex.com,1,0.0
user3541@ex.com,2,0.5
user3543@ex.com,1,0.0
user3544@ex.com,1,1.0
user3547@ex.com,1,1.0
user3548@ex.com,1,0.0
user3549@ex.com,3,0.0
user354@ex.com,1,0.0
user3550@ex.com,1,0.0
user3551@ex.com,1,1.0
user3552@ex.com,3,0.6666666666666666
user3557@ex.com,3,0.0
user3558@ex.com,1,0.0
user3559@ex.com,2,0.0
user355@ex.com,1,0.0
user3562@ex.com,1,0.0
user3564@ex.com,2,0.0
user3565@ex.com,1,0.0
user3566@ex.com,1,1.0
user3567@ex.com,1,0.0
user3569@ex.com,1,0.0
user356@ex.com,1,0.0
user3570@ex.com,3,0.0
user3571@ex.com,1,0.0
user3573@ex.com,1,0.0
user3574@ex.com,1,0.0
user3575@ex.com,1,1.0
user3578@ex.com,1,1.0
user357@ex.com,1,1.0
user3580@ex.com,1,0.0
user3581@ex.com,1,0.0
user3582@ex.com,1,0.0
user3583@ex.com,1,0.0
user3584@ex.com,2,0.0
user3587@ex.com,2,0.0
user3589@ex.com,1,0.0
user358@ex.com,3,0.3333333333333333
user3590@ex.com,1,0.0
user3591@ex.com,1,0.0
user3592@ex.com,1,0.0
user3595@ex.com,1,0.0
user3596@ex.com,3,0.3333333333333333
user3598@ex.com,1,0.0
user3599@ex.com,2,0.0
user359@ex.com,2,0.0
user35@ex.com,1,0.0
user3602@ex.com,3,0.0
user3603@ex.com,2,0.0
user3604@ex.com,2,0.0
user3605@ex.com,1,0.0
user3606@ex.com,1,0.0
user3608@ex.com,2,0.0
user3610@ex.com,2,0.0
user3611@ex.com,1,0.0
user3613@ex.com,2,0.0
user3614@ex.com,1,0.0
user3615@ex.com,2,0.0
user3617@ex.com,2,0.0
user3618@ex.com,1,1.0
user3619@ex.com,4,0.0
user361@ex.com,1,0.0
user3620@ex.com,2,0.5
user3621@ex.com,2,0.0
user3622@ex.com,1,0.0
user3623@ex.com,2,0.0
user3624@ex.com,1,0.0
user3626@ex.com,1,0.0
user3628@ex.com,3,0.3333333333333333
user3629@ex.com,1,0.0
user3631@ex.com,2,0.0
user3633@ex.com,1,0.0
user3634@ex.com,2,0.0
user3638@ex.com,2,0.0
user3639@ex.com,1,0.0
user363@ex.com,2,0.5
user3640@ex.com,1,0.0
user3645@ex.com,1,0.0
user3647@ex.com,1,0.0
user3649@ex.com,1,0.0
user364@ex.com,2,0.5
user3650@ex.com,1,0.0
user3652@ex.com,2,0.5
user3653@ex.com,2,0.0
user3654@ex.com,1,0.0
user3655@ex.com,2,0.0
user3656@ex.com,4,0.25
user3657@ex.com,1,0.0
user3658@ex.com,2,0.0
user3660@ex.com,1,0.0
user3661@ex.com,2,0.0
user3662@ex.com,2,0.0
user3665@ex.com,2,0.0
user3667@ex.com,2,0.0
user3668@ex.com,1,0.0
user3669@ex.com,1,0.0
user366@ex.com,1,0.0
user3670@ex.com,1,0.0
user3672@ex.com,3,0.3333333333333333
user3676@ex.com,2,0.5
user3677@ex.com,2,0.0
user3679@ex.com,1,0.0
user3680@ex.com,1,0.0
user3681@ex.com,2,0.0
user3683@ex.com,2,0.5
user3684@ex.com,1,0.0
user3686@ex.com,1,0.0
user3687@ex.com,1,0.0
user3688@ex.com,2,0.0
user3689@ex.com,1,0.0
user368@ex.com,2,0.0
user3690@ex.com,1,0.0
user3691@ex.com,1,0.0
user3692@ex.com,1,0.0
user3694@ex.com,1,1.0
user3695@ex.com,2,0.5
user3696@ex.com,1,1.0
user3698@ex.com,2,0.0
user3699@ex.com,3,0.0
user36@ex.com,1,1.0
user3703@ex.com,2,0.0
user3705@ex.com,3,0.3333333333333333
user3706@ex.com,2,0.5
user3707@ex.com,1,0.0
user3709@ex.com,1,0.0
user3710@ex.com,1,1.0
user3712@ex.com,1,1.0
user3713@ex.com,1,0.0
user3715@ex.com,2,0.5
user3720@ex.com,1,0.0
user3722@ex.com,2,0.0
user3723@ex.com,3,0.0
user3724@ex.com,2,0.5
user3725@ex.com,2,0.0
user3726@ex.com,1,0.0
user3727@ex.com,3,0.0
user3729@ex.com,1,0.0
user3730@ex.com,4,0.25
user3731@ex.com,1,0.0
user3733@ex.com,1,0.0
user3734@ex.com,1,0.0
user3735@ex.com,1,0.0
user3736@ex.com,3,0.3333333333333333
user3738@ex.com,1,0.0
user373@ex.com,1,0.0
user3740@ex.com,1,0.0
user3742@ex.com,1,0.0
user3743@ex.com,2,0.0
user3747@ex.com,1,0.0
user3748@ex.com,2,0.0
user3749@ex.com,1,0.0
user3751@ex.com,2,0.0
user3752@ex.com,1,0.0
user3755@ex.com,2,0.0
user3758@ex.com,2,0.0
user3759@ex.com,2,0.0
user3761@ex.com,1,0.0
user3764@ex.com,1,0.0
user3765@ex.com,2,0.0
user3766@ex.com,1,0.0
user3768@ex.com,1,0.0
user3769@ex.com,2,0.5
user376@ex.com,2,0.5
user3770@ex.com,2,0.0
user3771@ex.com,1,0.0
user3773@ex.com,1,0.0
user3774@ex.com,2,0.0
user3775@ex.com,1,0.0
user3776@ex.com,1,0.0
user3778@ex.com,2,0.5
user377@ex.com,1,0.0
user3780@ex.com,4,0.0
user3782@ex.com,1,1.0
user3783@ex.com,2,0.0
user3784@ex.com,1,0.0
user3788@ex.com,2,0.0
user3789@ex.com,3,0.0
user3790@ex.com,1,0.0
user3791@ex.com,1,0.0
user3792@ex.com,1,0.0
user3794@ex.com,3,0.3333333333333333
user3796@ex.com,1,0.0
user3797@ex.com,1,1.0
user3799@ex.com,1,0.0
user37@ex.com,5,0.0
user3801@ex.com,2,0.0
user3806@ex.com,1,0.0
user3807@ex.com,1,0.0
user3808@ex.com,2,0.0
user380@ex.com,3,0.0
user3810@ex.com,2,0.0
user3814@ex.com,1,0.0
user3815@ex.com,1,0.0
user3816@ex.com,1,0.0
user3817@ex.com,3,0.3333333333333333
user3818@ex.com,1,0.0
user3819@ex.com,2,0.0
user381@ex.com,2,0.5
user3820@ex.com,2,0.0
user3821@ex.com,1,0.0
user3823@ex.com,1,0.0
user382@ex.com,2,0.5
user3830@ex.com,1,0.0
user3831@ex.com,1,0.0
user3833@ex.com,1,0.0
user3836@ex.com,2,0.5
user3838@ex.com,1,0.0
user3840@ex.com,1,1.0
user3842@ex.com,1,1.0
user3843@ex.com,1,0.0
user3844@ex.com,1,0.0
user3846@ex.com,2,0.5
user3847@ex.com,1,0.0
user3848@ex.com,1,0.0
user384@ex.com,3,0.0
user3850@ex.com,1,0.0
user3851@ex.com,1,0.0
user3852@ex.com,1,0.0
user3853@ex.com,1,0.0
user3856@ex.com,1,0.0
user3857@ex.com,1,0.0
user3859@ex.com,1,0.0
user3860@ex.com,2,0.0
user3861@ex.com,1,0.0
user3863@ex.com,1,1.0
user3864@ex.com,1,0.0
user3865@ex.com,1,0.0
user3866@ex.com,2,0.0
user3868@ex.com,3,0.3333333333333333
user3869@ex.com,1,0.0
user386@ex.com,3,0.0
user3871@ex.com,1,0.0
user3873@ex.com,1,0.0
user3874@ex.com,1,0.0
user3875@ex.com,1,0.0
user3877@ex.com,1,0.0
user3878@ex.com,2,0.0
user3882@ex.com,1,1.0
user3883@ex.com,1,0.0
user3885@ex.com,1,0.0
user3886@ex.com,4,0.25
user3887@ex.com,2,0.0
user3888@ex.com,3,0.0
user3889@ex.com,1,0.0
user388@ex.com,2,0.0
user3891@ex.com,1,0.0
user3893@ex.com,1,0.0
user3894@ex.com,1,1.0
user3895@ex.com,2,0.5
user3896@ex.com,2,0.5
user3898@ex.com,1,0.0
user3899@ex.com,2,0.5
user389@ex.com,1,0.0
user3900@ex.com,1,0.0
user3903@ex.com,1,0.0
user3905@ex.com,2,0.0
user3906@ex.com,2,0.0
user3907@ex.com,1,1.0
user3909@ex.com,1,0.0
user390@ex.com,1,0.0
user3910@ex.com,1,0.0
user3912@ex.com,1,0.0
user3913@ex.com,2,0.5
user3914@ex.com,2,0.0
user3915@ex.com,2,0.5
user3916@ex.com,1,0.0
user3917@ex.com,1,0.0
user3918@ex.com,1,0.0
user391@ex.com,3,0.3333333333333333
user3921@ex.com,2,0.5
user3922@ex.com,1,0.0
user3925@ex.com,1,0.0
user3927@ex.com,1,0.0
user3929@ex.com,3,0.3333333333333333
user3930@ex.com,2,0.5
user3931@ex.com,1,0.0
user3933@ex.com,1,0.0
user3935@ex.com,2,0.5
user3936@ex.com,3,0.6666666666666666
user3937@ex.com,1,0.0
user3938@ex.com,1,0.0
user3939@ex.com,1,0.0
user3940@ex.com,1,0.0
user3941@ex.com,4,0.0
user3942@ex.com,1,0.0
user3944@ex.com,1,0.0
user3949@ex.com,2,0.5
user3953@ex.com,1,0.0
user3954@ex.com,2,0.0
user3955@ex.com,3,0.0
user3957@ex.com,2,0.0
user3959@ex.com,1,1.0
user395@ex.com,1,0.0
user3960@ex.com,1,0.0
user3961@ex.com,2,0.5
user3962@ex.com,2,0.0
user3963@ex.com,2,0.0
user3964@ex.com,1,0.0
user3967@ex.com,2,0.0
user3968@ex.com,1,0.0
user3969@ex.com,2,0.0
user396@ex.com,1,0.0
user3972@ex.com,1,0.0
user3973@ex.com,1,0.0
user3974@ex.com,1,0.0
user3976@ex.com,1,0.0
user3978@ex.com,2,0.0
user3979@ex.com,3,0.3333333333333333
user3982@ex.com,1,0.0
user3983@ex.com,3,0.0
user3984@ex.com,2,0.0
user3987@ex.com,2,0.0
user398@ex.com,3,0.0
user3991@ex.com,5,0.2
user3992@ex.com,1,0.0
user3994@ex.com,2,0.0
user3995@ex.com,1,0.0
user3998@ex.com,1,0.0
user39@ex.com,1,1.0
user3@ex.com,1,0.0
user4002@ex.com,1,0.0
user4004@ex.com,2,0.0
user4008@ex.com,3,0.0
user400@ex.com,1,0.0
user4010@ex.com,2,0.0
user4011@ex.com,1,0.0
user4013@ex.com,2,0.0
user4016@ex.com,3,0.3333333333333333
user4021@ex.com,1,0.0
user4023@ex.com,4,0.25
user4025@ex.com,2,0.0
user4026@ex.com,3,0.3333333333333333
user4028@ex.com,1,0.0
user4029@ex.com,1,0.0
user4031@ex.com,2,0.0
user4033@ex.com,1,0.0
user4036@ex.com,3,0.3333333333333333
user403@ex.com,1,0.0
user4040@ex.com,2,0.0
user4041@ex.com,1,0.0
user4044@ex.com,1,0.0
user4045@ex.com,1,0.0
user4048@ex.com,1,0.0
user4049@ex.com,2,0.0
user404@ex.com,2,0.0
user4053@ex.com,2,0.0
user4054@ex.com,1,1.0
user4055@ex.com,1,0.0
user4057@ex.com,1,0.0
user4058@ex.com,2,0.0
user4059@ex.com,3,0.0
user405@ex.com,1,0.0
user4060@ex.com,2,0.0
user4061@ex.com,1,0.0
user4063@ex.com,1,0.0
user4064@ex.com,3,0.0
user4066@ex.com,2,0.0
user4067@ex.com,1,0.0
user4068@ex.com,1,0.0
user4069@ex.com,3,0.0
user4072@ex.com,1,0.0
user4073@ex.com,1,0.0
user4074@ex.com,1,0.0
user4075@ex.com,3,0.3333333333333333
user4076@ex.com,1,1.0
user4077@ex.com,1,0.0
user4078@ex.com,1,0.0
user4079@ex.com,2,0.0
user4080@ex.com,1,0.0
user4081@ex.com,1,0.0
user4083@ex.com,2,0.0
user4085@ex.com,3,0.3333333333333333
user4086@ex.com,2,0.0
user4087@ex.com,1,0.0
user408@ex.com,1,0.0
user4092@ex.com,2,0.0
user4094@ex.com,2,0.0
user4095@ex.com,1,0.0
user4099@ex.com,2,0.0
user409@ex.com,1,0.0
user40@ex.com,1,0.0
user4100@ex.com,3,0.3333333333333333
user4103@ex.com,1,0.0
user4105@ex.com,1,0.0
user4106@ex.com,1,0.0
user4107@ex.com,1,1.0
user4108@ex.com,1,0.0
user4109@ex.com,1,0.0
user410@ex.com,2,0.5
user4111@ex.com,1,0.0
user4112@ex.com,1,0.0
user4113@ex.com,1,0.0
user4115@ex.com,1,0.0
user4117@ex.com,1,0.0
user4119@ex.com,1,0.0
user411@ex.com,1,0.0
user4120@ex.com,1,0.0
user4121@ex.com,1,1.0
user4123@ex.com,1,0.0
user4124@ex.com,1,0.0
user4126@ex.com,2,0.0
user4127@ex.com,1,1.0
user4129@ex.com,1,0.0
user412@ex.com,1,0.0
user4130@ex.com,3,0.0
user4132@ex.com,1,0.0
user4133@ex.com,2,0.0
user4134@ex.com,2,0.0
user4135@ex.com,1,0.0
user4136@ex.com,1,0.0
user4138@ex.com,2,0.0
user4141@ex.com,1,0.0
user4143@ex.com,1,0.0
user4144@ex.com,2,0.0
user4145@ex.com,2,0.5
user4146@ex.com,2,0.0
user4147@ex.com,1,0.0
user414@ex.com,2,0.0
user4151@ex.com,3,0.0
user4153@ex.com,1,1.0
user4154@ex.com,3,0.3333333333333333
user4158@ex.com,1,0.0
user4159@ex.com,1,0.0
user415@ex.com,1,0.0
user4161@ex.com,1,0.0
user4162@ex.com,1,0.0
user4163@ex.com,3,0.3333333333333333
user4164@ex.com,2,0.5
user4165@ex.com,2,0.0
user4166@ex.com,2,0.0
user4168@ex.com,1,0.0
user4169@ex.com,2,0.5
user416@ex.com,1,0.0
user4170@ex.com,1,0.0
user4171@ex.com,1,0.0
user4172@ex.com,1,0.0
user4174@ex.com,2,0.0
user4178@ex.com,1,0.0
user4180@ex.com,1,1.0
user4181@ex.com,1,0.0
user4183@ex.com,4,0.25
user4184@ex.com,2,0.0
user4185@ex.com,5,0.2
user4186@ex.com,2,0.0
user4187@ex.com,2,0.0
user4188@ex.com,1,0.0
user4189@ex.com,2,0.5
user4190@ex.com,2,0.0
user4191@ex.com,1,0.0
user4192@ex.com,1,0.0
user4194@ex.com,1,0.0
user4196@ex.com,2,0.5
user4197@ex.com,1,0.0
user4198@ex.com,1,0.0
user4203@ex.com,1,0.0
user4204@ex.com,1,0.0
user4208@ex.com,1,0.0
user4209@ex.com,1,0.0
user4210@ex.com,2,0.0
user4211@ex.com,1,0.0
user4212@ex.com,2,0.0
user4213@ex.com,2,0.0
user4214@ex.com,1,0.0
user4216@ex.com,1,0.0
user4217@ex.com,2,0.0
user4218@ex.com,2,0.0
user421@ex.com,2,0.5
user4221@ex.com,1,0.0
user4223@ex.com,2,0.0
user4224@ex.com,1,0.0
user4225@ex.com,1,0.0
user4227@ex.com,1,0.0
user4228@ex.com,1,0.0
user4229@ex.com,1,0.0
user4230@ex.com,1,0.0
user4231@ex.com,3,0.3333333333333333
user4232@ex.com,1,0.0
user4234@ex.com,2,0.5
user4237@ex.com,1,0.0
user4238@ex.com,1,0.0
user4239@ex.com,1,0.0
user423@ex.com,1,0.0
user4240@ex.com,2,0.0
user4241@ex.com,1,0.0
user4245@ex.com,2,0.0
user4246@ex.com,2,0.0
user4247@ex.com,2,0.0
user4249@ex.com,2,0.0
user424@ex.com,1,0.0
user4250@ex.com,1,0.0
user4255@ex.com,1,1.0
user4256@ex.com,2,0.0
user4258@ex.com,1,1.0
user425@ex.com,1,0.0
user4261@ex.com,2,0.0
user4262@ex.com,1,0.0
user4263@ex.com,1,0.0
user4265@ex.com,1,0.0
user4266@ex.com,1,0.0
user4268@ex.com,4,0.25
user426@ex.com,1,0.0
user4272@ex.com,1,1.0
user4273@ex.com,2,0.0
user4274@ex.com,1,0.0
user4278@ex.com,1,0.0
user427@ex.com,1,0.0
user4280@ex.com,1,0.0
user4282@ex.com,1,0.0
user4283@ex.com,1,0.0
user4284@ex.com,1,0.0
user4286@ex.com,3,0.3333333333333333
user4287@ex.com,1,0.0
user4289@ex.com,2,0.0
user428@ex.com,2,0.5
user4290@ex.com,2,0.0
user4291@ex.com,1,0.0
user4292@ex.com,4,0.25
user4293@ex.com,1,0.0
user4294@ex.com,2,0.0
user4297@ex.com,1,0.0
user4298@ex.com,4,0.0
user42@ex.com,4,0.0
user4300@ex.com,2,0.0
user4303@ex.com,1,0.0
user4305@ex.com,2,0.5
user4306@ex.com,2,0.5
user4308@ex.com,1,0.0
user4309@ex.com,3,0.3333333333333333
user430@ex.com,5,0.0
user4311@ex.com,2,0.0
user4316@ex.com,3,0.0
user4317@ex.com,1,0.0
user4318@ex.com,2,0.0
user4321@ex.com,2,0.0
user4325@ex.com,1,0.0
user4326@ex.com,1,0.0
user4327@ex.com,2,0.0
user4329@ex.com,1,0.0
user432@ex.com,1,0.0
user4331@ex.com,3,0.3333333333333333
user4332@ex.com,2,0.0
user4333@ex.com,1,0.0
user4334@ex.com,3,0.3333333333333333
user4336@ex.com,1,0.0
user4337@ex.com,1,0.0
user4338@ex.com,1,0.0
user4339@ex.com,1,0.0
user433@ex.com,1,0.0
user4340@ex.com,3,0.0
user4342@ex.com,1,0.0
user4346@ex.com,1,0.0
user4349@ex.com,1,0.0
user434@ex.com,1,0.0
user4354@ex.com,1,0.0
user4355@ex.com,1,0.0
user4357@ex.com,2,0.0
user4358@ex.com,1,0.0
user4359@ex.com,1,0.0
user435@ex.com,1,0.0
user4361@ex.com,2,0.0
user4362@ex.com,1,0.0
user4363@ex.com,1,0.0
user4365@ex.com,1,1.0
user4366@ex.com,2,0.0
user4367@ex.com,2,0.0
user4368@ex.com,3,0.0
user4369@ex.com,1,0.0
user436@ex.com,1,0.0
user4370@ex.com,1,0.0
user4371@ex.com,1,0.0
user4372@ex.com,1,1.0
user4375@ex.com,1,1.0
user4377@ex.com,1,0.0
user4378@ex.com,1,0.0
user4379@ex.com,1,0.0
user4380@ex.com,1,1.0
user4381@ex.com,1,0.0
user4384@ex.com,1,1.0
user4385@ex.com,3,0.0
user4387@ex.com,1,0.0
user438@ex.com,1,0.0
user4390@ex.com,2,0.5
user4392@ex.com,3,0.0
user4394@ex.com,2,0.5
user4397@ex.com,3,0.0
user439@ex.com,1,0.0
user4401@ex.com,1,0.0
user4402@ex.com,2,0.5
user4403@ex.com,1,0.0
user4404@ex.com,1,0.0
user4405@ex.com,1,0.0
user4407@ex.com,3,0.0
user4408@ex.com,1,0.0
user4409@ex.com,2,0.0
user440@ex.com,3,0.0
user4411@ex.com,1,0.0
user4412@ex.com,2,0.0
user4413@ex.com,1,0.0
user4415@ex.com,1,0.0
user4416@ex.com,1,0.0
user4417@ex.com,1,0.0
user4418@ex.com,3,0.0
user4420@ex.com,1,1.0
user4421@ex.com,2,0.0
user4422@ex.com,1,0.0
user4423@ex.com,2,0.0
user4427@ex.com,1,0.0
user4428@ex.com,2,0.0
user4429@ex.com,1,0.0
user4431@ex.com,1,0.0
user4432@ex.com,1,0.0
user4433@ex.com,2,0.0
user4437@ex.com,1,0.0
user4438@ex.com,1,0.0
user4439@ex.com,1,0.0
user443@ex.com,1,0.0
user4440@ex.com,2,0.5
user4441@ex.com,1,0.0
user4442@ex.com,2,0.5
user4443@ex.com,3,0.0
user4444@ex.com,3,0.0
user4445@ex.com,2,0.0
user4446@ex.com,1,0.0
user4447@ex.com,2,0.0
user4448@ex.com,1,0.0
user4449@ex.com,2,0.0
user444@ex.com,1,0.0
user4450@ex.com,1,1.0
user4452@ex.com,2,0.0
user4455@ex.com,1,1.0
user4458@ex.com,1,0.0
user4459@ex.com,1,0.0
user445@ex.com,1,0.0
user4460@ex.com,2,0.0
user4462@ex.com,1,0.0
user4464@ex.com,1,0.0
user4465@ex.com,1,0.0
user4467@ex.com,1,0.0
user4468@ex.com,1,0.0
user4469@ex.com,1,0.0
user4472@ex.com,3,0.0
user4476@ex.com,3,0.3333333333333333
user4477@ex.com,1,0.0
user4478@ex.com,2,0.0
user4479@ex.com,2,0.0
user4481@ex.com,2,0.0
user4483@ex.com,1,0.0
user4484@ex.com,2,0.0
user4485@ex.com,1,0.0
user4486@ex.com,2,0.0
user4487@ex.com,2,0.0
user4489@ex.com,2,0.0
user448@ex.com,1,0.0
user4490@ex.com,2,0.0
user4491@ex.com,1,0.0
user4492@ex.com,1,0.0
user4493@ex.com,3,0.0
user4494@ex.com,1,1.0
user4496@ex.com,1,0.0
user4497@ex.com,1,1.0
user449@ex.com,1,0.0
user44@ex.com,1,0.0
user4500@ex.com,1,1.0
user4503@ex.com,1,0.0
user4504@ex.com,2,0.5
user4505@ex.com,2,0.0
user4507@ex.com,3,0.3333333333333333
user4508@ex.com,1,0.0
user4509@ex.com,1,0.0
user450@ex.com,1,0.0
user4517@ex.com,1,0.0
user4518@ex.com,3,0.3333333333333333
user4519@ex.com,2,0.0
user451@ex.com,1,0.0
user4520@ex.com,3,0.0
user4522@ex.com,1,0.0
user4523@ex.com,2,0.0
user4524@ex.com,2,0.0
user4525@ex.com,1,0.0
user4526@ex.com,1,0.0
user4527@ex.com,3,0.3333333333333333
user452@ex.com,1,0.0
user4531@ex.com,3,0.0
user4532@ex.com,2,0.5
user4534@ex.com,1,0.0
user4538@ex.com,1,0.0
user4539@ex.com,1,0.0
user453@ex.com,1,0.0
user4540@ex.com,1,0.0
user4542@ex.com,1,0.0
user4543@ex.com,1,1.0
user4545@ex.com,4,0.0
user4547@ex.com,3,0.0
user4549@ex.com,1,0.0
user4550@ex.com,2,0.0
user4554@ex.com,2,0.5
user4555@ex.com,1,0.0
user4556@ex.com,2,0.0
user4558@ex.com,1,0.0
user4559@ex.com,1,0.0
user4560@ex.com,2,0.0
user4564@ex.com,4,0.0
user4565@ex.com,3,0.3333333333333333
user4568@ex.com,2,0.0
user4569@ex.com,1,0.0
user456@ex.com,2,0.0
user4570@ex.com,1,0.0
user4571@ex.com,4,0.0
user4572@ex.com,1,0.0
user4575@ex.com,1,0.0
user4577@ex.com,1,0.0
user4578@ex.com,1,0.0
user4579@ex.com,1,0.0
user457@ex.com,4,0.0
user4581@ex.com,1,0.0
user4583@ex.com,1,1.0
user4585@ex.com,2,0.0
user4586@ex.com,1,0.0
user4587@ex.com,1,0.0
user4588@ex.com,1,0.0
user4589@ex.com,1,0.0
user4590@ex.com,1,0.0
user4591@ex.com,1,0.0
user4593@ex.com,1,0.0
user4594@ex.com,1,0.0
user4596@ex.com,1,0.0
user4599@ex.com,3,0.0
user459@ex.com,1,0.0
user45@ex.com,1,0.0
user4601@ex.com,1,0.0
user4602@ex.com,2,1.0
user4603@ex.com,3,0.0
user4604@ex.com,1,0.0
user4606@ex.com,1,0.0
user4607@ex.com,2,0.0
user4609@ex.com,1,0.0
user460@ex.com,1,0.0
user4610@ex.com,1,0.0
user4611@ex.com,1,1.0
user4613@ex.com,1,1.0
user4614@ex.com,1,0.0
user4615@ex.com,3,0.0
user4616@ex.com,2,0.5
user4618@ex.com,2,0.0
user4619@ex.com,1,0.0
user461@ex.com,1,0.0
user4621@ex.com,2,0.5
user4624@ex.com,2,0.0
user4626@ex.com,2,0.5
user4628@ex.com,1,0.0
user4629@ex.com,1,1.0
user462@ex.com,2,0.5
user4630@ex.com,1,0.0
user4631@ex.com,2,0.0
user4633@ex.com,1,0.0
user4636@ex.com,1,0.0
user4637@ex.com,1,0.0
user4639@ex.com,2,0.5
user463@ex.com,2,0.0
user4640@ex.com,3,0.0
user4644@ex.com,4,0.25
user4645@ex.com,2,0.0
user4646@ex.com,2,0.5
user4649@ex.com,1,0.0
user4650@ex.com,1,0.0
user4653@ex.com,2,0.5
user4655@ex.com,1,0.0
user4656@ex.com,1,0.0
user4658@ex.com,2,0.0
user4659@ex.com,1,1.0
user4660@ex.com,1,0.0
user4661@ex.com,5,0.2
user4662@ex.com,1,0.0
user4663@ex.com,1,0.0
user4664@ex.com,2,0.0
user4666@ex.com,2,0.0
user4668@ex.com,1,0.0
user4669@ex.com,1,0.0
user4671@ex.com,1,0.0
user4673@ex.com,1,0.0
user4674@ex.com,1,1.0
user4675@ex.com,2,0.0
user4676@ex.com,3,0.6666666666666666
user4677@ex.com,1,1.0
user4681@ex.com,3,0.0
user4682@ex.com,2,0.5
user4685@ex.com,1,0.0
user4686@ex.com,1,0.0
user4687@ex.com,4,0.0
user4688@ex.com,3,0.6666666666666666
user4689@ex.com,1,0.0
user468@ex.com,1,0.0
user4690@ex.com,1,0.0
user4692@ex.com,2,0.0
user4693@ex.com,1,0.0
user4694@ex.com,1,0.0
user4696@ex.com,3,0.0
user4697@ex.com,1,0.0
user4698@ex.com,1,0.0
user4699@ex.com,2,0.0
user46@ex.com,1,0.0
user4700@ex.com,1,1.0
user4703@ex.com,1,0.0
user4705@ex.com,2,0.0
user4707@ex.com,2,0.0
user4709@ex.com,1,0.0
user4710@ex.com,1,0.0
user4712@ex.com,1,0.0
user4713@ex.com,3,0.0
user4714@ex.com,2,0.0
user4715@ex.com,2,0.0
user4718@ex.com,1,0.0
user4719@ex.com,1,0.0
user471@ex.com,1,0.0
user4721@ex.com,1,0.0
user4723@ex.com,2,0.5
user4725@ex.com,1,0.0
user4727@ex.com,1,0.0
user4728@ex.com,2,0.5
user4730@ex.com,1,0.0
user4735@ex.com,1,0.0
user4736@ex.com,1,0.0
user4738@ex.com,2,0.0
user4740@ex.com,1,0.0
user4741@ex.com,2,0.0
user4742@ex.com,1,0.0
user4743@ex.com,3,0.3333333333333333
user4744@ex.com,1,0.0
user4745@ex.com,1,0.0
user4746@ex.com,2,0.5
user4748@ex.com,1,0.0
user474@ex.com,1,0.0
user4752@ex.com,1,0.0
user4754@ex.com,2,0.0
user4756@ex.com,1,0.0
user4758@ex.com,2,0.0
user4759@ex.com,2,0.0
user475@ex.com,2,0.5
user4760@ex.com,2,0.0
user4761@ex.com,1,0.0
user4763@ex.com,1,0.0
user4764@ex.com,1,0.0
user4765@ex.com,3,0.0
user4766@ex.com,1,0.0
user4771@ex.com,2,0.0
user4772@ex.com,1,0.0
user4773@ex.com,1,0.0
user4775@ex.com,2,0.5
user4776@ex.com,1,0.0
user4777@ex.com,4,0.0
user4782@ex.com,1,0.0
user4784@ex.com,1,0.0
user4785@ex.com,2,0.0
user4786@ex.com,1,0.0
user4787@ex.com,1,0.0
user4788@ex.com,1,1.0
user478@ex.com,3,0.0
user4791@ex.com,2,0.0
user4792@ex.com,1,0.0
user4794@ex.com,2,0.0
user4795@ex.com,1,0.0
user4796@ex.com,1,0.0
user4797@ex.com,1,0.0
user4798@ex.com,1,0.0
user4799@ex.com,1,0.0
user4802@ex.com,1,0.0
user4804@ex.com,2,1.0
user4806@ex.com,1,0.0
user4807@ex.com,2,0.0
user4808@ex.com,2,0.0
user4809@ex.com,1,0.0
user480@ex.com,1,0.0
user4810@ex.com,3,0.0
user4815@ex.com,3,0.0
user4818@ex.com,3,0.0
user4819@ex.com,2,0.5
user481@ex.com,1,0.0
user4821@ex.com,2,0.0
user4822@ex.com,1,0.0
user4823@ex.com,1,1.0
user4824@ex.com,1,0.0
user4825@ex.com,1,1.0
user4826@ex.com,3,0.0
user4828@ex.com,2,0.0
user4829@ex.com,3,0.0
user482@ex.com,2,0.5
user4830@ex.com,3,0.0
user4831@ex.com,1,0.0
user4833@ex.com,2,0.0
user4834@ex.com,1,0.0
user4836@ex.com,1,0.0
user4838@ex.com,1,0.0
user4839@ex.com,2,0.0
user483@ex.com,1,0.0
user4842@ex.com,1,0.0
user4843@ex.com,1,0.0
user4845@ex.com,1,1.0
user4846@ex.com,2,0.0
user4847@ex.com,1,1.0
user4849@ex.com,2,0.0
user4850@ex.com,1,1.0
user4851@ex.com,1,0.0
user4852@ex.com,1,0.0
user4854@ex.com,1,0.0
user4857@ex.com,3,0.0
user4860@ex.com,2,0.0
user4861@ex.com,1,0.0
user4862@ex.com,1,1.0
user4864@ex.com,2,0.0
user4865@ex.com,3,1.0
user486@ex.com,3,0.0
user4870@ex.com,2,0.0
user4875@ex.com,1,0.0
user4876@ex.com,3,0.0
user4878@ex.com,1,0.0
user4879@ex.com,1,0.0
user487@ex.com,2,0.0
user4882@ex.com,2,0.0
user4884@ex.com,2,0.0
user4887@ex.com,1,0.0
user4888@ex.com,1,0.0
user4889@ex.com,2,0.0
user488@ex.com,2,0.0
user4891@ex.com,1,0.0
user4892@ex.com,3,0.0
user4893@ex.com,1,0.0
user4894@ex.com,2,0.5
user4896@ex.com,1,0.0
user4898@ex.com,1,0.0
user48@ex.com,2,0.0
user4900@ex.com,1,0.0
user4903@ex.com,2,0.5
user4904@ex.com,2,1.0
user4905@ex.com,2,0.0
user4906@ex.com,3,0.0
user4907@ex.com,1,0.0
user4908@ex.com,1,0.0
user4909@ex.com,1,0.0
user4910@ex.com,1,0.0
user4911@ex.com,1,0.0
user4913@ex.com,1,0.0
user4914@ex.com,2,0.0
user4917@ex.com,1,0.0
user4918@ex.com,1,0.0
user4919@ex.com,3,0.3333333333333333
user491@ex.com,1,1.0
user4920@ex.com,2,0.5
user4923@ex.com,1,0.0
user4924@ex.com,3,0.0
user4926@ex.com,2,0.0
user4927@ex.com,2,0.0
user4928@ex.com,1,0.0
user492@ex.com,2,0.0
user4932@ex.com,1,0.0
user4934@ex.com,1,0.0
user4935@ex.com,1,1.0
user4937@ex.com,1,1.0
user4939@ex.com,2,0.0
user493@ex.com,1,0.0
user4940@ex.com,5,0.2
user4943@ex.com,3,0.0
user4944@ex.com,2,0.0
user4946@ex.com,4,0.5
user4948@ex.com,2,0.0
user4950@ex.com,1,0.0
user4951@ex.com,3,0.0
user4952@ex.com,1,0.0
user4954@ex.com,2,1.0
user4955@ex.com,1,0.0
user4958@ex.com,1,0.0
user4959@ex.com,1,0.0
user4960@ex.com,2,0.5
user4962@ex.com,1,0.0
user4963@ex.com,2,0.0
user4967@ex.com,3,0.3333333333333333
user4969@ex.com,1,1.0
user4970@ex.com,1,0.0
user4976@ex.com,2,0.0
user4977@ex.com,1,0.0
user4978@ex.com,2,0.0
user4979@ex.com,1,0.0
user4980@ex.com,2,0.0
user4981@ex.com,1,0.0
user4982@ex.com,1,0.0
user4984@ex.com,1,0.0
user4987@ex.com,1,0.0
user498@ex.com,1,0.0
user4991@ex.com,1,0.0
user4992@ex.com,2,0.0
user4993@ex.com,3,0.0
user4997@ex.com,2,0.0
user4998@ex.com,1,1.0
user4999@ex.com,1,0.0
user499@ex.com,2,0.0
user4@ex.com,2,0.0
user500@ex.com,1,0.0
user504@ex.com,3,0.3333333333333333
user505@ex.com,2,0.0
user506@ex.com,2,0.0
user508@ex.com,2,0.5
user50@ex.com,3,0.3333333333333333
user512@ex.com,1,0.0
user513@ex.com,1,0.0
user514@ex.com,3,0.0
user515@ex.com,1,0.0
user517@ex.com,2,0.0
user519@ex.com,1,0.0
user520@ex.com,2,0.0
user522@ex.com,2,0.0
user525@ex.com,3,0.0
user526@ex.com,2,0.0
user527@ex.com,1,0.0
user528@ex.com,1,0.0
user52@ex.com,1,0.0
user530@ex.com,1,0.0
user531@ex.com,1,1.0
user532@ex.com,3,0.0
user535@ex.com,1,0.0
user536@ex.com,2,0.0
user537@ex.com,2,0.0
user538@ex.com,2,0.0
user539@ex.com,3,0.3333333333333333
user53@ex.com,1,0.0
user540@ex.com,1,0.0
user543@ex.com,1,0.0
user545@ex.com,2,0.0
user547@ex.com,1,0.0
user548@ex.com,2,0.0
user553@ex.com,1,0.0
user554@ex.com,1,0.0
user555@ex.com,1,0.0
user556@ex.com,1,0.0
user557@ex.com,1,0.0
user559@ex.com,1,0.0
user55@ex.com,1,1.0
user561@ex.com,1,0.0
user562@ex.com,1,1.0
user563@ex.com,1,0.0
user565@ex.com,2,0.0
user566@ex.com,2,0.5
user567@ex.com,1,0.0
user568@ex.com,1,0.0
user569@ex.com,1,0.0
user56@ex.com,1,1.0
user570@ex.com,3,0.0
user571@ex.com,2,0.0
user572@ex.com,1,0.0
user575@ex.com,2,0.0
user578@ex.com,3,0.6666666666666666
user579@ex.com,1,0.0
user57@ex.com,1,0.0
user580@ex.com,1,0.0
user581@ex.com,2,0.0
user583@ex.com,2,0.0
user584@ex.com,1,0.0
user585@ex.com,4,0.0
user586@ex.com,1,0.0
user587@ex.com,2,0.0
user588@ex.com,2,0.5
user589@ex.com,1,0.0
user58@ex.com,2,0.0
user590@ex.com,2,0.0
user591@ex.com,1,0.0
user592@ex.com,1,0.0
user594@ex.com,1,0.0
user595@ex.com,1,0.0
user596@ex.com,1,0.0
user597@ex.com,2,0.0
user598@ex.com,1,0.0
user59@ex.com,2,0.0
user600@ex.com,1,0.0
user603@ex.com,1,0.0
user604@ex.com,2,0.0
user605@ex.com,1,0.0
user606@ex.com,2,0.0
user608@ex.com,2,0.0
user609@ex.com,1,0.0
user614@ex.com,1,0.0
user616@ex.com,1,0.0
user617@ex.com,3,0.0
user61@ex.com,1,0.0
user620@ex.com,3,0.3333333333333333
user621@ex.com,1,0.0
user624@ex.com,1,0.0
user625@ex.com,1,0.0
user626@ex.com,2,0.0
user628@ex.com,1,0.0
user62@ex.com,1,0.0
user630@ex.com,3,0.0
user631@ex.com,1,0.0
user632@ex.com,1,0.0
user633@ex.com,1,0.0
user634@ex.com,1,0.0
user636@ex.com,1,0.0
user637@ex.com,1,0.0
user638@ex.com,4,0.5
user639@ex.com,1,0.0
user63@ex.com,1,0.0
user640@ex.com,1,1.0
user641@ex.com,1,0.0
user643@ex.com,1,0.0
user644@ex.com,3,0.3333333333333333
user645@ex.com,1,0.0
user646@ex.com,1,0.0
user647@ex.com,2,0.0
user649@ex.com,1,0.0
user64@ex.com,1,0.0
user650@ex.com,1,0.0
user651@ex.com,1,0.0
user653@ex.com,1,0.0
user654@ex.com,2,0.0
user655@ex.com,2,0.0
user658@ex.com,1,0.0
user660@ex.com,1,0.0
user661@ex.com,1,0.0
user662@ex.com,3,0.0
user663@ex.com,1,0.0
user664@ex.com,1,0.0
user665@ex.com,1,1.0
user666@ex.com,1,1.0
user66@ex.com,1,0.0
user672@ex.com,2,0.0
user673@ex.com,2,0.5
user675@ex.com,1,0.0
user676@ex.com,2,0.5
user678@ex.com,2,0.0
user679@ex.com,1,0.0
user67@ex.com,1,0.0
user681@ex.com,2,0.0
user682@ex.com,2,0.0
user684@ex.com,1,0.0
user685@ex.com,1,0.0
user686@ex.com,1,0.0
user687@ex.com,1,0.0
user688@ex.com,2,0.0
user68@ex.com,3,0.0
user690@ex.com,2,0.5
user691@ex.com,1,0.0
user693@ex.com,2,0.5
user695@ex.com,3,0.0
user696@ex.com,1,1.0
user697@ex.com,3,0.0
user69@ex.com,1,0.0
user6@ex.com,1,0.0
user700@ex.com,2,0.0
user701@ex.com,2,1.0
user703@ex.com,2,0.0
user704@ex.com,2,0.0
user705@ex.com,2,0.0
user706@ex.com,1,0.0
user708@ex.com,1,0.0
user709@ex.com,1,0.0
user70@ex.com,2,0.5
user713@ex.com,3,0.0
user714@ex.com,1,0.0
user716@ex.com,1,0.0
user719@ex.com,2,0.0
user71@ex.com,2,0.0
user721@ex.com,1,0.0
user722@ex.com,1,0.0
user723@ex.com,2,0.0
user726@ex.com,1,0.0
user727@ex.com,1,0.0
user729@ex.com,1,0.0
user72@ex.com,2,0.0
user731@ex.com,1,0.0
user735@ex.com,1,0.0
user736@ex.com,1,1.0
user738@ex.com,1,0.0
user739@ex.com,1,0.0
user742@ex.com,1,0.0
user744@ex.com,3,0.0
user745@ex.com,1,0.0
user748@ex.com,1,0.0
user749@ex.com,2,0.0
user74@ex.com,3,0.0
user750@ex.com,1,0.0
user753@ex.com,1,0.0
user755@ex.com,1,0.0
user756@ex.com,2,0.0
user758@ex.com,2,0.5
user759@ex.com,1,0.0
user75@ex.com,4,0.0
user760@ex.com,2,0.0
user763@ex.com,1,0.0
user764@ex.com,4,0.5
user765@ex.com,3,0.0
user767@ex.com,1,0.0
user768@ex.com,1,0.0
user771@ex.com,2,0.0
user773@ex.com,1,0.0
user775@ex.com,1,0.0
user777@ex.com,1,0.0
user778@ex.com,1,0.0
user779@ex.com,2,0.0
user782@ex.com,2,0.5
user783@ex.com,2,0.0
user784@ex.com,1,0.0
user785@ex.com,1,1.0
user788@ex.com,2,0.5
user78@ex.com,1,0.0
user790@ex.com,2,0.0
user791@ex.com,1,0.0
user792@ex.com,2,0.0
user793@ex.com,1,0.0
user794@ex.com,1,0.0
user798@ex.com,1,0.0
user799@ex.com,2,0.0
user7@ex.com,2,1.0
user800@ex.com,3,0.0
user801@ex.com,2,0.0
user802@ex.com,1,0.0
user803@ex.com,3,0.0
user804@ex.com,1,0.0
user805@ex.com,1,0.0
user806@ex.com,1,0.0
user808@ex.com,1,0.0
user80@ex.com,2,0.0
user810@ex.com,2,0.0
user811@ex.com,3,0.0
user812@ex.com,1,0.0
user813@ex.com,1,1.0
user814@ex.com,1,1.0
user815@ex.com,2,0.5
user817@ex.com,1,0.0
user818@ex.com,1,0.0
user819@ex.com,1,0.0
user821@ex.com,1,0.0
user823@ex.com,1,0.0
user824@ex.com,2,0.0
user825@ex.com,1,0.0
user826@ex.com,2,0.0
user827@ex.com,1,1.0
user828@ex.com,1,0.0
user829@ex.com,1,0.0
user82@ex.com,1,0.0
user831@ex.com,1,1.0
user833@ex.com,1,0.0
user834@ex.com,4,0.25
user835@ex.com,1,0.0
user838@ex.com,3,0.0
user839@ex.com,1,0.0
user83@ex.com,1,1.0
user842@ex.com,1,0.0
user843@ex.com,2,0.0
user844@ex.com,3,0.6666666666666666
user845@ex.com,2,0.0
user848@ex.com,3,0.3333333333333333
user849@ex.com,2,0.5
user850@ex.com,1,0.0
user852@ex.com,1,0.0
user853@ex.com,1,0.0
user855@ex.com,2,0.0
user856@ex.com,1,0.0
user857@ex.com,2,0.0
user859@ex.com,1,0.0
user85@ex.com,1,0.0
user862@ex.com,1,0.0
user863@ex.com,1,0.0
user864@ex.com,1,0.0
user867@ex.com,2,0.0
user868@ex.com,2,0.0
user870@ex.com,2,0.5
user871@ex.com,2,0.0
user873@ex.com,1,0.0
user874@ex.com,2,0.0
user875@ex.com,3,0.0
user876@ex.com,2,0.5
user877@ex.com,1,1.0
user87@ex.com,1,0.0
user881@ex.com,1,0.0
user882@ex.com,1,1.0
user883@ex.com,4,0.0
user885@ex.com,1,0.0
user887@ex.com,2,0.0
user889@ex.com,2,0.5
user890@ex.com,4,0.0
user891@ex.com,2,0.0
user892@ex.com,2,0.0
user893@ex.com,1,1.0
user895@ex.com,2,0.0
user897@ex.com,1,0.0
user898@ex.com,1,0.0
user899@ex.com,1,1.0
user89@ex.com,1,0.0
user8@ex.com,1,0.0
user900@ex.com,1,0.0
user901@ex.com,1,0.0
user902@ex.com,1,0.0
user903@ex.com,3,0.0
user906@ex.com,2,0.5
user907@ex.com,1,0.0
user908@ex.com,1,0.0
user909@ex.com,1,0.0
user90@ex.com,1,0.0
user911@ex.com,1,0.0
user912@ex.com,1,0.0
user913@ex.com,3,0.0
user914@ex.com,2,0.0
user915@ex.com,1,0.0
user916@ex.com,2,0.0
user917@ex.com,1,0.0
user918@ex.com,1,0.0
user919@ex.com,2,0.0
user920@ex.com,1,0.0
user922@ex.com,1,0.0
user923@ex.com,1,0.0
user926@ex.com,1,0.0
user927@ex.com,1,0.0
user929@ex.com,2,0.0
user92@ex.com,2,0.5
user931@ex.com,1,1.0
user934@ex.com,1,0.0
user935@ex.com,2,0.5
user936@ex.com,1,0.0
user937@ex.com,1,0.0
user940@ex.com,4,0.25
user941@ex.com,1,0.0
user943@ex.com,1,0.0
user944@ex.com,2,0.0
user946@ex.com,1,0.0
user947@ex.com,1,0.0
user948@ex.com,4,0.25
user949@ex.com,1,0.0
user94@ex.com,1,0.0
user954@ex.com,1,1.0
user957@ex.com,1,0.0
user958@ex.com,1,0.0
user959@ex.com,1,0.0
user95@ex.com,2,0.0
user960@ex.com,1,0.0
user961@ex.com,1,0.0
user966@ex.com,1,0.0
user967@ex.com,1,0.0
user96@ex.com,1,0.0
user970@ex.com,1,0.0
user972@ex.com,3,0.3333333333333333
user974@ex.com,1,1.0
user976@ex.com,1,1.0
user977@ex.com,1,0.0
user978@ex.com,2,0.0
user979@ex.com,1,0.0
user97@ex.com,1,0.0
user980@ex.com,1,0.0
user981@ex.com,2,0.5
user983@ex.com,1,0.0
user985@ex.com,1,0.0
user986@ex.com,1,1.0
user987@ex.com,1,0.0
user989@ex.com,2,0.5
user991@ex.com,1,0.0
user997@ex.com,2,0.0
user9@ex.com,1,0.0
