insurer_phone_number,n_claims,fraud_rate
34600000001,1,0.0
34600000002,2,0.5
34600000005,2,0.0
34600000006,1,0.0
34600000007,1,1.0
34600000008,1,0.0
34600000009,1,0.0
34600000010,3,0.0
34600000012,3,0.0
34600000013,1,0.0
34600000015,2,0.0
34600000016,2,0.0
34600000017,3,0.0
34600000018,2,0.0
34600000019,1,0.0
34600000020,2,0.5
34600000021,3,0.3333333333333333
34600000022,2,0.0
34600000023,2,0.5
34600000024,1,0.0
34600000028,2,0.0
34600000029,2,0.0
34600000030,1,0.0
34600000031,1,0.0
34600000032,1,0.0
34600000034,1,0.0
34600000036,1,0.0
34600000041,2,0.0
34600000043,2,0.0
34600000045,1,0.0
34600000046,2,0.5
34600000047,2,0.0
34600000048,1,0.0
34600000049,1,0.0
34600000050,1,0.0
34600000051,1,0.0
34600000055,1,0.0
34600000056,2,0.0
34600000059,2,0.0
34600000061,2,0.0
34600000063,1,0.0
34600000064,1,0.0
34600000066,3,0.0
34600000067,2,0.0
34600000069,3,0.0
34600000070,1,0.0
34600000071,3,0.3333333333333333
34600000072,1,0.0
34600000073,2,0.0
34600000074,4,0.5
34600000076,1,0.0
34600000077,1,0.0
34600000079,1,0.0
34600000083,6,0.3333333333333333
34600000084,1,0.0
34600000086,6,0.3333333333333333
34600000087,3,0.3333333333333333
34600000088,2,0.0
34600000089,2,0.0
34600000090,1,0.0
34600000092,1,0.0
34600000093,1,0.0
34600000095,1,0.0
34600000096,1,0.0
34600000097,1,1.0
34600000098,2,0.5
34600000099,1,1.0
34600000100,2,1.0
34600000101,1,0.0
34600000102,1,0.0
34600000103,1,0.0
34600000104,2,0.0
34600000105,1,0.0
34600000106,2,0.0
34600000107,1,1.0
34600000108,3,0.0
34600000110,1,0.0
34600000111,1,0.0
34600000112,3,0.0
34600000113,2,0.0
34600000115,1,0.0
34600000116,1,0.0
34600000120,1,0.0
34600000121,1,0.0
34600000122,2,0.0
34600000123,1,0.0
34600000124,2,0.0
34600000125,5,0.2
34600000126,3,0.0
34600000129,4,0.25
34600000130,1,0.0
34600000132,1,0.0
34600000134,2,0.0
34600000135,2,0.0
34600000136,1,0.0
34600000138,1,0.0
34600000139,1,0.0
34600000140,1,0.0
34600000141,1,1.0
34600000144,1,1.0
34600000145,1,1.0
34600000146,1,0.0
34600000147,1,0.0
34600000151,2,0.0
34600000152,1,0.0
34600000153,3,0.3333333333333333
34600000154,1,0.0
34600000155,3,0.6666666666666666
34600000156,1,0.0
34600000157,1,0.0
34600000158,5,0.0
34600000159,1,1.0
34600000161,2,0.0
34600000163,3,0.0
34600000164,1,0.0
34600000168,1,0.0
34600000169,1,0.0
34600000170,1,0.0
34600000171,1,1.0
34600000173,1,0.0
34600000174,1,0.0
34600000175,3,0.0
34600000176,1,1.0
34600000177,3,0.0
34600000179,1,1.0
34600000180,1,0.0
34600000181,1,0.0
34600000183,2,0.0
34600000185,1,0.0
34600000191,1,0.0
34600000192,1,0.0
34600000194,2,0.0
34600000195,1,0.0
34600000197,1,1.0
34600000198,2,0.0
34600000200,1,0.0
34600000201,1,0.0
34600000202,2,0.0
34600000204,1,0.0
34600000206,3,0.3333333333333333
34600000209,1,0.0
34600000210,1,1.0
34600000211,1,0.0
34600000213,2,0.5
34600000214,1,0.0
34600000215,2,0.0
34600000216,2,0.0
34600000217,2,0.0
34600000218,1,1.0
34600000220,1,1.0
34600000221,1,0.0
34600000223,2,0.0
34600000228,2,0.0
34600000229,2,0.0
34600000230,1,0.0
34600000232,1,0.0
34600000234,1,0.0
34600000237,3,0.3333333333333333
34600000238,3,0.3333333333333333
34600000239,1,0.0
34600000243,2,0.0
34600000244,2,0.0
34600000245,1,0.0
34600000246,1,0.0
34600000247,1,0.0
34600000248,2,0.0
34600000249,4,0.25
34600000250,2,0.0
34600000251,2,0.5
34600000253,1,0.0
34600000255,2,0.0
34600000256,1,0.0
34600000257,1,0.0
34600000258,1,0.0
34600000259,2,0.0
34600000260,1,0.0
34600000262,1,0.0
34600000264,2,0.5
34600000265,2,0.5
34600000266,1,0.0
34600000267,2,0.0
34600000268,2,0.0
34600000269,2,0.0
34600000270,3,0.3333333333333333
34600000271,1,0.0
34600000272,1,1.0
34600000274,2,0.0
34600000275,1,1.0
34600000276,1,0.0
34600000277,1,0.0
34600000278,3,0.6666666666666666
34600000279,1,0.0
34600000280,1,0.0
34600000282,1,0.0
34600000285,5,0.6
34600000286,1,0.0
34600000288,3,0.3333333333333333
34600000289,1,0.0
34600000292,1,0.0
34600000293,1,0.0
34600000295,4,0.25
34600000296,1,0.0
34600000297,1,0.0
34600000298,2,0.0
34600000299,6,0.3333333333333333
34600000301,1,0.0
34600000302,2,0.0
34600000303,1,0.0
34600000305,3,0.0
34600000306,2,0.5
34600000307,2,0.0
34600000309,3,0.0
34600000312,2,0.0
34600000314,1,0.0
34600000316,3,0.0
34600000317,2,0.0
34600000318,3,0.0
34600000320,1,1.0
34600000321,5,0.4
34600000323,3,0.3333333333333333
34600000325,3,0.0
34600000326,1,0.0
34600000328,2,0.0
34600000329,2,0.0
34600000333,1,0.0
34600000334,1,0.0
34600000335,1,0.0
34600000336,4,0.0
34600000339,2,0.0
34600000340,1,0.0
34600000341,1,1.0
34600000342,2,0.0
34600000345,1,0.0
34600000346,3,0.0
34600000347,1,0.0
34600000348,1,0.0
34600000349,4,0.25
34600000351,1,0.0
34600000353,1,0.0
34600000354,1,0.0
34600000355,1,0.0
34600000356,6,0.3333333333333333
34600000357,2,0.0
34600000360,2,0.0
34600000362,2,0.0
34600000363,2,0.0
34600000364,1,0.0
34600000366,1,0.0
34600000367,1,1.0
34600000368,2,0.5
34600000371,5,0.0
34600000374,2,0.5
34600000375,1,0.0
34600000376,1,1.0
34600000378,1,1.0
34600000379,1,0.0
34600000380,2,0.5
34600000382,1,0.0
34600000383,1,0.0
34600000384,2,0.5
34600000387,3,0.0
34600000388,4,0.0
34600000389,2,0.0
34600000390,2,0.0
34600000394,1,0.0
34600000395,2,0.0
34600000396,2,0.0
34600000397,1,0.0
34600000398,1,0.0
34600000399,4,0.0
34600000401,1,0.0
34600000402,5,0.0
34600000405,2,0.0
34600000406,1,0.0
34600000407,1,0.0
34600000408,3,0.0
34600000409,1,1.0
34600000410,1,0.0
34600000411,1,0.0
34600000412,2,0.0
34600000413,3,0.0
34600000414,2,0.0
34600000416,1,0.0
34600000417,1,0.0
34600000418,4,0.0
34600000419,3,0.0
34600000421,1,1.0
34600000422,2,0.0
34600000423,1,0.0
34600000425,2,0.0
34600000426,1,0.0
34600000427,3,0.3333333333333333
34600000428,1,0.0
34600000430,3,0.0
34600000433,2,0.5
34600000434,1,0.0
34600000435,1,0.0
34600000436,1,0.0
34600000437,1,0.0
34600000438,1,0.0
34600000442,2,0.0
34600000443,1,0.0
34600000445,1,0.0
34600000447,1,0.0
34600000448,1,0.0
34600000449,1,0.0
34600000451,1,0.0
34600000452,2,0.0
34600000453,1,0.0
34600000454,1,0.0
34600000455,2,0.5
34600000456,1,0.0
34600000457,4,0.5
34600000460,1,1.0
34600000462,1,0.0
34600000464,2,0.0
34600000465,1,1.0
34600000467,2,0.0
34600000469,6,0.0
34600000470,1,1.0
34600000471,2,0.5
34600000472,1,0.0
34600000474,2,0.0
34600000475,1,0.0
34600000477,1,0.0
34600000478,1,0.0
34600000479,2,0.0
34600000481,2,0.0
34600000482,2,0.5
34600000484,1,0.0
34600000485,3,0.3333333333333333
34600000487,2,0.0
34600000489,1,0.0
34600000490,3,0.0
34600000491,2,0.0
34600000492,1,0.0
34600000494,2,0.0
34600000496,1,0.0
34600000497,1,0.0
34600000498,1,0.0
34600000499,2,0.0
34600000500,1,0.0
34600000501,2,0.5
34600000502,2,0.0
34600000503,1,0.0
34600000504,2,0.0
34600000505,3,0.0
34600000506,1,0.0
34600000508,3,0.0
34600000510,1,0.0
34600000512,4,0.0
34600000513,1,0.0
34600000514,2,0.5
34600000516,1,0.0
34600000517,1,0.0
34600000519,1,0.0
34600000520,2,0.0
34600000521,1,0.0
34600000523,1,0.0
34600000524,1,0.0
34600000525,2,0.0
34600000526,1,0.0
34600000527,1,0.0
34600000528,1,0.0
34600000529,1,0.0
34600000530,1,0.0
34600000533,2,0.0
34600000535,1,0.0
34600000537,1,0.0
34600000540,1,0.0
34600000542,6,0.0
34600000543,2,0.5
34600000544,3,0.0
34600000545,3,0.3333333333333333
34600000547,3,0.0
34600000549,4,0.25
34600000550,2,0.0
34600000551,3,0.0
34600000552,3,0.3333333333333333
34600000555,2,0.5
34600000556,1,0.0
34600000557,1,0.0
34600000561,1,1.0
34600000562,1,0.0
34600000564,1,0.0
34600000565,2,0.0
34600000567,2,0.0
34600000568,2,0.0
34600000570,1,0.0
34600000571,4,0.0
34600000572,3,0.0
34600000574,1,0.0
34600000575,1,0.0
34600000576,2,0.0
34600000577,1,0.0
34600000580,6,0.6666666666666666
34600000582,1,0.0
34600000585,3,0.0
34600000586,1,1.0
34600000587,1,0.0
34600000588,3,0.0
34600000589,3,0.3333333333333333
34600000591,3,0.3333333333333333
34600000592,3,0.0
34600000593,1,0.0
34600000594,1,0.0
34600000595,1,0.0
34600000597,3,0.0
34600000600,2,0.5
34600000601,1,0.0
34600000603,2,0.0
34600000604,1,1.0
34600000605,7,0.14285714285714285
34600000606,3,0.3333333333333333
34600000608,2,0.0
34600000609,3,0.0
34600000610,2,0.0
34600000611,1,0.0
34600000612,2,0.5
34600000617,4,0.0
34600000618,1,0.0
34600000619,9,0.5555555555555556
34600000620,1,0.0
34600000621,1,0.0
34600000622,1,0.0
34600000624,1,0.0
34600000625,2,0.5
34600000626,2,0.0
34600000627,3,0.0
34600000629,1,0.0
34600000630,3,0.3333333333333333
34600000632,2,0.0
34600000633,1,0.0
34600000634,1,0.0
34600000635,1,0.0
34600000636,1,0.0
34600000638,1,0.0
34600000639,6,0.16666666666666666
34600000641,1,0.0
34600000642,1,0.0
34600000643,5,0.4
34600000645,2,0.0
34600000647,1,0.0
34600000648,1,0.0
34600000649,2,0.0
34600000650,2,0.0
34600000651,1,0.0
34600000652,2,0.0
34600000655,1,0.0
34600000656,1,0.0
34600000657,1,0.0
34600000658,1,0.0
34600000659,2,0.0
34600000660,1,0.0
34600000661,1,0.0
34600000662,1,0.0
34600000664,3,0.0
34600000666,1,1.0
34600000668,2,0.0
34600000669,3,0.0
34600000670,5,0.4
34600000671,2,0.0
34600000672,1,0.0
34600000673,1,0.0
34600000674,1,0.0
34600000675,1,0.0
34600000678,1,0.0
34600000680,1,0.0
34600000681,1,0.0
34600000683,3,0.0
34600000684,2,0.0
34600000685,1,0.0
34600000686,1,0.0
34600000687,2,0.0
34600000689,2,0.0
34600000691,1,0.0
34600000692,1,0.0
34600000700,3,0.0
34600000701,1,0.0
34600000702,1,0.0
34600000703,3,0.0
34600000706,3,0.0
34600000707,1,0.0
34600000708,2,0.0
34600000709,2,0.0
34600000710,1,0.0
34600000711,1,0.0
34600000712,1,0.0
34600000713,2,0.0
34600000717,8,0.25
34600000718,1,0.0
34600000719,2,0.0
34600000720,2,0.0
34600000721,1,0.0
34600000724,2,0.0
34600000726,3,0.0
34600000728,2,0.0
34600000730,3,0.0
34600000731,1,0.0
34600000732,2,0.0
34600000733,1,0.0
34600000739,2,0.0
34600000740,1,0.0
34600000744,4,0.0
34600000745,1,0.0
34600000747,1,0.0
34600000748,2,0.0
34600000752,1,1.0
34600000753,1,0.0
34600000754,2,0.5
34600000755,1,0.0
34600000756,1,1.0
34600000757,2,0.0
34600000758,1,0.0
34600000759,1,0.0
34600000762,2,0.0
34600000763,2,0.0
34600000764,1,0.0
34600000765,3,0.3333333333333333
34600000766,1,0.0
34600000767,1,0.0
34600000768,1,0.0
34600000769,3,0.0
34600000770,1,0.0
34600000772,1,0.0
34600000773,2,0.0
34600000775,2,0.0
34600000776,1,0.0
34600000777,2,0.0
34600000780,2,0.0
34600000781,1,0.0
34600000785,2,0.5
34600000788,1,0.0
34600000789,2,0.0
34600000790,5,0.2
34600000792,2,0.0
34600000793,2,0.0
34600000794,2,0.0
34600000796,6,0.0
34600000797,2,0.0
34600000801,1,0.0
34600000802,2,0.0
34600000803,1,0.0
34600000805,1,0.0
34600000807,1,0.0
34600000808,1,0.0
34600000809,3,0.0
34600000811,1,0.0
34600000814,1,0.0
34600000815,1,1.0
34600000816,2,0.0
34600000818,1,0.0
34600000819,1,0.0
34600000820,2,0.0
34600000821,2,0.0
34600000822,1,0.0
34600000825,4,0.25
34600000826,1,0.0
34600000828,2,0.0
34600000830,1,0.0
34600000831,1,1.0
34600000832,1,0.0
34600000834,2,1.0
34600000837,3,0.0
34600000838,2,0.5
34600000840,2,0.0
34600000842,1,0.0
34600000843,2,0.5
34600000847,1,0.0
34600000848,1,0.0
34600000852,2,0.0
34600000853,2,0.0
34600000854,2,0.5
34600000855,1,0.0
34600000856,1,0.0
34600000857,2,0.0
34600000858,2,0.0
34600000859,1,0.0
34600000860,3,0.0
34600000861,1,1.0
34600000862,3,0.0
34600000865,1,0.0
34600000866,1,0.0
34600000868,2,0.0
34600000869,1,0.0
34600000871,1,0.0
34600000872,1,0.0
34600000873,1,1.0
34600000874,1,0.0
34600000876,4,0.25
34600000879,3,0.0
34600000882,1,0.0
34600000883,2,0.0
34600000884,2,0.0
34600000885,1,0.0
34600000886,1,0.0
34600000890,2,0.0
34600000891,2,0.5
34600000892,2,0.0
34600000893,2,1.0
34600000894,2,0.5
34600000895,1,0.0
34600000896,1,0.0
34600000897,3,0.0
34600000898,2,0.0
34600000900,2,0.0
34600000901,1,0.0
34600000902,2,0.0
34600000904,1,0.0
34600000907,1,0.0
34600000909,2,0.0
34600000910,3,0.0
34600000911,2,0.0
34600000912,4,0.0
34600000914,1,0.0
34600000915,1,1.0
34600000916,2,0.0
34600000918,1,0.0
34600000919,4,0.5
34600000920,2,0.0
34600000921,1,0.0
34600000924,1,0.0
34600000927,4,0.0
34600000929,1,0.0
34600000930,1,0.0
34600000931,3,0.0
34600000933,4,0.0
34600000934,1,1.0
34600000935,1,0.0
34600000936,1,0.0
34600000938,1,0.0
34600000940,1,0.0
34600000941,2,0.5
34600000942,4,0.0
34600000943,2,0.0
34600000945,3,0.3333333333333333
34600000946,1,0.0
34600000947,1,0.0
34600000948,1,0.0
34600000949,1,0.0
34600000950,1,1.0
34600000951,1,0.0
34600000953,1,0.0
34600000954,1,0.0
34600000955,2,0.0
34600000958,1,0.0
34600000959,1,0.0
34600000960,3,0.3333333333333333
34600000961,1,0.0
34600000962,3,0.0
34600000964,1,0.0
34600000965,2,0.5
34600000966,1,1.0
34600000967,1,1.0
34600000968,1,1.0
34600000969,1,0.0
34600000971,2,0.0
34600000972,1,0.0
34600000973,1,0.0
34600000975,1,0.0
34600000976,1,0.0
34600000977,1,0.0
34600000978,1,0.0
34600000979,2,0.0
34600000980,1,0.0
34600000981,5,0.2
34600000982,2,0.0
34600000983,1,0.0
34600000984,1,1.0
34600000987,1,0.0
34600000988,1,0.0
34600000990,1,1.0
34600000991,2,0.0
34600000992,2,0.0
34600000993,4,0.0
34600000994,1,0.0
34600000996,1,0.0
34600000998,2,0.0
34600000999,1,0.0
34600001000,1,0.0
34600001002,3,0.0
34600001004,2,0.0
34600001007,2,0.0
34600001008,1,0.0
34600001009,1,0.0
34600001011,2,0.0
34600001012,1,0.0
34600001013,2,0.5
34600001014,2,0.0
34600001015,1,0.0
34600001017,1,0.0
34600001018,2,0.0
34600001019,4,0.0
34600001020,2,0.0
34600001021,1,0.0
34600001022,1,0.0
34600001023,1,0.0
34600001024,2,0.0
34600001026,1,1.0
34600001027,2,0.5
34600001028,5,0.2
34600001030,3,0.0
34600001031,1,0.0
34600001033,2,0.0
34600001034,6,0.16666666666666666
34600001035,2,0.5
34600001036,1,0.0
34600001038,1,1.0
34600001041,1,0.0
34600001043,2,0.0
34600001044,1,0.0
34600001045,2,0.0
34600001046,3,0.3333333333333333
34600001048,2,0.0
34600001049,3,0.0
34600001053,3,0.0
34600001054,2,0.5
34600001055,1,0.0
34600001056,1,0.0
34600001057,1,0.0
34600001058,1,0.0
34600001059,1,0.0
34600001060,1,0.0
34600001061,2,0.5
34600001063,1,0.0
34600001066,1,0.0
34600001067,1,0.0
34600001068,1,1.0
34600001069,2,0.0
34600001071,1,0.0
34600001073,2,0.0
34600001075,1,0.0
34600001077,1,0.0
34600001078,1,0.0
34600001079,1,0.0
34600001080,2,0.0
34600001081,1,0.0
34600001084,3,0.0
34600001087,1,0.0
34600001088,3,0.0
34600001089,3,0.0
34600001090,2,0.5
34600001091,1,0.0
34600001093,1,0.0
34600001094,3,0.0
34600001096,1,0.0
34600001097,3,0.3333333333333333
34600001098,4,0.25
34600001100,2,0.0
34600001101,1,0.0
34600001102,1,0.0
34600001103,1,1.0
34600001104,1,0.0
34600001105,6,0.16666666666666666
34600001107,3,0.0
34600001109,3,0.3333333333333333
34600001110,2,0.0
34600001112,1,0.0
34600001113,3,0.0
34600001114,1,0.0
34600001115,2,0.5
34600001118,2,0.0
34600001119,3,0.3333333333333333
34600001120,2,0.5
34600001121,1,0.0
34600001122,2,0.0
34600001124,1,0.0
34600001127,1,0.0
34600001128,2,0.0
34600001131,1,1.0
34600001132,1,0.0
34600001133,1,0.0
34600001134,1,0.0
34600001135,1,1.0
34600001136,2,0.0
34600001139,1,0.0
34600001140,1,0.0
34600001141,1,0.0
34600001142,2,0.0
34600001143,1,0.0
34600001144,1,0.0
34600001146,1,0.0
34600001147,3,0.3333333333333333
34600001148,1,0.0
34600001150,2,0.0
34600001152,1,0.0
34600001153,1,0.0
34600001154,2,0.0
34600001155,1,0.0
34600001158,4,0.5
34600001159,2,0.0
34600001161,3,0.3333333333333333
34600001163,1,0.0
34600001164,1,0.0
34600001165,1,0.0
34600001168,1,0.0
34600001169,2,0.5
34600001170,3,0.0
34600001172,1,0.0
34600001174,1,0.0
34600001175,2,0.0
34600001176,2,0.5
34600001177,3,0.3333333333333333
34600001179,1,0.0
34600001180,3,0.0
34600001181,1,1.0
34600001182,1,0.0
34600001183,1,0.0
34600001184,2,0.0
34600001185,1,0.0
34600001186,2,0.0
34600001187,2,0.0
34600001188,2,0.0
34600001189,2,0.0
34600001190,2,0.0
34600001191,2,0.0
34600001192,1,0.0
34600001193,2,0.5
34600001194,1,0.0
34600001195,1,0.0
34600001196,2,0.5
34600001197,1,0.0
34600001198,2,0.5
34600001199,1,0.0
34600001202,2,0.0
34600001205,2,0.0
34600001206,7,0.42857142857142855
34600001208,1,0.0
34600001211,1,0.0
34600001213,2,0.0
34600001216,3,0.0
34600001218,3,0.0
34600001220,2,0.0
34600001221,1,0.0
34600001222,1,0.0
34600001223,1,0.0
34600001226,1,0.0
34600001227,4,0.0
34600001229,6,0.3333333333333333
34600001230,1,0.0
34600001231,2,0.0
34600001233,1,0.0
34600001234,1,0.0
34600001236,4,0.25
34600001237,1,0.0
34600001239,1,0.0
34600001241,4,0.25
34600001242,2,0.0
34600001243,1,1.0
34600001244,4,0.0
34600001245,1,0.0
34600001247,1,0.0
34600001248,2,0.0
34600001249,2,0.0
34600001250,1,0.0
34600001253,1,0.0
34600001254,1,0.0
34600001255,1,0.0
34600001256,1,0.0
34600001258,4,0.0
34600001259,1,0.0
34600001260,1,1.0
34600001261,4,0.0
34600001262,1,1.0
34600001263,2,0.0
34600001264,1,1.0
34600001265,2,0.0
34600001266,1,0.0
34600001267,2,0.0
34600001268,1,0.0
34600001270,3,0.6666666666666666
34600001276,4,0.0
34600001278,4,0.25
34600001279,2,0.0
34600001280,1,0.0
34600001282,2,0.0
34600001283,2,0.0
34600001284,2,0.0
34600001285,1,0.0
34600001286,1,0.0
34600001289,2,0.0
34600001290,1,0.0
34600001293,2,0.0
34600001294,1,0.0
34600001295,3,0.0
34600001296,1,0.0
34600001297,1,1.0
34600001298,2,0.0
34600001301,2,0.0
34600001305,1,0.0
34600001309,2,0.0
34600001310,1,0.0
34600001311,1,1.0
34600001312,2,0.0
34600001313,1,0.0
34600001316,1,0.0
34600001317,1,1.0
34600001318,1,1.0
34600001319,4,0.25
34600001320,3,0.3333333333333333
34600001321,2,0.0
34600001323,3,0.3333333333333333
34600001324,2,0.0
34600001325,3,0.0
34600001326,2,0.0
34600001327,3,0.0
34600001328,2,0.5
34600001329,2,0.0
34600001330,2,0.0
34600001333,1,0.0
34600001335,1,0.0
34600001336,5,0.2
34600001337,1,0.0
34600001338,2,0.0
34600001339,1,0.0
34600001341,2,0.0
34600001342,1,0.0
34600001346,1,1.0
34600001347,1,0.0
34600001348,2,0.0
34600001349,1,0.0
34600001350,1,0.0
34600001352,1,0.0
34600001353,1,0.0
34600001354,1,1.0
34600001355,2,0.5
34600001361,1,0.0
34600001362,1,0.0
34600001363,2,0.0
34600001366,2,0.5
34600001367,1,1.0
34600001368,1,0.0
34600001371,2,0.0
34600001373,2,0.0
34600001375,1,0.0
34600001376,1,0.0
34600001377,5,0.0
34600001378,1,0.0
34600001379,2,0.0
34600001380,2,0.0
34600001381,2,0.0
34600001385,2,0.5
34600001391,2,0.0
34600001392,2,0.0
34600001393,1,0.0
34600001394,1,1.0
34600001395,3,0.0
34600001396,1,0.0
34600001399,1,0.0
34600001400,1,0.0
34600001401,1,1.0
34600001404,7,0.2857142857142857
34600001406,1,0.0
34600001407,3,0.0
34600001408,2,0.0
34600001409,2,0.0
34600001410,1,1.0
34600001411,2,0.0
34600001417,1,0.0
34600001418,2,0.0
34600001419,2,0.0
34600001420,1,0.0
34600001423,1,0.0
34600001424,1,0.0
34600001425,2,0.0
34600001426,1,0.0
34600001427,5,0.0
34600001428,2,0.0
34600001431,3,0.0
34600001432,1,0.0
34600001434,3,0.3333333333333333
34600001436,3,0.3333333333333333
34600001437,2,0.0
34600001441,1,0.0
34600001442,1,0.0
34600001444,1,1.0
34600001445,1,0.0
34600001448,1,0.0
34600001452,4,0.0
34600001453,1,0.0
34600001456,2,0.0
34600001457,1,0.0
34600001458,2,0.0
34600001459,1,0.0
34600001462,1,0.0
34600001465,1,0.0
34600001467,1,0.0
34600001469,3,0.0
34600001470,5,0.2
34600001472,1,0.0
34600001474,2,0.0
34600001475,1,0.0
34600001476,2,0.0
34600001477,2,0.0
34600001478,1,0.0
34600001479,3,0.0
34600001480,1,0.0
34600001483,1,0.0
34600001484,1,0.0
34600001485,1,0.0
34600001487,2,0.0
34600001488,2,0.5
34600001490,1,0.0
34600001491,3,0.0
34600001492,2,0.0
34600001494,1,0.0
34600001498,1,0.0
34600001499,2,0.0
34600001501,1,0.0
34600001502,2,0.5
34600001503,1,0.0
34600001505,1,0.0
34600001507,1,0.0
34600001509,1,0.0
34600001510,2,0.0
34600001512,1,0.0
34600001513,5,0.2
34600001514,1,0.0
34600001515,2,0.0
34600001517,1,1.0
34600001518,1,0.0
34600001520,1,0.0
34600001521,1,0.0
34600001522,1,0.0
34600001525,1,0.0
34600001526,1,0.0
34600001527,1,0.0
34600001528,2,0.0
34600001531,5,0.0
34600001532,2,0.0
34600001534,2,0.0
34600001535,1,0.0
34600001536,2,0.0
34600001537,1,0.0
34600001539,3,0.0
34600001540,2,0.0
34600001541,1,0.0
34600001542,1,0.0
34600001543,2,0.5
34600001546,2,0.5
34600001547,2,0.0
34600001549,2,0.5
34600001550,1,0.0
34600001551,1,0.0
34600001553,2,0.5
34600001554,3,0.0
34600001555,5,0.0
34600001556,3,0.0
34600001558,1,0.0
34600001559,2,0.0
34600001560,2,0.0
34600001561,2,0.0
34600001562,4,0.0
34600001563,1,0.0
34600001564,2,0.0
34600001567,1,0.0
34600001568,1,0.0
34600001569,3,0.0
34600001570,1,0.0
34600001571,2,0.0
34600001572,1,0.0
34600001573,1,0.0
34600001574,1,0.0
34600001577,1,1.0
34600001578,1,0.0
34600001581,3,0.0
34600001583,2,0.0
34600001584,4,0.0
34600001586,1,0.0
34600001587,1,0.0
34600001589,1,0.0
34600001590,1,0.0
34600001591,1,0.0
34600001592,2,0.0
34600001593,2,0.5
34600001596,1,0.0
34600001598,1,0.0
34600001599,1,1.0
34600001603,1,0.0
34600001604,2,0.0
34600001606,3,0.0
34600001607,1,0.0
34600001608,3,0.0
34600001609,1,0.0
34600001611,2,0.0
34600001613,4,0.0
34600001614,1,0.0
34600001616,4,0.0
34600001618,1,0.0
34600001619,1,0.0
34600001620,3,0.0
34600001622,1,0.0
34600001623,2,0.0
34600001624,3,0.0
34600001627,2,0.0
34600001629,2,0.0
34600001630,1,0.0
34600001634,1,0.0
34600001636,2,0.0
34600001637,2,0.0
34600001639,1,0.0
34600001640,1,0.0
34600001641,3,0.6666666666666666
34600001643,2,0.0
34600001644,1,0.0
34600001645,1,0.0
34600001646,4,0.25
34600001647,1,1.0
34600001649,3,0.0
34600001650,1,0.0
34600001651,1,0.0
34600001653,3,0.0
34600001654,1,0.0
34600001655,1,0.0
34600001656,1,0.0
34600001659,1,0.0
34600001662,7,0.14285714285714285
34600001663,3,0.0
34600001664,1,1.0
34600001668,1,0.0
34600001670,1,0.0
34600001671,1,0.0
34600001674,1,0.0
34600001675,1,0.0
34600001676,4,0.0
34600001677,2,0.0
34600001678,2,0.0
34600001680,1,0.0
34600001681,3,0.0
34600001682,2,0.0
34600001683,1,0.0
34600001684,2,0.0
34600001685,1,0.0
34600001686,1,0.0
34600001687,1,0.0
34600001688,1,0.0
34600001689,1,1.0
34600001691,2,0.5
34600001692,1,0.0
34600001693,6,0.16666666666666666
34600001694,1,0.0
34600001695,1,0.0
34600001696,6,0.3333333333333333
34600001697,1,0.0
34600001698,3,0.0
34600001701,1,0.0
34600001702,3,0.0
34600001703,4,0.25
34600001704,2,0.5
34600001705,2,0.5
34600001706,1,1.0
34600001707,1,0.0
34600001708,1,0.0
34600001709,3,0.0
34600001711,4,0.0
34600001712,2,0.0
34600001713,1,1.0
34600001714,1,0.0
34600001715,2,0.0
34600001716,2,0.0
34600001717,1,0.0
34600001719,1,0.0
34600001720,4,0.0
34600001722,1,0.0
34600001724,1,0.0
34600001725,2,0.0
34600001726,1,0.0
34600001727,2,0.0
34600001728,2,0.0
34600001730,1,0.0
34600001731,2,0.0
34600001733,2,0.0
34600001734,1,0.0
34600001735,1,0.0
34600001736,1,0.0
34600001737,1,0.0
34600001738,1,0.0
34600001739,1,0.0
34600001740,2,0.0
34600001741,1,0.0
34600001742,2,0.0
34600001743,2,0.0
34600001744,2,0.0
34600001746,3,0.3333333333333333
34600001748,2,0.0
34600001749,1,0.0
34600001750,1,0.0
34600001751,2,0.0
34600001753,1,0.0
34600001754,2,0.0
34600001755,1,0.0
34600001756,4,0.25
34600001757,2,0.0
34600001758,1,1.0
34600001759,1,0.0
34600001761,1,0.0
34600001762,1,0.0
34600001763,3,0.0
34600001764,1,0.0
34600001768,2,0.0
34600001770,3,0.0
34600001771,2,0.0
34600001772,5,0.0
34600001773,3,0.0
34600001774,1,0.0
34600001775,2,0.5
34600001776,2,0.5
34600001777,1,0.0
34600001778,1,0.0
34600001779,1,0.0
34600001782,1,0.0
34600001785,1,0.0
34600001786,2,0.0
34600001787,4,0.0
34600001788,1,0.0
34600001789,1,0.0
34600001790,3,0.3333333333333333
34600001792,3,0.3333333333333333
34600001793,3,0.0
34600001795,1,0.0
34600001796,1,0.0
34600001799,1,0.0
34600001800,1,0.0
34600001801,2,0.0
34600001802,1,0.0
34600001803,1,0.0
34600001804,1,0.0
34600001807,2,0.0
34600001808,2,0.0
34600001811,1,0.0
34600001812,1,0.0
34600001813,1,0.0
34600001814,2,0.5
34600001816,1,0.0
34600001820,3,0.6666666666666666
34600001822,2,0.0
34600001823,4,0.5
34600001824,3,0.0
34600001826,1,1.0
34600001832,1,0.0
34600001835,1,0.0
34600001836,1,1.0
34600001837,1,0.0
34600001838,3,0.0
34600001840,2,0.0
34600001841,2,0.0
34600001843,1,0.0
34600001844,3,0.0
34600001845,1,1.0
34600001846,2,0.0
34600001848,1,1.0
34600001849,1,0.0
34600001850,1,1.0
34600001852,1,0.0
34600001853,1,0.0
34600001854,2,0.0
34600001857,2,0.0
34600001858,1,1.0
34600001860,1,0.0
34600001863,1,0.0
34600001864,1,1.0
34600001865,1,0.0
34600001866,1,0.0
34600001867,1,0.0
34600001868,1,1.0
34600001869,2,0.0
34600001870,3,0.3333333333333333
34600001872,1,0.0
34600001874,1,0.0
34600001876,3,0.3333333333333333
34600001877,1,0.0
34600001878,2,0.0
34600001880,1,0.0
34600001881,1,0.0
34600001883,4,0.75
34600001886,2,0.5
34600001887,1,0.0
34600001888,2,0.0
34600001889,1,0.0
34600001890,2,0.0
34600001893,1,0.0
34600001894,3,0.0
34600001895,2,0.0
34600001897,3,0.0
34600001898,3,0.6666666666666666
34600001899,1,0.0
34600001901,1,0.0
34600001902,2,0.0
34600001903,1,1.0
34600001904,1,0.0
34600001907,1,0.0
34600001909,2,0.0
34600001910,2,0.0
34600001912,1,0.0
34600001913,1,1.0
34600001914,1,0.0
34600001917,2,0.5
34600001921,1,0.0
34600001922,2,0.5
34600001923,1,0.0
34600001924,2,0.0
34600001926,3,0.3333333333333333
34600001928,1,1.0
34600001929,3,0.0
34600001932,2,0.0
34600001935,1,0.0
34600001936,2,0.0
34600001937,3,0.0
34600001938,1,0.0
34600001940,2,0.0
34600001941,2,0.0
34600001943,1,0.0
34600001945,1,0.0
34600001947,1,0.0
34600001948,2,0.0
34600001949,2,0.0
34600001950,1,0.0
34600001951,2,0.0
34600001952,3,0.3333333333333333
34600001955,2,0.0
34600001956,2,0.0
34600001960,1,0.0
34600001962,1,0.0
34600001963,1,0.0
34600001964,1,1.0
34600001965,2,0.0
34600001967,2,0.5
34600001968,1,1.0
34600001969,2,0.0
34600001970,3,0.0
34600001971,1,0.0
34600001973,2,0.5
34600001974,2,0.0
34600001975,3,0.0
34600001976,2,0.0
34600001977,3,0.3333333333333333
34600001980,2,0.0
34600001981,2,0.0
34600001982,2,0.5
34600001983,2,0.0
34600001985,3,0.0
34600001986,2,1.0
34600001988,1,0.0
34600001989,1,0.0
34600001990,1,0.0
34600001991,1,0.0
34600001992,1,0.0
34600001993,1,1.0
34600001994,2,0.0
34600001995,1,0.0
34600001996,3,0.3333333333333333
34600001997,1,0.0
34600001998,1,0.0
34600001999,2,0.0
34600002001,1,0.0
34600002002,1,0.0
34600002003,2,0.0
34600002004,1,0.0
34600002005,1,0.0
34600002008,3,0.0
34600002010,1,0.0
34600002011,6,0.16666666666666666
34600002012,2,1.0
34600002013,1,0.0
34600002015,1,0.0
34600002017,1,1.0
34600002018,1,0.0
34600002019,1,0.0
34600002022,1,0.0
34600002023,1,0.0
34600002024,1,0.0
34600002025,3,0.0
34600002026,1,0.0
34600002027,2,0.0
34600002028,2,0.0
34600002029,2,0.0
34600002031,1,1.0
34600002033,1,1.0
34600002034,1,0.0
34600002035,1,0.0
34600002036,2,0.0
34600002040,3,0.3333333333333333
34600002042,2,0.0
34600002044,1,0.0
34600002045,1,0.0
34600002047,3,0.0
34600002048,1,1.0
34600002050,1,0.0
34600002051,1,0.0
34600002054,3,0.0
34600002055,3,0.0
34600002058,2,0.0
34600002059,1,0.0
34600002062,2,0.0
34600002064,1,0.0
34600002065,1,0.0
34600002066,2,0.0
34600002067,3,0.3333333333333333
34600002071,1,0.0
34600002072,4,0.5
34600002073,1,0.0
34600002074,2,0.0
34600002075,1,1.0
34600002078,1,0.0
34600002080,1,0.0
34600002081,1,1.0
34600002082,3,0.0
34600002083,4,0.0
34600002085,3,0.0
34600002086,1,0.0
34600002087,2,0.0
34600002088,1,0.0
34600002090,1,0.0
34600002091,2,0.0
34600002094,1,0.0
34600002096,2,0.0
34600002098,4,0.0
34600002099,3,0.0
34600002101,7,0.42857142857142855
34600002103,1,0.0
34600002104,2,0.0
34600002107,3,0.3333333333333333
34600002108,1,0.0
34600002111,1,0.0
34600002112,1,0.0
34600002113,3,0.0
34600002115,2,0.0
34600002116,2,0.0
34600002118,1,0.0
34600002120,1,0.0
34600002122,3,0.0
34600002123,4,0.25
34600002124,1,0.0
34600002125,2,0.0
34600002126,3,0.0
34600002127,1,0.0
34600002128,4,0.0
34600002129,1,0.0
34600002132,1,0.0
34600002133,1,0.0
34600002136,3,0.6666666666666666
34600002137,2,0.0
34600002138,1,0.0
34600002139,3,0.0
34600002141,1,0.0
34600002142,1,0.0
34600002143,2,0.0
34600002144,1,0.0
34600002145,2,0.0
34600002146,5,0.0
34600002147,2,0.0
34600002150,1,0.0
34600002151,2,0.5
34600002154,3,0.0
34600002156,2,0.0
34600002158,1,1.0
34600002159,1,1.0
34600002160,1,0.0
34600002162,2,0.0
34600002163,2,0.0
34600002165,1,0.0
34600002167,1,0.0
34600002169,2,0.0
34600002170,2,0.0
34600002171,2,0.5
34600002173,1,0.0
34600002174,2,0.0
34600002177,1,1.0
34600002178,2,0.0
34600002179,1,0.0
34600002180,1,0.0
34600002182,1,0.0
34600002184,1,0.0
34600002186,1,0.0
34600002189,2,0.0
34600002191,1,0.0
34600002194,3,0.3333333333333333
34600002195,1,0.0
34600002197,3,0.0
34600002198,2,0.0
34600002200,2,0.0
34600002201,1,0.0
34600002202,1,1.0
34600002205,1,0.0
34600002206,1,1.0
34600002208,1,0.0
34600002210,1,0.0
34600002211,1,0.0
34600002212,1,0.0
34600002213,2,0.5
34600002215,1,0.0
34600002217,2,0.0
34600002219,1,0.0
34600002221,2,0.5
34600002222,1,0.0
34600002223,6,0.16666666666666666
34600002224,1,0.0
34600002225,1,0.0
34600002226,2,0.0
34600002227,2,0.0
34600002228,1,0.0
34600002229,1,0.0
34600002230,1,0.0
34600002232,1,0.0
34600002234,1,0.0
34600002236,1,1.0
34600002237,1,0.0
34600002238,2,0.0
34600002240,1,0.0
34600002241,3,0.0
34600002243,1,0.0
34600002244,2,0.5
34600002245,2,0.0
34600002249,1,0.0
34600002250,1,1.0
34600002252,2,0.5
34600002253,1,0.0
34600002254,1,0.0
34600002255,1,1.0
34600002257,2,0.0
34600002258,1,0.0
34600002259,2,0.0
34600002260,2,0.0
34600002262,1,0.0
34600002263,4,0.5
34600002265,1,0.0
34600002267,2,0.0
34600002268,1,0.0
34600002270,2,0.0
34600002272,3,0.0
34600002273,1,0.0
34600002275,1,0.0
34600002277,2,0.0
34600002279,1,0.0
34600002280,2,0.0
34600002281,1,0.0
34600002284,1,0.0
34600002286,1,0.0
34600002288,2,0.0
34600002290,2,0.0
34600002292,2,0.5
34600002297,1,1.0
34600002298,1,0.0
34600002299,1,0.0
34600002301,2,1.0
34600002302,2,0.0
34600002304,2,0.0
34600002307,1,0.0
34600002310,2,0.0
34600002312,1,0.0
34600002313,2,0.0
34600002314,1,0.0
34600002315,4,0.0
34600002316,2,0.0
34600002317,1,0.0
34600002318,1,0.0
34600002319,1,0.0
34600002320,1,0.0
34600002325,1,0.0
34600002327,2,0.0
34600002328,3,0.0
34600002329,1,0.0
34600002330,1,0.0
34600002332,4,0.0
34600002336,2,0.0
34600002338,2,0.0
34600002339,1,0.0
34600002340,1,0.0
34600002341,2,0.0
34600002342,1,0.0
34600002343,1,1.0
34600002344,2,0.0
34600002345,3,0.3333333333333333
34600002352,2,0.0
34600002357,1,0.0
34600002359,1,0.0
34600002360,3,0.0
34600002362,2,0.0
34600002363,1,0.0
34600002365,2,0.5
34600002366,1,0.0
34600002367,1,0.0
34600002369,2,0.5
34600002370,4,0.0
34600002371,1,0.0
34600002373,2,1.0
34600002374,3,0.0
34600002375,1,0.0
34600002376,1,0.0
34600002378,2,0.0
34600002379,2,0.0
34600002380,1,0.0
34600002381,1,0.0
34600002383,1,1.0
34600002384,3,0.0
34600002385,1,0.0
34600002386,1,0.0
34600002387,8,0.0
34600002388,1,0.0
34600002390,1,0.0
34600002391,1,0.0
34600002392,1,0.0
34600002393,3,0.0
34600002394,2,0.0
34600002395,3,0.3333333333333333
34600002396,1,0.0
34600002397,1,0.0
34600002398,2,0.0
34600002399,1,0.0
34600002401,1,1.0
34600002402,1,0.0
34600002403,1,0.0
34600002404,1,0.0
34600002405,2,0.0
34600002408,1,0.0
34600002410,2,0.0
34600002411,1,0.0
34600002412,1,0.0
34600002413,1,0.0
34600002414,2,0.0
34600002416,1,0.0
34600002417,2,0.0
34600002418,3,0.0
34600002420,1,0.0
34600002421,1,1.0
34600002423,1,0.0
34600002424,2,0.5
34600002426,2,0.0
34600002427,3,0.0
34600002428,1,0.0
34600002429,1,0.0
34600002433,1,0.0
34600002434,2,0.0
34600002436,2,0.0
34600002438,2,0.5
34600002439,2,0.0
34600002440,1,0.0
34600002441,2,0.5
34600002443,1,0.0
34600002444,2,0.0
34600002446,2,0.0
34600002447,1,0.0
34600002448,1,0.0
34600002451,1,0.0
34600002452,4,0.25
34600002453,2,0.0
34600002455,1,0.0
34600002458,4,0.0
34600002459,1,0.0
34600002460,1,0.0
34600002461,3,0.0
34600002462,2,0.0
34600002464,3,0.0
34600002465,2,0.0
34600002466,2,0.0
34600002467,2,0.0
34600002468,1,0.0
34600002471,2,0.5
34600002472,2,0.0
34600002473,1,0.0
34600002477,3,0.3333333333333333
34600002478,2,0.0
34600002479,1,0.0
34600002480,3,0.6666666666666666
34600002481,2,1.0
34600002482,1,0.0
34600002483,1,1.0
34600002485,1,1.0
34600002486,1,0.0
34600002487,1,0.0
34600002488,2,0.0
34600002489,2,0.0
34600002490,4,0.0
34600002492,3,0.0
34600002493,2,0.0
34600002496,1,0.0
34600002498,1,0.0
34600002499,1,0.0
34600002500,1,0.0
34600002501,1,0.0
34600002502,2,0.5
34600002504,1,0.0
34600002505,1,0.0
34600002506,2,0.5
34600002508,1,0.0
34600002509,2,0.0
34600002510,1,0.0
34600002511,2,0.0
34600002512,4,0.25
34600002517,1,0.0
34600002518,1,1.0
34600002519,1,0.0
34600002520,1,0.0
34600002521,2,0.0
34600002522,1,0.0
34600002526,1,0.0
34600002527,1,0.0
34600002528,1,1.0
34600002529,1,0.0
34600002530,3,0.0
34600002531,1,0.0
34600002532,1,0.0
34600002533,1,0.0
34600002534,1,0.0
34600002535,2,0.0
34600002536,2,0.0
34600002537,1,0.0
34600002538,1,0.0
34600002540,3,0.3333333333333333
34600002543,1,0.0
34600002546,1,1.0
34600002547,1,0.0
34600002549,3,0.0
34600002550,3,0.0
34600002553,1,1.0
34600002554,1,1.0
34600002555,3,0.0
34600002556,2,0.0
34600002557,1,0.0
34600002560,4,0.25
34600002562,1,0.0
34600002565,4,0.0
34600002566,1,0.0
34600002567,4,0.0
34600002569,3,0.3333333333333333
34600002570,2,0.0
34600002571,2,0.0
34600002572,1,0.0
34600002574,1,0.0
34600002575,2,0.0
34600002576,1,0.0
34600002577,1,1.0
34600002578,3,0.6666666666666666
34600002579,2,0.0
34600002581,2,0.0
34600002582,2,0.0
34600002584,1,0.0
34600002585,2,0.0
34600002587,4,0.0
34600002590,2,0.5
34600002592,1,0.0
34600002593,3,0.3333333333333333
34600002595,1,0.0
34600002596,4,0.0
34600002597,1,0.0
34600002600,1,0.0
34600002601,1,0.0
34600002602,2,0.0
34600002603,2,0.5
34600002604,2,0.5
34600002605,2,0.0
34600002606,1,0.0
34600002607,1,1.0
34600002608,2,0.0
34600002609,2,0.0
34600002610,3,0.0
34600002612,2,0.5
34600002614,1,0.0
34600002616,2,0.5
34600002617,4,0.0
34600002618,4,0.0
34600002619,1,0.0
34600002620,2,0.0
34600002621,2,0.0
34600002623,2,0.0
34600002624,1,0.0
34600002625,1,0.0
34600002626,1,0.0
34600002627,3,0.0
34600002630,1,1.0
34600002633,2,1.0
34600002634,6,0.16666666666666666
34600002635,2,0.0
34600002636,2,0.0
34600002637,1,0.0
34600002639,1,0.0
34600002640,1,0.0
34600002641,1,0.0
34600002643,3,0.3333333333333333
34600002644,2,0.5
34600002647,1,1.0
34600002648,1,0.0
34600002650,1,0.0
34600002651,1,0.0
34600002652,2,0.0
34600002654,2,0.5
34600002655,1,0.0
34600002656,1,0.0
34600002657,1,0.0
34600002660,1,0.0
34600002661,2,0.5
34600002662,4,0.0
34600002663,2,0.0
34600002664,4,0.5
34600002665,1,0.0
34600002669,1,0.0
34600002671,2,0.0
34600002674,2,0.0
34600002675,1,0.0
34600002677,2,0.5
34600002678,1,0.0
34600002679,1,0.0
34600002680,1,0.0
34600002681,2,0.0
34600002683,1,0.0
34600002684,4,0.0
34600002685,1,0.0
34600002686,1,0.0
34600002687,1,0.0
34600002689,1,1.0
34600002690,2,0.0
34600002692,2,0.0
34600002693,1,1.0
34600002694,1,0.0
34600002695,3,0.0
34600002696,1,0.0
34600002697,2,0.0
34600002699,1,1.0
34600002700,1,0.0
34600002703,2,0.0
34600002704,5,0.2
34600002705,2,0.0
34600002706,2,0.0
34600002707,1,0.0
34600002709,1,0.0
34600002710,1,0.0
34600002711,1,1.0
34600002712,2,0.0
34600002714,3,0.0
34600002715,1,0.0
34600002718,1,0.0
34600002719,1,0.0
34600002722,1,0.0
34600002723,1,0.0
34600002724,2,0.5
34600002725,1,0.0
34600002726,1,0.0
34600002727,1,0.0
34600002729,3,0.0
34600002730,1,0.0
34600002732,1,0.0
34600002733,2,0.0
34600002735,1,0.0
34600002736,1,1.0
34600002739,2,0.0
34600002740,1,0.0
34600002741,1,0.0
34600002744,1,0.0
34600002746,1,1.0
34600002748,1,0.0
34600002749,1,0.0
34600002750,1,0.0
34600002751,2,0.0
34600002752,1,0.0
34600002754,1,0.0
34600002755,2,0.0
34600002760,2,0.5
34600002762,1,0.0
34600002763,1,1.0
34600002765,2,0.0
34600002766,4,0.5
34600002769,1,0.0
34600002770,2,0.0
34600002771,2,0.0
34600002774,2,0.0
34600002776,3,0.0
34600002777,1,1.0
34600002778,4,0.0
34600002781,1,0.0
34600002782,2,0.5
34600002783,3,0.0
34600002786,1,0.0
34600002787,2,0.0
34600002788,1,0.0
34600002790,2,0.0
34600002792,1,0.0
34600002793,1,0.0
34600002794,1,0.0
34600002795,1,0.0
34600002797,2,0.0
34600002798,1,0.0
34600002801,3,0.3333333333333333
34600002802,3,0.0
34600002803,2,0.0
34600002804,1,0.0
34600002805,1,0.0
34600002807,3,0.0
34600002809,1,1.0
34600002810,4,0.0
34600002811,2,0.0
34600002812,2,0.0
34600002813,1,0.0
34600002815,2,0.0
34600002816,2,0.5
34600002817,2,0.0
34600002819,1,0.0
34600002820,2,0.5
34600002824,2,0.0
34600002825,2,0.0
34600002826,1,0.0
34600002828,2,0.5
34600002831,1,1.0
34600002832,4,0.25
34600002833,1,0.0
34600002834,1,0.0
34600002835,1,0.0
34600002837,1,0.0
34600002838,1,0.0
34600002839,1,0.0
34600002840,1,0.0
34600002841,1,0.0
34600002842,5,0.2
34600002848,7,0.14285714285714285
34600002850,1,0.0
34600002851,1,0.0
34600002852,2,0.5
34600002853,1,0.0
34600002854,4,0.0
34600002855,1,0.0
34600002856,1,0.0
34600002857,1,1.0
34600002860,1,0.0
34600002862,1,0.0
34600002863,1,0.0
34600002864,1,0.0
34600002865,1,0.0
34600002866,1,1.0
34600002867,2,0.5
34600002868,1,0.0
34600002871,2,0.0
34600002873,1,0.0
34600002875,4,0.5
34600002876,1,0.0
34600002877,2,0.5
34600002878,6,0.16666666666666666
34600002879,4,0.25
34600002881,3,0.3333333333333333
34600002882,2,0.5
34600002883,3,0.0
34600002884,4,0.0
34600002885,1,0.0
34600002886,1,1.0
34600002888,1,1.0
34600002889,1,0.0
34600002891,1,0.0
34600002895,2,0.0
34600002897,2,0.0
34600002899,1,0.0
34600002900,2,0.0
34600002901,1,1.0
34600002902,2,0.5
34600002903,1,0.0
34600002904,1,0.0
34600002905,3,0.0
34600002906,2,0.5
34600002907,3,0.0
34600002908,2,0.0
34600002909,1,0.0
34600002910,1,0.0
34600002914,1,0.0
34600002915,1,0.0
34600002916,2,0.0
34600002917,2,0.0
34600002919,1,0.0
34600002920,1,0.0
34600002921,2,0.0
34600002923,1,0.0
34600002924,3,0.3333333333333333
34600002925,1,0.0
34600002926,1,0.0
34600002927,2,0.0
34600002929,1,0.0
34600002930,3,0.6666666666666666
34600002932,1,0.0
34600002934,2,0.0
34600002935,3,0.0
34600002937,1,0.0
34600002938,3,0.3333333333333333
34600002940,2,0.5
34600002941,3,0.0
34600002942,1,0.0
34600002943,2,0.0
34600002944,2,0.0
34600002945,1,0.0
34600002946,3,0.0
34600002947,1,0.0
34600002949,1,0.0
34600002950,1,0.0
34600002951,4,0.0
34600002952,2,0.0
34600002953,3,0.0
34600002955,2,0.0
34600002956,1,0.0
34600002957,1,0.0
34600002962,2,0.0
34600002963,1,1.0
34600002964,1,0.0
34600002966,2,0.5
34600002967,3,0.3333333333333333
34600002971,2,0.0
34600002972,2,0.0
34600002973,1,0.0
34600002975,2,0.0
34600002977,1,0.0
34600002978,1,0.0
34600002979,2,0.5
34600002980,1,0.0
34600002981,3,0.0
34600002983,2,0.0
34600002984,1,0.0
34600002987,4,0.0
34600002988,1,0.0
34600002989,3,0.0
34600002991,1,0.0
34600002992,1,0.0
34600002993,1,0.0
34600002994,1,0.0
34600002996,2,0.0
34600002998,1,0.0
34600002999,1,1.0
34600003000,1,0.0
34600003001,1,0.0
34600003002,3,0.3333333333333333
34600003004,2,0.0
34600003005,3,0.3333333333333333
34600003008,1,0.0
34600003010,1,0.0
34600003011,1,0.0
34600003013,3,0.0
34600003016,1,0.0
34600003017,2,0.0
34600003018,1,0.0
34600003019,4,0.0
34600003020,1,0.0
34600003023,1,0.0
34600003029,4,0.0
34600003032,4,0.0
34600003034,3,0.3333333333333333
34600003037,1,0.0
34600003038,1,0.0
34600003039,3,0.0
34600003040,1,0.0
34600003042,1,0.0
34600003044,1,0.0
34600003045,2,0.0
34600003046,1,0.0
34600003049,2,0.0
34600003051,2,0.0
34600003052,2,0.5
34600003053,1,0.0
34600003055,3,0.0
34600003056,1,0.0
34600003058,1,0.0
34600003060,1,1.0
34600003061,1,0.0
34600003062,1,0.0
34600003063,1,1.0
34600003064,2,0.0
34600003066,2,0.0
34600003067,2,0.0
34600003068,2,0.0
34600003070,1,0.0
34600003073,1,1.0
34600003074,2,0.0
34600003075,2,0.0
34600003077,2,0.0
34600003079,1,0.0
34600003080,3,0.3333333333333333
34600003081,1,0.0
34600003082,1,0.0
34600003083,2,0.5
34600003084,1,0.0
34600003085,3,0.0
34600003086,2,0.5
34600003087,3,0.0
34600003089,1,0.0
34600003096,2,0.0
34600003097,1,0.0
34600003098,1,0.0
34600003099,2,0.0
34600003100,3,0.0
34600003102,2,0.0
34600003103,2,0.0
34600003104,1,0.0
34600003105,2,0.5
34600003109,1,0.0
34600003110,5,0.0
34600003112,2,0.5
34600003113,1,0.0
34600003114,2,0.5
34600003116,1,1.0
34600003118,2,0.0
34600003119,5,0.0
34600003120,3,0.0
34600003122,3,0.3333333333333333
34600003123,1,1.0
34600003125,1,0.0
34600003126,1,0.0
34600003127,4,0.0
34600003128,1,0.0
34600003129,3,0.0
34600003130,1,0.0
34600003131,1,0.0
34600003132,1,0.0
34600003133,3,0.3333333333333333
34600003134,1,0.0
34600003135,1,1.0
34600003136,1,0.0
34600003137,1,0.0
34600003139,3,0.0
34600003141,1,0.0
34600003142,1,0.0
34600003143,1,0.0
34600003144,2,0.0
34600003146,1,0.0
34600003147,2,0.5
34600003148,3,0.0
34600003149,3,0.0
34600003150,1,0.0
34600003151,1,0.0
34600003152,1,0.0
34600003154,1,0.0
34600003156,1,0.0
34600003158,1,0.0
34600003159,2,0.5
34600003164,2,0.0
34600003165,1,0.0
34600003166,2,0.5
34600003167,1,0.0
34600003168,2,0.0
34600003169,1,0.0
34600003171,4,0.25
34600003172,5,0.0
34600003174,1,0.0
34600003175,1,1.0
34600003176,2,0.0
34600003177,1,0.0
34600003178,1,0.0
34600003179,1,0.0
34600003180,1,0.0
34600003182,1,0.0
34600003183,2,0.0
34600003184,3,0.6666666666666666
34600003185,1,0.0
34600003188,2,0.0
34600003191,3,0.3333333333333333
34600003192,1,0.0
34600003193,1,0.0
34600003194,2,0.5
34600003195,1,0.0
34600003196,4,0.0
34600003197,2,0.0
34600003198,1,0.0
34600003200,2,0.0
34600003202,1,0.0
34600003203,2,0.0
34600003204,2,0.0
34600003205,2,0.0
34600003207,3,0.6666666666666666
34600003208,1,0.0
34600003209,1,0.0
34600003210,3,0.0
34600003211,1,0.0
34600003213,2,0.0
34600003214,3,0.0
34600003215,1,0.0
34600003217,2,0.0
34600003218,1,0.0
34600003219,1,0.0
34600003220,1,0.0
34600003221,1,0.0
34600003222,1,0.0
34600003224,1,0.0
34600003225,2,0.5
34600003226,1,0.0
34600003227,1,0.0
34600003228,1,0.0
34600003230,1,0.0
34600003232,4,0.75
34600003233,2,0.0
34600003235,1,0.0
34600003236,1,0.0
34600003237,3,0.0
34600003239,2,0.0
34600003241,3,0.0
34600003244,2,0.0
34600003245,1,1.0
34600003246,1,0.0
34600003247,1,0.0
34600003248,3,0.0
34600003249,4,0.5
34600003251,2,0.0
34600003252,2,0.0
34600003254,1,0.0
34600003257,3,0.0
34600003259,2,0.0
34600003260,4,0.0
34600003262,2,0.0
34600003263,1,0.0
34600003265,3,0.0
34600003266,3,0.0
34600003267,1,0.0
34600003268,1,0.0
34600003271,1,0.0
34600003272,3,0.3333333333333333
34600003275,2,0.5
34600003276,1,0.0
34600003277,2,0.5
34600003278,7,0.14285714285714285
34600003279,1,0.0
34600003280,3,0.0
34600003281,2,0.0
34600003282,1,0.0
34600003287,1,0.0
34600003288,1,0.0
34600003289,2,0.0
34600003290,4,0.0
34600003291,1,0.0
34600003292,1,0.0
34600003293,1,0.0
34600003294,2,0.0
34600003295,1,0.0
34600003297,2,0.5
34600003298,5,0.6
34600003302,1,0.0
34600003303,1,0.0
34600003304,1,0.0
34600003305,1,0.0
34600003306,1,0.0
34600003307,1,0.0
34600003308,1,0.0
34600003309,1,0.0
34600003310,3,0.0
34600003311,1,0.0
34600003313,1,0.0
34600003314,2,0.0
34600003315,2,1.0
34600003316,3,0.3333333333333333
34600003318,1,0.0
34600003319,1,1.0
34600003320,2,0.0
34600003321,1,0.0
34600003322,1,0.0
34600003323,1,0.0
34600003324,3,0.0
34600003325,1,0.0
34600003329,2,0.0
34600003330,1,0.0
34600003331,2,0.0
34600003332,1,0.0
34600003333,1,0.0
34600003334,1,0.0
34600003335,2,0.0
34600003337,1,0.0
34600003338,2,0.5
34600003341,4,0.0
34600003342,1,0.0
34600003344,1,1.0
34600003347,1,0.0
34600003348,1,0.0
34600003349,2,0.5
34600003350,1,0.0
34600003353,1,0.0
34600003354,1,1.0
34600003355,1,0.0
34600003356,2,0.0
34600003357,5,0.0
34600003360,3,0.3333333333333333
34600003362,3,0.6666666666666666
34600003363,3,0.0
34600003364,2,0.0
34600003365,1,0.0
34600003367,2,0.0
34600003368,3,0.6666666666666666
34600003370,2,0.0
34600003371,1,0.0
34600003372,1,0.0
34600003374,2,0.0
34600003377,3,0.0
34600003378,1,0.0
34600003379,1,0.0
34600003380,1,0.0
34600003381,2,0.0
34600003382,3,0.0
34600003384,2,0.0
34600003389,1,0.0
34600003391,2,1.0
34600003392,3,0.0
34600003394,1,0.0
34600003395,1,0.0
34600003396,2,0.5
34600003397,1,0.0
34600003399,1,0.0
34600003400,1,0.0
34600003401,2,0.0
34600003402,1,0.0
34600003404,2,0.0
34600003405,2,0.0
34600003406,1,0.0
34600003409,3,0.0
34600003412,1,0.0
34600003413,2,0.0
34600003414,1,0.0
34600003415,2,0.0
34600003416,2,0.0
34600003417,1,1.0
34600003418,6,0.3333333333333333
34600003422,1,0.0
34600003424,1,0.0
34600003425,4,0.25
34600003426,1,0.0
34600003427,2,0.0
34600003428,2,0.0
34600003429,2,0.0
34600003430,1,0.0
34600003432,1,0.0
34600003434,2,0.0
34600003435,1,0.0
34600003437,1,0.0
34600003438,2,0.0
34600003439,2,0.0
34600003440,2,0.0
34600003441,2,0.0
34600003442,1,0.0
34600003443,1,0.0
34600003446,2,0.0
34600003447,2,0.0
34600003448,1,0.0
34600003449,1,0.0
34600003450,2,0.5
34600003451,3,0.0
34600003453,2,0.0
34600003454,1,0.0
34600003455,1,0.0
34600003458,1,0.0
34600003459,2,0.0
34600003460,5,0.0
34600003463,6,0.16666666666666666
34600003464,1,0.0
34600003465,1,1.0
34600003467,1,0.0
34600003468,1,0.0
34600003469,1,0.0
34600003471,1,1.0
34600003472,1,0.0
34600003475,2,0.0
34600003476,1,0.0
34600003477,1,0.0
34600003478,1,0.0
34600003479,1,0.0
34600003480,1,0.0
34600003481,2,0.5
34600003482,2,0.5
34600003484,1,0.0
34600003485,2,0.5
34600003486,2,0.0
34600003488,3,0.3333333333333333
34600003489,1,0.0
34600003490,3,0.3333333333333333
34600003493,1,0.0
34600003494,4,0.0
34600003495,1,0.0
34600003496,1,0.0
34600003498,1,0.0
34600003499,1,0.0
34600003500,1,0.0
34600003503,1,0.0
34600003504,1,0.0
34600003505,2,1.0
34600003506,3,0.0
34600003508,1,0.0
34600003509,1,0.0
34600003511,1,0.0
34600003512,1,0.0
34600003513,2,0.0
34600003514,1,0.0
34600003516,3,0.0
34600003517,3,0.0
34600003519,2,0.5
34600003520,1,0.0
34600003522,2,0.0
34600003523,3,0.3333333333333333
34600003524,2,0.5
34600003526,2,0.5
34600003527,2,0.0
34600003528,2,0.0
34600003529,2,0.0
34600003530,1,0.0
34600003531,1,0.0
34600003532,2,0.0
34600003533,3,0.0
34600003535,4,0.5
34600003537,2,0.5
34600003538,1,0.0
34600003539,2,0.5
34600003540,2,0.0
34600003543,3,1.0
34600003544,1,0.0
34600003545,2,0.0
34600003546,1,0.0
34600003548,1,1.0
34600003549,1,0.0
34600003551,3,0.3333333333333333
34600003552,2,0.0
34600003553,1,1.0
34600003554,3,0.0
34600003556,4,0.75
34600003557,3,0.0
34600003558,3,0.0
34600003559,2,0.0
34600003561,1,0.0
34600003563,1,0.0
34600003566,1,0.0
34600003568,1,0.0
34600003569,1,0.0
34600003570,1,0.0
34600003572,3,0.0
34600003573,4,0.25
34600003574,1,0.0
34600003575,1,1.0
34600003577,1,0.0
34600003578,1,1.0
34600003579,2,0.0
34600003580,1,0.0
34600003584,1,0.0
34600003585,3,0.3333333333333333
34600003586,1,1.0
34600003587,3,0.3333333333333333
34600003588,3,0.0
34600003589,1,0.0
34600003590,3,0.0
34600003591,3,0.0
34600003592,4,0.25
34600003596,1,1.0
34600003599,1,0.0
34600003600,1,0.0
34600003601,1,0.0
34600003602,2,0.0
34600003603,2,0.0
34600003604,2,0.0
34600003605,1,0.0
34600003607,2,0.0
34600003608,1,0.0
34600003609,2,0.0
34600003611,1,0.0
34600003612,1,0.0
34600003613,2,0.5
34600003614,2,0.0
34600003615,1,1.0
34600003617,3,0.3333333333333333
34600003618,1,0.0
34600003619,2,0.5
34600003622,2,0.0
34600003625,2,0.0
34600003629,2,0.0
34600003630,1,0.0
34600003631,2,0.0
34600003632,2,0.0
34600003633,1,1.0
34600003634,1,0.0
34600003635,4,0.0
34600003636,1,0.0
34600003637,2,0.0
34600003639,2,0.0
34600003640,3,0.3333333333333333
34600003642,1,0.0
34600003643,2,0.0
34600003644,1,0.0
34600003645,1,0.0
34600003647,2,0.0
34600003649,1,0.0
34600003650,1,0.0
34600003652,2,0.0
34600003653,2,0.0
34600003655,1,0.0
34600003657,1,0.0
34600003658,3,0.0
34600003660,3,0.0
34600003662,1,0.0
34600003663,1,0.0
34600003664,1,0.0
34600003668,1,0.0
34600003669,1,0.0
34600003670,1,0.0
34600003672,1,0.0
34600003673,1,0.0
34600003674,2,0.0
34600003676,2,0.0
34600003678,1,0.0
34600003682,2,0.0
34600003686,3,0.3333333333333333
34600003689,2,0.5
34600003690,2,0.0
34600003691,3,0.0
34600003693,2,0.0
34600003695,1,1.0
34600003696,3,0.0
34600003697,2,0.0
34600003701,1,0.0
34600003702,1,0.0
34600003703,2,0.0
34600003705,3,0.0
34600003707,5,0.0
34600003709,6,0.0
34600003710,3,0.0
34600003714,2,0.0
34600003717,3,0.3333333333333333
34600003718,2,0.0
34600003720,1,0.0
34600003721,2,0.0
34600003725,1,0.0
34600003729,1,0.0
34600003730,2,0.0
34600003732,1,0.0
34600003733,1,1.0
34600003736,1,0.0
34600003737,6,0.3333333333333333
34600003738,1,0.0
34600003739,1,0.0
34600003740,4,0.0
34600003741,2,0.0
34600003742,1,0.0
34600003744,2,0.0
34600003745,1,0.0
34600003746,1,0.0
34600003747,1,0.0
34600003748,3,0.0
34600003753,2,0.5
34600003754,3,0.3333333333333333
34600003755,1,0.0
34600003757,1,1.0
34600003759,2,0.5
34600003761,1,0.0
34600003763,2,0.0
34600003764,1,0.0
34600003765,1,0.0
34600003766,1,0.0
34600003767,1,0.0
34600003768,1,0.0
34600003769,1,0.0
34600003771,1,0.0
34600003772,2,0.0
34600003773,1,0.0
34600003776,1,0.0
34600003778,1,0.0
34600003782,3,0.0
34600003783,4,0.25
34600003784,1,0.0
34600003785,1,0.0
34600003786,5,0.4
34600003787,1,0.0
34600003788,2,0.0
34600003789,4,0.5
34600003790,1,0.0
34600003792,3,0.0
34600003794,2,0.0
34600003795,2,0.0
34600003796,4,0.25
34600003800,1,0.0
34600003801,1,0.0
34600003803,4,0.0
34600003805,1,0.0
34600003806,1,0.0
34600003808,2,0.0
34600003810,1,0.0
34600003813,2,0.0
34600003814,3,0.0
34600003815,1,0.0
34600003816,2,0.0
34600003817,1,0.0
34600003818,1,0.0
34600003819,1,0.0
34600003820,1,0.0
34600003821,1,0.0
34600003822,1,0.0
34600003823,1,0.0
34600003824,2,0.0
34600003825,1,0.0
34600003827,1,0.0
34600003828,1,0.0
34600003830,4,0.0
34600003834,2,0.0
34600003836,1,0.0
34600003837,1,1.0
34600003838,3,0.3333333333333333
34600003839,1,0.0
34600003841,1,0.0
34600003842,2,0.0
34600003843,1,0.0
34600003844,1,0.0
34600003845,4,0.75
34600003846,2,0.5
34600003848,1,0.0
34600003849,3,0.0
34600003851,4,0.0
34600003852,2,0.0
34600003853,5,0.0
34600003855,6,0.0
34600003856,3,0.0
34600003857,2,0.0
34600003859,1,0.0
34600003860,1,0.0
34600003861,2,0.0
34600003862,1,0.0
34600003863,2,0.0
34600003867,1,0.0
34600003868,3,0.0
34600003869,2,0.0
34600003871,1,0.0
34600003872,1,0.0
34600003873,1,1.0
34600003874,3,0.0
34600003875,1,0.0
34600003876,3,0.0
34600003877,2,0.0
34600003878,1,0.0
34600003879,1,0.0
34600003880,2,0.5
34600003882,1,0.0
34600003883,1,0.0
34600003885,2,0.0
34600003887,3,0.3333333333333333
34600003891,1,0.0
34600003892,2,0.0
34600003895,2,0.0
34600003896,2,0.0
34600003897,2,0.5
34600003900,2,0.0
34600003901,1,1.0
34600003904,3,0.0
34600003905,1,0.0
34600003906,1,0.0
34600003908,1,0.0
34600003909,2,0.0
34600003910,2,0.0
34600003915,1,0.0
34600003916,1,0.0
34600003919,1,0.0
34600003920,2,0.0
34600003921,3,0.0
34600003922,2,0.0
34600003925,1,0.0
34600003927,1,0.0
34600003928,1,1.0
34600003929,2,0.0
34600003930,1,0.0
34600003932,3,0.3333333333333333
34600003935,3,0.0
34600003936,2,0.0
34600003937,1,0.0
34600003939,1,0.0
34600003941,3,0.0
34600003944,2,0.0
34600003945,2,0.5
34600003953,5,0.4
34600003954,9,0.2222222222222222
34600003957,3,0.3333333333333333
34600003958,1,0.0
34600003959,2,0.0
34600003960,1,1.0
34600003961,1,0.0
34600003963,2,0.0
34600003965,2,0.0
34600003966,1,0.0
34600003968,3,0.0
34600003969,1,0.0
34600003971,1,0.0
34600003972,1,0.0
34600003973,2,0.5
34600003974,1,0.0
34600003975,1,0.0
34600003978,2,0.0
34600003980,2,0.0
34600003981,2,0.0
34600003982,3,0.3333333333333333
34600003983,1,0.0
34600003986,1,0.0
34600003987,1,0.0
34600003988,1,0.0
34600003989,3,0.0
34600003990,2,0.0
34600003991,1,0.0
34600003992,4,0.0
34600003993,3,0.0
34600003994,3,0.3333333333333333
34600003996,2,0.0
34600003997,2,0.0
34600003998,4,0.0
34600003999,2,0.0
