repair_shop,n_claims,fraud_rate
SHOP_0,5,0.0
SHOP_1,1,0.0
SHOP_10,5,0.0
SHOP_100,1,0.0
SHOP_101,4,0.0
SHOP_102,2,0.0
SHOP_103,1,0.0
SHOP_104,3,0.0
SHOP_105,4,0.0
SHOP_106,3,0.0
SHOP_107,5,0.2
SHOP_109,1,0.0
SHOP_11,5,0.0
SHOP_110,3,0.0
SHOP_111,3,0.0
SHOP_112,1,0.0
SHOP_113,3,0.0
SHOP_114,4,0.0
SHOP_115,3,0.3333333333333333
SHOP_117,21,0.2857142857142857
SHOP_118,4,0.0
SHOP_12,4,0.0
SHOP_120,7,0.0
SHOP_121,10,0.1
SHOP_122,7,0.0
SHOP_123,7,0.0
SHOP_124,4,0.25
SHOP_125,4,0.0
SHOP_126,17,0.11764705882352941
SHOP_127,3,0.0
SHOP_129,2,0.0
SHOP_13,5,0.2
SHOP_130,3,0.0
SHOP_131,3,0.3333333333333333
SHOP_132,4,0.25
SHOP_133,7,0.14285714285714285
SHOP_134,1,0.0
SHOP_135,5,0.0
SHOP_136,2,0.0
SHOP_137,7,0.0
SHOP_138,6,0.0
SHOP_139,19,0.3684210526315789
SHOP_14,6,0.0
SHOP_140,2,0.0
SHOP_141,6,0.0
SHOP_142,2,0.0
SHOP_144,4,0.0
SHOP_145,4,0.25
SHOP_146,3,0.3333333333333333
SHOP_147,18,0.4444444444444444
SHOP_148,1,0.0
SHOP_149,6,0.0
SHOP_15,5,0.0
SHOP_150,5,0.0
SHOP_151,5,0.0
SHOP_152,3,0.0
SHOP_153,3,0.0
SHOP_154,4,0.0
SHOP_155,17,0.4117647058823529
SHOP_156,2,0.0
SHOP_157,19,0.3157894736842105
SHOP_158,2,0.0
SHOP_159,2,0.0
SHOP_16,1,0.0
SHOP_160,3,0.0
SHOP_161,6,0.16666666666666666
SHOP_162,5,0.0
SHOP_163,2,0.0
SHOP_164,2,0.0
SHOP_165,5,0.0
SHOP_166,3,0.0
SHOP_167,1,0.0
SHOP_168,18,0.3333333333333333
SHOP_169,3,0.0
SHOP_17,3,0.0
SHOP_170,3,0.0
SHOP_171,3,0.0
SHOP_172,3,0.0
SHOP_173,5,0.2
SHOP_174,4,0.0
SHOP_175,2,0.0
SHOP_176,5,0.0
SHOP_177,4,0.0
SHOP_178,5,0.0
SHOP_179,3,0.0
SHOP_18,1,0.0
SHOP_180,5,0.0
SHOP_181,3,0.0
SHOP_182,2,0.0
SHOP_183,9,0.0
SHOP_184,18,0.2222222222222222
SHOP_185,16,0.3125
SHOP_186,5,0.0
SHOP_187,6,0.0
SHOP_188,6,0.16666666666666666
SHOP_189,1,0.0
SHOP_19,3,0.0
SHOP_190,3,0.0
SHOP_191,1,0.0
SHOP_192,7,0.0
SHOP_193,6,0.0
SHOP_194,5,0.2
SHOP_195,3,0.0
SHOP_196,2,0.0
SHOP_197,1,0.0
SHOP_198,5,0.0
SHOP_199,6,0.0
SHOP_2,4,0.0
SHOP_20,1,1.0
SHOP_200,3,0.0
SHOP_201,5,0.0
SHOP_202,5,0.2
SHOP_203,3,0.0
SHOP_204,3,0.0
SHOP_205,4,0.0
SHOP_206,5,0.0
SHOP_207,5,0.2
SHOP_208,2,0.0
SHOP_209,4,0.0
SHOP_210,4,0.0
SHOP_211,18,0.16666666666666666
SHOP_212,4,0.0
SHOP_213,4,0.0
SHOP_214,1,0.0
SHOP_215,4,0.25
SHOP_216,3,0.3333333333333333
SHOP_217,2,0.5
SHOP_218,7,0.0
SHOP_219,2,0.0
SHOP_22,4,0.0
SHOP_220,6,0.16666666666666666
SHOP_221,10,0.0
SHOP_222,4,0.25
SHOP_223,5,0.0
SHOP_224,6,0.0
SHOP_225,5,0.0
SHOP_226,6,0.0
SHOP_227,2,0.0
SHOP_228,1,0.0
SHOP_229,1,0.0
SHOP_23,3,0.0
SHOP_230,6,0.0
SHOP_231,4,0.0
SHOP_232,3,0.0
SHOP_233,3,0.0
SHOP_234,7,0.0
SHOP_235,2,0.5
SHOP_236,4,0.0
SHOP_237,2,0.0
SHOP_238,13,0.15384615384615385
SHOP_239,3,0.3333333333333333
SHOP_24,3,0.0
SHOP_240,1,0.0
SHOP_241,5,0.0
SHOP_242,5,0.2
SHOP_243,4,0.0
SHOP_244,1,0.0
SHOP_245,3,0.0
SHOP_246,1,0.0
SHOP_247,2,0.0
SHOP_248,4,0.0
SHOP_249,2,0.0
SHOP_25,3,0.0
SHOP_251,3,0.0
SHOP_252,4,0.0
SHOP_253,2,0.0
SHOP_254,6,0.0
SHOP_255,5,0.0
SHOP_256,2,0.0
SHOP_257,5,0.0
SHOP_258,5,0.0
SHOP_259,13,0.38461538461538464
SHOP_26,2,0.0
SHOP_260,3,0.3333333333333333
SHOP_261,2,0.0
SHOP_262,4,0.0
SHOP_263,2,0.0
SHOP_264,2,0.0
SHOP_265,8,0.125
SHOP_266,2,0.0
SHOP_267,7,0.14285714285714285
SHOP_268,4,0.0
SHOP_269,3,0.0
SHOP_27,5,0.2
SHOP_270,1,0.0
SHOP_271,3,0.0
SHOP_272,3,0.0
SHOP_273,6,0.0
SHOP_274,1,0.0
SHOP_275,3,0.3333333333333333
SHOP_276,7,0.14285714285714285
SHOP_277,2,0.0
SHOP_278,3,0.0
SHOP_279,6,0.0
SHOP_28,5,0.0
SHOP_280,3,0.0
SHOP_281,5,0.0
SHOP_282,4,0.25
SHOP_283,8,0.0
SHOP_284,4,0.0
SHOP_285,4,0.0
SHOP_286,4,0.0
SHOP_287,16,0.375
SHOP_288,5,0.0
SHOP_289,4,0.0
SHOP_29,2,0.0
SHOP_290,2,0.0
SHOP_292,4,0.0
SHOP_293,7,0.0
SHOP_294,5,0.0
SHOP_295,2,0.0
SHOP_296,3,0.0
SHOP_297,1,0.0
SHOP_298,1,0.0
SHOP_299,3,0.0
SHOP_3,4,0.0
SHOP_30,1,0.0
SHOP_300,4,0.0
SHOP_301,6,0.0
SHOP_302,2,0.0
SHOP_303,4,0.0
SHOP_304,4,0.0
SHOP_305,5,0.0
SHOP_306,6,0.0
SHOP_307,4,0.5
SHOP_308,24,0.2916666666666667
SHOP_309,2,0.0
SHOP_31,5,0.0
SHOP_310,7,0.0
SHOP_312,3,0.0
SHOP_313,6,0.16666666666666666
SHOP_314,15,0.13333333333333333
SHOP_315,2,0.0
SHOP_316,4,0.0
SHOP_317,2,0.0
SHOP_318,2,0.0
SHOP_319,4,0.0
SHOP_32,4,0.25
SHOP_320,5,0.0
SHOP_321,4,0.0
SHOP_322,14,0.35714285714285715
SHOP_323,3,0.0
SHOP_324,2,0.0
SHOP_326,2,0.5
SHOP_327,3,0.0
SHOP_328,3,0.0
SHOP_329,2,0.0
SHOP_33,4,0.0
SHOP_330,1,0.0
SHOP_331,4,0.0
SHOP_332,4,0.0
SHOP_333,8,0.125
SHOP_334,18,0.3333333333333333
SHOP_336,5,0.0
SHOP_337,3,0.0
SHOP_338,4,0.0
SHOP_339,7,0.0
SHOP_34,5,0.0
SHOP_340,5,0.0
SHOP_341,20,0.2
SHOP_342,4,0.25
SHOP_343,5,0.0
SHOP_344,3,0.0
SHOP_345,3,0.0
SHOP_346,21,0.19047619047619047
SHOP_347,1,0.0
SHOP_349,5,0.0
SHOP_35,2,0.0
SHOP_350,3,0.0
SHOP_351,4,0.25
SHOP_352,3,0.0
SHOP_353,20,0.3
SHOP_354,6,0.16666666666666666
SHOP_355,4,0.0
SHOP_356,1,0.0
SHOP_357,3,0.0
SHOP_358,10,0.3
SHOP_359,4,0.0
SHOP_36,3,0.0
SHOP_360,5,0.0
SHOP_361,2,0.0
SHOP_362,2,0.0
SHOP_363,4,0.0
SHOP_364,6,0.16666666666666666
SHOP_365,3,0.0
SHOP_366,5,0.0
SHOP_367,3,0.3333333333333333
SHOP_368,4,0.0
SHOP_369,2,0.0
SHOP_37,7,0.0
SHOP_370,1,0.0
SHOP_371,1,0.0
SHOP_372,1,0.0
SHOP_373,19,0.2631578947368421
SHOP_374,3,0.0
SHOP_375,4,0.0
SHOP_376,2,0.0
SHOP_377,3,0.0
SHOP_378,5,0.0
SHOP_379,6,0.0
SHOP_38,2,0.0
SHOP_380,2,0.0
SHOP_381,3,0.0
SHOP_382,5,0.0
SHOP_383,3,0.0
SHOP_384,5,0.0
SHOP_385,10,0.0
SHOP_386,3,0.0
SHOP_387,4,0.0
SHOP_388,4,0.25
SHOP_389,5,0.2
SHOP_39,1,0.0
SHOP_390,3,0.0
SHOP_391,12,0.25
SHOP_392,4,0.0
SHOP_393,2,0.0
SHOP_394,4,0.0
SHOP_396,13,0.23076923076923078
SHOP_397,5,0.0
SHOP_398,3,0.0
SHOP_399,4,0.25
SHOP_4,2,0.0
SHOP_40,5,0.0
SHOP_400,3,0.0
SHOP_401,1,1.0
SHOP_402,1,1.0
SHOP_403,2,0.0
SHOP_404,4,0.0
SHOP_405,6,0.0
SHOP_406,9,0.0
SHOP_407,8,0.125
SHOP_408,1,0.0
SHOP_409,4,0.0
SHOP_41,13,0.07692307692307693
SHOP_410,4,0.0
SHOP_411,3,0.0
SHOP_412,13,0.15384615384615385
SHOP_413,2,0.0
SHOP_414,14,0.42857142857142855
SHOP_415,2,0.0
SHOP_416,3,0.0
SHOP_418,1,0.0
SHOP_419,18,0.4444444444444444
SHOP_42,3,0.0
SHOP_420,4,0.0
SHOP_421,2,0.0
SHOP_422,16,0.375
SHOP_423,4,0.25
SHOP_424,5,0.0
SHOP_425,3,0.0
SHOP_426,8,0.0
SHOP_427,4,0.0
SHOP_428,9,0.1111111111111111
SHOP_429,9,0.6666666666666666
SHOP_43,1,0.0
SHOP_430,1,0.0
SHOP_431,14,0.35714285714285715
SHOP_432,3,0.0
SHOP_433,3,0.0
SHOP_434,2,0.0
SHOP_435,3,0.0
SHOP_436,3,0.0
SHOP_437,5,0.0
SHOP_438,5,0.0
SHOP_439,3,0.3333333333333333
SHOP_44,3,0.0
SHOP_440,1,0.0
SHOP_441,4,0.0
SHOP_443,3,0.0
SHOP_444,2,0.0
SHOP_445,14,0.2857142857142857
SHOP_446,3,0.0
SHOP_447,4,0.0
SHOP_448,3,0.0
SHOP_449,4,0.25
SHOP_45,4,0.25
SHOP_450,12,0.08333333333333333
SHOP_451,3,0.0
SHOP_452,4,0.0
SHOP_453,2,0.0
SHOP_454,3,0.3333333333333333
SHOP_455,22,0.36363636363636365
SHOP_456,3,0.0
SHOP_458,1,0.0
SHOP_459,1,0.0
SHOP_46,4,0.0
SHOP_460,23,0.30434782608695654
SHOP_461,5,0.0
SHOP_462,2,0.0
SHOP_463,2,0.0
SHOP_464,18,0.2777777777777778
SHOP_465,1,0.0
SHOP_466,4,0.0
SHOP_467,3,0.0
SHOP_469,1,0.0
SHOP_47,2,0.0
SHOP_470,24,0.2916666666666667
SHOP_471,1,0.0
SHOP_472,2,0.0
SHOP_473,3,0.0
SHOP_474,6,0.0
SHOP_475,21,0.38095238095238093
SHOP_476,5,0.0
SHOP_477,5,0.0
SHOP_478,4,0.25
SHOP_479,15,0.26666666666666666
SHOP_48,3,0.0
SHOP_480,2,0.0
SHOP_481,6,0.0
SHOP_482,6,0.0
SHOP_483,1,0.0
SHOP_484,4,0.0
SHOP_485,4,0.25
SHOP_486,4,0.0
SHOP_487,5,0.0
SHOP_488,3,0.3333333333333333
SHOP_489,6,0.0
SHOP_49,3,0.3333333333333333
SHOP_490,3,0.0
SHOP_491,5,0.0
SHOP_492,2,0.0
SHOP_493,3,0.0
SHOP_494,7,0.0
SHOP_495,2,0.0
SHOP_496,3,0.0
SHOP_497,1,0.0
SHOP_498,4,0.0
SHOP_499,2,0.0
SHOP_5,3,0.3333333333333333
SHOP_50,2,0.5
SHOP_500,1,0.0
SHOP_501,2,0.0
SHOP_502,2,0.0
SHOP_503,3,0.0
SHOP_504,1,0.0
SHOP_505,5,0.0
SHOP_506,23,0.391304347826087
SHOP_507,5,0.0
SHOP_508,5,0.2
SHOP_509,4,0.0
SHOP_51,3,0.0
SHOP_510,6,0.0
SHOP_511,1,0.0
SHOP_512,1,0.0
SHOP_513,5,0.0
SHOP_514,4,0.25
SHOP_515,2,0.0
SHOP_516,1,0.0
SHOP_517,18,0.2777777777777778
SHOP_518,3,0.0
SHOP_519,4,0.0
SHOP_52,1,1.0
SHOP_520,2,0.0
SHOP_521,4,0.0
SHOP_522,3,0.0
SHOP_523,22,0.09090909090909091
SHOP_524,3,0.0
SHOP_525,4,0.0
SHOP_526,2,0.5
SHOP_527,6,0.16666666666666666
SHOP_528,3,0.0
SHOP_529,6,0.0
SHOP_53,6,0.16666666666666666
SHOP_530,6,0.0
SHOP_531,13,0.0
SHOP_533,6,0.0
SHOP_534,3,0.0
SHOP_535,3,0.0
SHOP_536,2,0.0
SHOP_537,3,0.0
SHOP_538,5,0.0
SHOP_539,4,0.0
SHOP_54,1,0.0
SHOP_540,2,0.0
SHOP_541,2,0.0
SHOP_542,7,0.0
SHOP_543,4,0.0
SHOP_544,5,0.2
SHOP_545,2,0.0
SHOP_546,4,0.0
SHOP_547,4,0.0
SHOP_548,4,0.0
SHOP_549,2,0.5
SHOP_55,4,0.0
SHOP_550,3,0.0
SHOP_551,4,0.5
SHOP_552,16,0.3125
SHOP_553,5,0.0
SHOP_554,5,0.0
SHOP_555,6,0.0
SHOP_556,2,0.0
SHOP_557,1,0.0
SHOP_558,1,0.0
SHOP_559,5,0.0
SHOP_56,6,0.0
SHOP_561,3,0.3333333333333333
SHOP_562,3,0.0
SHOP_563,3,0.0
SHOP_565,2,0.0
SHOP_566,5,0.0
SHOP_567,6,0.0
SHOP_568,4,0.0
SHOP_569,4,0.0
SHOP_57,3,0.0
SHOP_570,4,0.0
SHOP_571,3,0.0
SHOP_572,5,0.2
SHOP_573,7,0.2857142857142857
SHOP_574,1,0.0
SHOP_575,5,0.0
SHOP_576,2,0.0
SHOP_577,3,0.3333333333333333
SHOP_578,1,0.0
SHOP_579,5,0.0
SHOP_58,2,0.0
SHOP_580,3,0.3333333333333333
SHOP_581,5,0.0
SHOP_582,3,0.0
SHOP_583,2,0.0
SHOP_584,6,0.0
SHOP_585,2,0.0
SHOP_586,4,0.0
SHOP_587,3,0.0
SHOP_588,1,0.0
SHOP_589,1,0.0
SHOP_59,15,0.4666666666666667
SHOP_590,5,0.0
SHOP_591,14,0.21428571428571427
SHOP_592,3,0.0
SHOP_593,15,0.26666666666666666
SHOP_594,5,0.0
SHOP_595,7,0.0
SHOP_596,16,0.4375
SHOP_597,1,0.0
SHOP_598,3,0.0
SHOP_599,2,0.0
SHOP_6,4,0.0
SHOP_60,4,0.0
SHOP_600,2,0.0
SHOP_601,4,0.0
SHOP_602,4,0.0
SHOP_603,3,0.0
SHOP_604,4,0.0
SHOP_605,4,0.0
SHOP_606,2,0.0
SHOP_607,2,0.0
SHOP_608,1,0.0
SHOP_609,2,0.0
SHOP_61,2,0.0
SHOP_611,2,0.0
SHOP_612,5,0.0
SHOP_613,3,0.0
SHOP_614,1,0.0
SHOP_615,6,0.0
SHOP_616,2,0.0
SHOP_617,5,0.0
SHOP_618,1,0.0
SHOP_619,2,0.0
SHOP_62,3,0.0
SHOP_620,17,0.0
SHOP_621,5,0.0
SHOP_622,4,0.0
SHOP_623,4,0.0
SHOP_624,2,0.0
SHOP_625,3,0.0
SHOP_626,6,0.0
SHOP_627,3,0.0
SHOP_628,2,0.0
SHOP_629,2,0.0
SHOP_63,5,0.0
SHOP_630,4,0.0
SHOP_631,5,0.0
SHOP_632,2,0.0
SHOP_633,22,0.3181818181818182
SHOP_634,2,0.0
SHOP_635,5,0.0
SHOP_636,16,0.25
SHOP_637,4,0.0
SHOP_638,5,0.0
SHOP_639,5,0.0
SHOP_64,19,0.21052631578947367
SHOP_640,3,0.3333333333333333
SHOP_641,4,0.0
SHOP_642,2,0.5
SHOP_643,12,0.25
SHOP_644,3,0.0
SHOP_645,5,0.4
SHOP_646,1,0.0
SHOP_647,4,0.0
SHOP_648,2,0.0
SHOP_649,7,0.14285714285714285
SHOP_65,4,0.0
SHOP_650,5,0.2
SHOP_651,8,0.0
SHOP_653,3,0.0
SHOP_654,4,0.0
SHOP_655,12,0.08333333333333333
SHOP_656,20,0.25
SHOP_657,2,0.0
SHOP_658,5,0.0
SHOP_659,3,0.0
SHOP_66,1,0.0
SHOP_660,20,0.05
SHOP_661,6,0.0
SHOP_662,5,0.0
SHOP_663,5,0.0
SHOP_664,3,0.0
SHOP_665,4,0.25
SHOP_666,4,0.0
SHOP_667,7,0.0
SHOP_668,3,0.0
SHOP_669,19,0.15789473684210525
SHOP_67,2,0.0
SHOP_670,2,0.0
SHOP_671,16,0.3125
SHOP_672,1,0.0
SHOP_673,5,0.0
SHOP_674,4,0.0
SHOP_675,2,0.0
SHOP_676,3,0.0
SHOP_677,2,0.0
SHOP_678,1,0.0
SHOP_679,2,0.0
SHOP_68,1,0.0
SHOP_681,19,0.21052631578947367
SHOP_682,5,0.0
SHOP_683,3,0.0
SHOP_684,7,0.14285714285714285
SHOP_685,5,0.0
SHOP_686,2,0.0
SHOP_687,4,0.0
SHOP_688,4,0.25
SHOP_689,3,0.0
SHOP_69,4,0.25
SHOP_690,15,0.2
SHOP_691,2,0.0
SHOP_692,2,0.5
SHOP_693,6,0.0
SHOP_694,4,0.0
SHOP_695,22,0.18181818181818182
SHOP_696,4,0.0
SHOP_697,3,0.0
SHOP_698,11,0.36363636363636365
SHOP_699,3,0.0
SHOP_7,5,0.0
SHOP_70,4,0.0
SHOP_700,2,0.0
SHOP_701,3,0.0
SHOP_702,5,0.0
SHOP_703,5,0.0
SHOP_704,2,0.0
SHOP_705,5,0.0
SHOP_706,4,0.0
SHOP_707,3,0.0
SHOP_708,3,0.0
SHOP_709,4,0.0
SHOP_71,4,0.0
SHOP_710,5,0.0
SHOP_711,6,0.0
SHOP_712,14,0.35714285714285715
SHOP_713,5,0.0
SHOP_714,20,0.35
SHOP_715,2,0.0
SHOP_716,20,0.25
SHOP_717,4,0.25
SHOP_718,1,0.0
SHOP_719,4,0.0
SHOP_72,3,0.0
SHOP_720,17,0.29411764705882354
SHOP_721,5,0.2
SHOP_722,15,0.5333333333333333
SHOP_723,2,0.5
SHOP_724,2,0.0
SHOP_725,1,0.0
SHOP_726,2,0.0
SHOP_728,4,0.0
SHOP_729,5,0.0
SHOP_73,18,0.2777777777777778
SHOP_730,2,0.0
SHOP_731,2,0.0
SHOP_732,4,0.0
SHOP_733,1,0.0
SHOP_734,5,0.2
SHOP_735,5,0.0
SHOP_736,1,0.0
SHOP_737,5,0.0
SHOP_738,5,0.2
SHOP_739,23,0.34782608695652173
SHOP_74,3,0.0
SHOP_740,3,0.0
SHOP_741,3,0.0
SHOP_742,3,0.0
SHOP_743,2,0.0
SHOP_745,3,0.3333333333333333
SHOP_746,6,0.0
SHOP_747,1,0.0
SHOP_748,6,0.0
SHOP_749,4,0.0
SHOP_75,4,0.0
SHOP_750,2,0.0
SHOP_751,5,0.2
SHOP_752,3,0.0
SHOP_753,3,0.0
SHOP_754,3,0.0
SHOP_755,6,0.16666666666666666
SHOP_756,1,0.0
SHOP_757,4,0.0
SHOP_758,2,0.0
SHOP_759,11,0.09090909090909091
SHOP_76,4,0.0
SHOP_760,4,0.0
SHOP_761,7,0.14285714285714285
SHOP_762,1,0.0
SHOP_763,11,0.2727272727272727
SHOP_764,2,0.0
SHOP_765,5,0.0
SHOP_766,2,0.0
SHOP_767,6,0.0
SHOP_768,6,0.0
SHOP_769,2,0.0
SHOP_77,17,0.17647058823529413
SHOP_770,2,0.0
SHOP_771,15,0.06666666666666667
SHOP_772,19,0.3157894736842105
SHOP_773,4,0.0
SHOP_774,5,0.0
SHOP_775,7,0.0
SHOP_776,19,0.42105263157894735
SHOP_777,22,0.22727272727272727
SHOP_778,6,0.0
SHOP_779,4,0.0
SHOP_78,2,0.0
SHOP_780,2,0.0
SHOP_781,2,0.0
SHOP_782,4,0.0
SHOP_783,3,0.0
SHOP_784,1,0.0
SHOP_785,3,0.0
SHOP_786,4,0.25
SHOP_787,7,0.14285714285714285
SHOP_788,2,0.0
SHOP_789,1,0.0
SHOP_79,3,0.3333333333333333
SHOP_790,4,0.5
SHOP_791,3,0.0
SHOP_792,2,0.0
SHOP_793,5,0.4
SHOP_794,3,0.0
SHOP_795,1,0.0
SHOP_796,4,0.0
SHOP_797,4,0.0
SHOP_798,12,0.25
SHOP_799,4,0.0
SHOP_8,5,0.0
SHOP_80,15,0.13333333333333333
SHOP_800,1,0.0
SHOP_801,4,0.0
SHOP_802,3,0.0
SHOP_803,7,0.0
SHOP_804,19,0.10526315789473684
SHOP_805,2,0.0
SHOP_806,3,0.0
SHOP_807,4,0.0
SHOP_808,4,0.0
SHOP_809,3,0.0
SHOP_81,3,0.0
SHOP_810,2,0.0
SHOP_811,5,0.0
SHOP_812,7,0.2857142857142857
SHOP_813,3,0.0
SHOP_814,2,0.0
SHOP_815,1,0.0
SHOP_816,5,0.0
SHOP_817,4,0.0
SHOP_818,2,0.0
SHOP_819,9,0.4444444444444444
SHOP_82,5,0.0
SHOP_820,4,0.0
SHOP_821,6,0.0
SHOP_822,1,1.0
SHOP_823,20,0.3
SHOP_824,3,0.0
SHOP_825,3,0.0
SHOP_826,2,0.0
SHOP_827,2,0.0
SHOP_828,1,0.0
SHOP_829,4,0.25
SHOP_83,6,0.0
SHOP_830,16,0.4375
SHOP_831,3,0.0
SHOP_832,4,0.0
SHOP_833,3,0.0
SHOP_834,2,0.0
SHOP_835,17,0.35294117647058826
SHOP_836,4,0.0
SHOP_837,7,0.0
SHOP_838,2,0.0
SHOP_839,2,0.0
SHOP_840,2,0.0
SHOP_841,4,0.0
SHOP_842,3,0.0
SHOP_843,2,0.0
SHOP_844,4,0.0
SHOP_845,3,0.3333333333333333
SHOP_846,14,0.21428571428571427
SHOP_847,4,0.25
SHOP_848,1,0.0
SHOP_849,2,0.5
SHOP_85,13,0.07692307692307693
SHOP_850,2,0.5
SHOP_851,5,0.0
SHOP_852,5,0.2
SHOP_853,4,0.0
SHOP_854,2,0.5
SHOP_856,21,0.14285714285714285
SHOP_857,4,0.0
SHOP_858,4,0.0
SHOP_859,2,0.0
SHOP_86,4,0.0
SHOP_860,1,0.0
SHOP_861,3,0.0
SHOP_862,5,0.0
SHOP_863,3,0.0
SHOP_864,2,0.0
SHOP_865,4,0.0
SHOP_866,2,0.0
SHOP_867,4,0.0
SHOP_868,5,0.0
SHOP_869,6,0.0
SHOP_87,4,0.0
SHOP_870,6,0.0
SHOP_872,5,0.0
SHOP_873,3,0.0
SHOP_874,4,0.25
SHOP_875,16,0.5
SHOP_876,3,0.0
SHOP_877,1,0.0
SHOP_878,7,0.14285714285714285
SHOP_879,7,0.0
SHOP_88,5,0.0
SHOP_880,4,0.0
SHOP_881,2,0.0
SHOP_882,3,0.3333333333333333
SHOP_883,3,0.0
SHOP_884,4,0.0
SHOP_885,8,0.0
SHOP_886,22,0.3181818181818182
SHOP_887,9,0.0
SHOP_888,4,0.0
SHOP_889,15,0.26666666666666666
SHOP_89,2,0.0
SHOP_890,4,0.0
SHOP_891,2,0.0
SHOP_892,3,0.0
SHOP_893,20,0.25
SHOP_894,2,0.0
SHOP_895,3,0.0
SHOP_896,2,0.0
SHOP_897,4,0.0
SHOP_898,5,0.0
SHOP_899,6,0.0
SHOP_9,1,0.0
SHOP_90,3,0.0
SHOP_900,6,0.0
SHOP_901,3,0.0
SHOP_902,2,0.0
SHOP_903,2,0.0
SHOP_904,6,0.0
SHOP_905,2,0.0
SHOP_906,1,0.0
SHOP_907,3,0.3333333333333333
SHOP_908,2,0.0
SHOP_909,3,0.0
SHOP_91,4,0.0
SHOP_910,5,0.0
SHOP_911,3,0.0
SHOP_912,3,0.0
SHOP_913,4,0.0
SHOP_914,3,0.0
SHOP_915,7,0.0
SHOP_916,4,0.0
SHOP_917,2,0.0
SHOP_918,16,0.1875
SHOP_919,4,0.0
SHOP_92,1,0.0
SHOP_920,5,0.0
SHOP_921,2,0.0
SHOP_922,20,0.3
SHOP_923,2,0.0
SHOP_924,1,0.0
SHOP_925,5,0.0
SHOP_926,3,0.0
SHOP_927,4,0.0
SHOP_928,4,0.0
SHOP_929,6,0.16666666666666666
SHOP_930,4,0.0
SHOP_931,2,0.0
SHOP_932,14,0.14285714285714285
SHOP_933,4,0.25
SHOP_934,2,0.0
SHOP_935,3,0.0
SHOP_937,6,0.0
SHOP_938,6,0.0
SHOP_939,6,0.0
SHOP_94,5,0.0
SHOP_940,3,0.3333333333333333
SHOP_941,4,0.25
SHOP_942,2,0.0
SHOP_943,4,0.0
SHOP_944,3,0.3333333333333333
SHOP_945,6,0.0
SHOP_946,5,0.0
SHOP_947,4,0.0
SHOP_948,5,0.0
SHOP_949,1,0.0
SHOP_95,16,0.3125
SHOP_950,11,0.7272727272727273
SHOP_951,8,0.125
SHOP_952,5,0.0
SHOP_953,6,0.0
SHOP_954,3,0.3333333333333333
SHOP_955,5,0.0
SHOP_956,2,0.0
SHOP_957,4,0.25
SHOP_958,5,0.2
SHOP_959,4,0.0
SHOP_96,5,0.0
SHOP_960,1,0.0
SHOP_961,3,0.0
SHOP_962,3,0.0
SHOP_963,21,0.2857142857142857
SHOP_964,12,0.16666666666666666
SHOP_965,2,0.0
SHOP_966,4,0.0
SHOP_967,2,0.0
SHOP_968,3,0.3333333333333333
SHOP_969,4,0.0
SHOP_97,1,0.0
SHOP_970,3,0.0
SHOP_971,7,0.2857142857142857
SHOP_972,4,0.25
SHOP_973,2,0.0
SHOP_974,4,0.0
SHOP_975,1,0.0
SHOP_976,4,0.25
SHOP_977,4,0.0
SHOP_978,4,0.0
SHOP_979,19,0.2631578947368421
SHOP_98,4,0.0
SHOP_980,4,0.0
SHOP_981,3,0.0
SHOP_982,3,0.0
SHOP_983,6,0.3333333333333333
SHOP_985,2,0.0
SHOP_986,3,0.0
SHOP_987,4,0.0
SHOP_988,3,0.3333333333333333
SHOP_989,5,0.2
SHOP_99,3,0.0
SHOP_990,5,0.2
SHOP_991,7,0.2857142857142857
SHOP_992,4,0.25
SHOP_993,1,0.0
SHOP_994,3,0.0
SHOP_995,1,0.0
SHOP_996,3,0.0
SHOP_997,3,0.0
SHOP_998,4,0.0
SHOP_999,1,0.0
