provider_id,category_id
1057172,Provider
1052145,Provider
1054683,Provider
1054890,Provider
1054966,Provider
1054986,Provider
1055158,Provider
1054894,Provider
1054927,Provider
1054950,Provider
1055006,Provider
1055036,Provider
1055064,Provider
1055104,Provider
1055215,Provider
1056257,Provider
1053797,Provider
1052890,Provider
1052901,Provider
1052962,Provider
1053269,Provider
1051459,Provider
1051743,Provider
1057317,Provider
1057333,Provider
1054847,Provider
1054875,Provider
1056405,Provider
1056417,Provider
1052063,Provider
1053100,Provider
1055916,Provider
1055927,Provider
1055969,Provider
1056021,Provider
1056025,Provider
1052133,Provider
1052486,Provider
1052487,Provider
1057316,Provider
1055768,Provider
1055455,Provider
1055659,Provider
1052090,Provider
1052837,Provider
1052844,Provider
1051539,Provider
1051574,Provider
1051695,Provider
1055832,Provider
1056740,Provider
1055503,Provider
1055552,Provider
1051369,Provider
1051433,Provider
1051523,Provider
1051749,Provider
1053256,Provider
1055163,Provider
1055209,Provider
1055237,Provider
1055323,Provider
1055368,Provider
1055388,Provider
1056238,Provider
1054071,Provider
1054075,Provider
1052055,Provider
1052114,Provider
1053794,Provider
1053911,Provider
1054745,Provider
1054939,Provider
1054985,Provider
1055446,Provider
1051017,Provider
1054238,Provider
1054261,Provider
1054297,Provider
1054320,Provider
1051140,Provider
1051154,Provider
1051196,Provider
1053618,Provider
1053923,Provider
1054333,Provider
1052945,Provider
1052032,Provider
1053634,Provider
1053774,Provider
1056608,Provider
1056642,Provider
1057014,Provider
1055004,Provider
1055088,Provider
1051510,Provider
1051636,Provider
1056556,Provider
1056733,Provider
1057082,Provider
1052064,Provider
1053623,Provider
1053649,Provider
1053662,Provider
1052019,Provider
1053706,Provider
1055000,Provider
1053958,Provider
1055262,Provider
1056270,Provider
1057173,Provider
1057429,Provider
1054837,Provider
1054854,Provider
1052049,Provider
1052147,Provider
1052170,Provider
1052260,Provider
1052386,Provider
1053692,Provider
1052098,Provider
1055169,Provider
1056268,Provider
1051159,Provider
1052501,Provider
1052503,Provider
1052520,Provider
1055489,Provider
1055505,Provider
1055548,Provider
1055667,Provider
1051244,Provider
1051279,Provider
1051281,Provider
1051293,Provider
1055821,Provider
1055834,Provider
1055835,Provider
1057303,Provider
1057314,Provider
1057315,Provider
1056559,Provider
1051948,Provider
1054688,Provider
1051988,Provider
1052001,Provider
1052986,Provider
1053074,Provider
1051360,Provider
1051593,Provider
1052649,Provider
1052652,Provider
1055049,Provider
1052307,Provider
1056501,Provider
1051567,Provider
1052518,Provider
1054668,Provider
1054949,Provider
1055226,Provider
1055483,Provider
1052985,Provider
1056562,Provider
1055752,Provider
1056225,Provider
1052066,Provider
1051125,Provider
1051129,Provider
1051176,Provider
1052511,Provider
1057345,Provider
1052573,Provider
1055521,Provider
1051934,Provider
1052074,Provider
1054896,Provider
1054908,Provider
1054918,Provider
1055892,Provider
1055990,Provider
1056033,Provider
1052572,Provider
1052576,Provider
1052634,Provider
1052648,Provider
1052723,Provider
1053000,Provider
1057530,Provider
1053932,Provider
1054741,Provider
1054743,Provider
1054885,Provider
1056350,Provider
1056360,Provider
1056379,Provider
1052041,Provider
1055898,Provider
1057213,Provider
1053244,Provider
1053295,Provider
1053304,Provider
1053320,Provider
1052308,Provider
1052312,Provider
1052341,Provider
1056011,Provider
1055227,Provider
1054345,Provider
1051428,Provider
1051606,Provider
1051838,Provider
1053679,Provider
1053698,Provider
1057672,Provider
1057677,Provider
1054092,Provider
1057527,Provider
1057528,Provider
1057545,Provider
1052441,Provider
1056508,Provider
1057691,Provider
1051153,Provider
1051871,Provider
1051873,Provider
1052085,Provider
1054888,Provider
1056560,Provider
1056985,Provider
1055185,Provider
1054840,Provider
1056580,Provider
1056637,Provider
1056957,Provider
1057697,Provider
1056745,Provider
1051466,Provider
1054748,Provider
1051731,Provider
1051499,Provider
1051856,Provider
1055820,Provider
1057103,Provider
1054778,Provider
1052313,Provider
1052405,Provider
1051286,Provider
1055755,Provider
1054330,Provider
1054378,Provider
1054381,Provider
1051266,Provider
1051299,Provider
1053438,Provider
1055913,Provider
1056832,Provider
1056901,Provider
1052738,Provider
1054367,Provider
1051064,Provider
1054765,Provider
1054772,Provider
1055977,Provider
1052072,Provider
1053624,Provider
1053685,Provider
1051164,Provider
1051346,Provider
1052636,Provider
1055736,Provider
1056598,Provider
1056803,Provider
1057098,Provider
1051004,Provider
1052037,Provider
1052089,Provider
1052095,Provider
1052236,Provider
1052246,Provider
1051479,Provider
1055831,Provider
1055839,Provider
1055875,Provider
1051521,Provider
1051788,Provider
1051550,Provider
1055981,Provider
1056010,Provider
1051386,Provider
1051857,Provider
1051868,Provider
1054070,Provider
1054514,Provider
1056796,Provider
1053258,Provider
1055929,Provider
1055165,Provider
1055207,Provider
1055278,Provider
1055319,Provider
1055943,Provider
1055972,Provider
1055196,Provider
1056235,Provider
1051151,Provider
1052859,Provider
1052941,Provider
1052180,Provider
1053762,Provider
1053940,Provider
1052829,Provider
1052842,Provider
1052870,Provider
1052893,Provider
1052298,Provider
1052439,Provider
1052337,Provider
1051037,Provider
1053002,Provider
1053005,Provider
1056347,Provider
1056362,Provider
1056367,Provider
1053608,Provider
1055043,Provider
1052568,Provider
1052623,Provider
1052677,Provider
1052702,Provider
1054340,Provider
1053689,Provider
1053937,Provider
1055896,Provider
1055933,Provider
1056006,Provider
1057179,Provider
1057407,Provider
1057412,Provider
1057434,Provider
1057485,Provider
1054341,Provider
1054350,Provider
1055836,Provider
1054959,Provider
1056743,Provider
1056808,Provider
1057710,Provider
1051421,Provider
1053394,Provider
1053405,Provider
1055920,Provider
1055993,Provider
1053874,Provider
1053918,Provider
1057732,Provider
1054813,Provider
1057160,Provider
1056439,Provider
1051086,Provider
1052309,Provider
1056707,Provider
1056410,Provider
1056466,Provider
1054911,Provider
1054937,Provider
1055515,Provider
1053939,Provider
1053997,Provider
1055220,Provider
1055254,Provider
1054564,Provider
1054577,Provider
1055439,Provider
1055459,Provider
1055462,Provider
1055492,Provider
1055414,Provider
1051265,Provider
1051271,Provider
1051301,Provider
1051860,Provider
1056231,Provider
1056248,Provider
1052565,Provider
1052646,Provider
1052571,Provider
1052628,Provider
1052631,Provider
1052599,Provider
1052369,Provider
1052399,Provider
1052402,Provider
1053277,Provider
1052821,Provider
1052824,Provider
1052836,Provider
1052897,Provider
1052902,Provider
1052905,Provider
1052924,Provider
1052930,Provider
1052933,Provider
1054074,Provider
1054101,Provider
1054742,Provider
1054960,Provider
1051021,Provider
1051068,Provider
1055819,Provider
1057339,Provider
1054267,Provider
1054325,Provider
1051874,Provider
1053396,Provider
1056575,Provider
1056760,Provider
1057033,Provider
1053385,Provider
1056117,Provider
1052120,Provider
1055912,Provider
1052123,Provider
1055966,Provider
1056002,Provider
1056104,Provider
1052092,Provider
1052109,Provider
1057515,Provider
1057522,Provider
1057572,Provider
1057624,Provider
1054919,Provider
1055051,Provider
1052559,Provider
1052869,Provider
1052896,Provider
1052056,Provider
1056020,Provider
1053973,Provider
1051471,Provider
1051507,Provider
1051509,Provider
1051617,Provider
1055247,Provider
1054562,Provider
1054565,Provider
1051156,Provider
1051204,Provider
1054831,Provider
1052229,Provider
1052233,Provider
1052030,Provider
1052077,Provider
1052084,Provider
1054372,Provider
1054374,Provider
1055911,Provider
1055959,Provider
1051480,Provider
1053710,Provider
1056014,Provider
1052299,Provider
1052334,Provider
1052389,Provider
1055507,Provider
1055522,Provider
1052656,Provider
1055037,Provider
1055978,Provider
1053621,Provider
1054944,Provider
1054508,Provider
1054335,Provider
1056725,Provider
1052678,Provider
1054332,Provider
1054444,Provider
1055022,Provider
1057306,Provider
1057346,Provider
1054595,Provider
1054596,Provider
1054620,Provider
1054627,Provider
1054634,Provider
1054636,Provider
1054506,Provider
1054952,Provider
1055138,Provider
1052598,Provider
1052605,Provider
1052146,Provider
1052193,Provider
1055230,Provider
1057519,Provider
1055479,Provider
1052343,Provider
1051845,Provider
1052367,Provider
1056239,Provider
1056245,Provider
1056275,Provider
1057205,Provider
1057253,Provider
1054323,Provider
1056416,Provider
1052157,Provider
1055214,Provider
1054739,Provider
1055737,Provider
1051042,Provider
1055614,Provider
1055654,Provider
1055392,Provider
1056588,Provider
1056628,Provider
1056689,Provider
1057049,Provider
1053676,Provider
1053700,Provider
1052665,Provider
1052772,Provider
1055467,Provider
1053895,Provider
1054573,Provider
1054635,Provider
1052988,Provider
1052154,Provider
1053625,Provider
1055482,Provider
1055958,Provider
1057208,Provider
1052574,Provider
1052690,Provider
1056552,Provider
1056615,Provider
1054517,Provider
1052104,Provider
1055951,Provider
1055955,Provider
1054080,Provider
1051837,Provider
1051847,Provider
1051848,Provider
1051905,Provider
1055013,Provider
1056537,Provider
1055849,Provider
1056735,Provider
1056754,Provider
1053873,Provider
1053383,Provider
1053435,Provider
1053439,Provider
1053442,Provider
1053534,Provider
1051031,Provider
1051062,Provider
1056444,Provider
1056019,Provider
1051146,Provider
1057322,Provider
1052042,Provider
1054216,Provider
1054240,Provider
1054247,Provider
1056433,Provider
1057191,Provider
1057218,Provider
1052021,Provider
1054734,Provider
1054753,Provider
1055917,Provider
1055918,Provider
1055030,Provider
1056039,Provider
1052059,Provider
1051183,Provider
1051399,Provider
1051578,Provider
1057313,Provider
1057532,Provider
1053605,Provider
1054337,Provider
1054427,Provider
1056249,Provider
1056265,Provider
1056437,Provider
1056438,Provider
1056494,Provider
1053238,Provider
1053239,Provider
1053253,Provider
1053296,Provider
1053300,Provider
1053374,Provider
1056469,Provider
1053382,Provider
1053440,Provider
1053441,Provider
1053444,Provider
1053477,Provider
1052017,Provider
1051954,Provider
1051347,Provider
1051456,Provider
1054965,Provider
1056577,Provider
1053776,Provider
1053786,Provider
1051255,Provider
1051273,Provider
1051447,Provider
1053245,Provider
1057231,Provider
1051379,Provider
1051734,Provider
1053702,Provider
1057175,Provider
1054354,Provider
1054477,Provider
1055984,Provider
1051049,Provider
1054882,Provider
1054924,Provider
1053043,Provider
1053059,Provider
1056345,Provider
1056351,Provider
1055180,Provider
1054955,Provider
1055048,Provider
1051145,Provider
1051229,Provider
1053892,Provider
1056541,Provider
1055865,Provider
1053658,Provider
1051394,Provider
1051460,Provider
1051474,Provider
1051600,Provider
1052469,Provider
1052591,Provider
1053401,Provider
1053461,Provider
1053483,Provider
1053484,Provider
1055997,Provider
1051247,Provider
1051264,Provider
1051287,Provider
1051300,Provider
1052903,Provider
1057501,Provider
1053773,Provider
1053799,Provider
1053889,Provider
1057600,Provider
1052827,Provider
1052845,Provider
1052560,Provider
1052725,Provider
1054454,Provider
1051984,Provider
1052057,Provider
1054973,Provider
1055855,Provider
1055864,Provider
1051598,Provider
1056648,Provider
1055265,Provider
1053266,Provider
1053044,Provider
1053056,Provider
1054348,Provider
1054379,Provider
1054438,Provider
1052942,Provider
1052955,Provider
1052163,Provider
1053381,Provider
1053417,Provider
1051950,Provider
1053547,Provider
1051439,Provider
1057344,Provider
1053876,Provider
1051366,Provider
1056663,Provider
1053677,Provider
1053682,Provider
1055850,Provider
1054761,Provider
1056442,Provider
1052348,Provider
1052351,Provider
1055263,Provider
1051180,Provider
1051209,Provider
1053945,Provider
1055252,Provider
1057725,Provider
1054895,Provider
1055034,Provider
1051005,Provider
1053913,Provider
1053934,Provider
1053950,Provider
1051432,Provider
1051841,Provider
1051911,Provider
1052340,Provider
1053259,Provider
1053312,Provider
1053326,Provider
1053335,Provider
1052881,Provider
1056241,Provider
1056259,Provider
1055182,Provider
1055232,Provider
1055304,Provider
1055313,Provider
1055338,Provider
1055357,Provider
1053909,Provider
1051535,Provider
1057686,Provider
1055010,Provider
1055246,Provider
1053750,Provider
1053252,Provider
1057455,Provider
1056625,Provider
1053117,Provider
1053121,Provider
1055715,Provider
1055717,Provider
1053872,Provider
1052065,Provider
1052159,Provider
1052281,Provider
1057555,Provider
1052304,Provider
1054934,Provider
1054977,Provider
1055029,Provider
1055110,Provider
1052020,Provider
1053927,Provider
1056967,Provider
1057129,Provider
1057318,Provider
1057335,Provider
1057376,Provider
1053242,Provider
1053248,Provider
1053260,Provider
1053276,Provider
1053303,Provider
1055177,Provider
1055183,Provider
1057312,Provider
1052663,Provider
1052873,Provider
1052950,Provider
1052953,Provider
1054228,Provider
1054239,Provider
1054255,Provider
1054324,Provider
1054076,Provider
1056616,Provider
1056764,Provider
1057152,Provider
1052031,Provider
1057109,Provider
1057209,Provider
1057224,Provider
1055056,Provider
1055099,Provider
1055108,Provider
1055465,Provider
1056788,Provider
1056790,Provider
1051737,Provider
1051770,Provider
1052853,Provider
1052889,Provider
1052916,Provider
1054963,Provider
1052982,Provider
1053007,Provider
1054230,Provider
1054291,Provider
1056449,Provider
1051253,Provider
1051335,Provider
1051994,Provider
1052014,Provider
1052587,Provider
1052614,Provider
1051568,Provider
1052566,Provider
1057521,Provider
1051790,Provider
1055946,Provider
1054723,Provider
1057230,Provider
1052877,Provider
1052884,Provider
1052917,Provider
1054098,Provider
1053638,Provider
1053664,Provider
1055872,Provider
1051035,Provider
1051060,Provider
1051082,Provider
1051114,Provider
1054107,Provider
1051342,Provider
1051669,Provider
1056191,Provider
1052645,Provider
1052502,Provider
1057410,Provider
1054914,Provider
1054933,Provider
1055192,Provider
1055213,Provider
1055231,Provider
1055366,Provider
1051809,Provider
1055690,Provider
1055719,Provider
1057641,Provider
1055956,Provider
1056591,Provider
1051849,Provider
1051852,Provider
1051836,Provider
1051851,Provider
1052310,Provider
1052342,Provider
1052359,Provider
1052414,Provider
1051670,Provider
1052558,Provider
1052561,Provider
1052661,Provider
1052589,Provider
1056748,Provider
1054342,Provider
1054387,Provider
1053880,Provider
1052058,Provider
1054814,Provider
1055676,Provider
1054905,Provider
1055057,Provider
1057153,Provider
1051464,Provider
1052515,Provider
1057108,Provider
1057343,Provider
1055822,Provider
1053977,Provider
1052887,Provider
1056448,Provider
1052097,Provider
1052131,Provider
1056216,Provider
1056243,Provider
1052593,Provider
1052657,Provider
1052715,Provider
1053675,Provider
1054133,Provider
1054139,Provider
1054181,Provider
1053443,Provider
1056452,Provider
1052373,Provider
1053871,Provider
1053942,Provider
1053986,Provider
1054541,Provider
1054675,Provider
1053816,Provider
1057036,Provider
1057756,Provider
1055689,Provider
1051348,Provider
1051355,Provider
1051443,Provider
1056602,Provider
1056671,Provider
1055264,Provider
1056481,Provider
1054724,Provider
1056425,Provider
1052980,Provider
1053894,Provider
1056430,Provider
1056467,Provider
1056517,Provider
1052303,Provider
1052332,Provider
1052349,Provider
1052356,Provider
1052449,Provider
1052045,Provider
1055239,Provider
1055269,Provider
1051030,Provider
1051072,Provider
1051112,Provider
1051113,Provider
1051121,Provider
1055633,Provider
1056479,Provider
1056526,Provider
1057204,Provider
1051356,Provider
1054511,Provider
1057336,Provider
1054083,Provider
1054111,Provider
1054786,Provider
1053670,Provider
1053672,Provider
1053674,Provider
1053686,Provider
1053709,Provider
1054209,Provider
1054219,Provider
1057307,Provider
1057348,Provider
1057379,Provider
1055893,Provider
1055907,Provider
1056404,Provider
1056435,Provider
1056461,Provider
1054938,Provider
1054404,Provider
1057156,Provider
1053520,Provider
1052654,Provider
1057596,Provider
1053790,Provider
1053910,Provider
1054946,Provider
1057166,Provider
1057287,Provider
1057192,Provider
1057211,Provider
1056044,Provider
1055937,Provider
1056546,Provider
1054231,Provider
1052521,Provider
1057509,Provider
1057212,Provider
1057242,Provider
1055873,Provider
1054507,Provider
1054550,Provider
1051390,Provider
1053695,Provider
1053713,Provider
1057423,Provider
1057440,Provider
1057452,Provider
1054363,Provider
1054475,Provider
1054578,Provider
1054217,Provider
1054265,Provider
1056255,Provider
1055818,Provider
1055848,Provider
1052497,Provider
1052500,Provider
1052517,Provider
1052523,Provider
1055817,Provider
1056008,Provider
1056234,Provider
1054892,Provider
1051928,Provider
1051468,Provider
1054879,Provider
1055061,Provider
1054609,Provider
1056630,Provider
1056951,Provider
1053743,Provider
1056611,Provider
1054842,Provider
1054846,Provider
1053210,Provider
1055679,Provider
1055789,Provider
1051605,Provider
1053956,Provider
1054339,Provider
1054434,Provider
1052347,Provider
1055735,Provider
1055743,Provider
1056253,Provider
1053574,Provider
1053535,Provider
1053586,Provider
1056738,Provider
1053720,Provider
1057228,Provider
1056145,Provider
1056154,Provider
1056179,Provider
1056182,Provider
1051063,Provider
1055003,Provider
1053755,Provider
1054557,Provider
1057324,Provider
1057185,Provider
1053915,Provider
1054681,Provider
1053699,Provider
1055438,Provider
1055576,Provider
1055598,Provider
1055640,Provider
1055652,Provider
1055210,Provider
1051944,Provider
1053763,Provider
1053808,Provider
1054926,Provider
1051544,Provider
1052519,Provider
1057101,Provider
1055039,Provider
1055846,Provider
1055732,Provider
1055791,Provider
1053343,Provider
1055463,Provider
1055556,Provider
1052704,Provider
1056521,Provider
1052336,Provider
1056447,Provider
1051858,Provider
1054258,Provider
1056028,Provider
1054336,Provider
1054370,Provider
1055733,Provider
1051739,Provider
1055164,Provider
1055298,Provider
1055335,Provider
1054563,Provider
1054588,Provider
1056030,Provider
1051930,Provider
1051940,Provider
1051959,Provider
1056209,Provider
1056210,Provider
1054670,Provider
1052858,Provider
1052788,Provider
1052452,Provider
1053038,Provider
1053076,Provider
1056667,Provider
1056269,Provider
1057470,Provider
1056426,Provider
1056497,Provider
1052054,Provider
1055261,Provider
1057262,Provider
1057544,Provider
1057216,Provider
1057263,Provider
1054971,Provider
1055050,Provider
1052843,Provider
1053246,Provider
1053378,Provider
1054716,Provider
1057347,Provider
1053045,Provider
1057715,Provider
1057365,Provider
1051122,Provider
1051171,Provider
1054521,Provider
1057332,Provider
1055510,Provider
1055963,Provider
1055995,Provider
1057405,Provider
1056828,Provider
1051436,Provider
1051675,Provider
1051623,Provider
1052872,Provider
1056592,Provider
1056613,Provider
1057719,Provider
1053887,Provider
1052150,Provider
1053775,Provider
1055045,Provider
1055518,Provider
1055272,Provider
1053321,Provider
1054373,Provider
1054426,Provider
1051933,Provider
1051482,Provider
1051794,Provider
1051441,Provider
1051488,Provider
1054651,Provider
1056400,Provider
1056421,Provider
1056445,Provider
1051350,Provider
1053673,Provider
1052323,Provider
1051256,Provider
1051262,Provider
1051284,Provider
1052455,Provider
1053688,Provider
1053697,Provider
1053749,Provider
1053838,Provider
1053975,Provider
1051391,Provider
1055362,Provider
1052353,Provider
1055340,Provider
1056228,Provider
1056271,Provider
1052895,Provider
1052276,Provider
1056015,Provider
1057148,Provider
1051583,Provider
1051752,Provider
1056679,Provider
1055053,Provider
1055054,Provider
1052129,Provider
1055514,Provider
1051170,Provider
1052750,Provider
1054975,Provider
1055701,Provider
1055181,Provider
1055378,Provider
1057150,Provider
1057158,Provider
1053787,Provider
1052027,Provider
1055908,Provider
1052135,Provider
1055703,Provider
1052182,Provider
1052274,Provider
1055452,Provider
1055481,Provider
1054566,Provider
1054610,Provider
1056353,Provider
1055496,Provider
1057529,Provider
1052935,Provider
1052141,Provider
1053352,Provider
1053356,Provider
1053359,Provider
1051937,Provider
1053779,Provider
1056137,Provider
1051616,Provider
1054531,Provider
1054676,Provider
1055999,Provider
1057602,Provider
1057605,Provider
1052138,Provider
1054020,Provider
1056500,Provider
1051109,Provider
1052394,Provider
1053920,Provider
1056012,Provider
1056207,Provider
1054559,Provider
1054580,Provider
1054256,Provider
1053931,Provider
1053971,Provider
1057543,Provider
1055219,Provider
1056018,Provider
1052543,Provider
1053161,Provider
1053216,Provider
1054388,Provider
1057059,Provider
1057744,Provider
1051556,Provider
1051828,Provider
1051249,Provider
1055688,Provider
1055745,Provider
1055788,Provider
1055902,Provider
1055910,Provider
1055968,Provider
1056111,Provider
1051167,Provider
1055416,Provider
1053294,Provider
1052679,Provider
1052892,Provider
1053243,Provider
1056169,Provider
1053050,Provider
1052112,Provider
1055229,Provider
1057202,Provider
1052068,Provider
1053764,Provider
1053951,Provider
1051091,Provider
1051100,Provider
1052029,Provider
1052128,Provider
1052166,Provider
1053640,Provider
1053900,Provider
1054686,Provider
1055434,Provider
1056777,Provider
1052318,Provider
1052320,Provider
1052331,Provider
1052383,Provider
1054215,Provider
1055516,Provider
1055536,Provider
1057557,Provider
1057558,Provider
1055464,Provider
1055535,Provider
1055627,Provider
1056338,Provider
1056647,Provider
1057006,Provider
1052384,Provider
1052660,Provider
1053042,Provider
1057576,Provider
1057597,Provider
1051144,Provider
1051165,Provider
1051426,Provider
1051508,Provider
1053578,Provider
1053584,Provider
1051070,Provider
1055868,Provider
1051501,Provider
1055147,Provider
1056131,Provider
1055001,Provider
1052763,Provider
1051634,Provider
1054682,Provider
1052981,Provider
1052991,Provider
1053035,Provider
1053036,Provider
1053078,Provider
1053569,Provider
1053523,Provider
1054907,Provider
1053447,Provider
1051059,Provider
1051097,Provider
1053449,Provider
1053104,Provider
1053222,Provider
1053921,Provider
1053708,Provider
1054089,Provider
1054156,Provider
1054196,Provider
1053791,Provider
1051089,Provider
1056813,Provider
1052999,Provider
1053064,Provider
1053071,Provider
1053151,Provider
1053159,Provider
1053173,Provider
1051067,Provider
1052130,Provider
1052071,Provider
1052584,Provider
1051160,Provider
1054085,Provider
1052640,Provider
1057366,Provider
1056355,Provider
1057170,Provider
1054910,Provider
1054967,Provider
1055042,Provider
1057642,Provider
1051155,Provider
1051429,Provider
1051084,Provider
1052314,Provider
1055934,Provider
1055941,Provider
1055971,Provider
1054064,Provider
1054066,Provider
1055942,Provider
1057046,Provider
1053282,Provider
1057171,Provider
1057200,Provider
1052739,Provider
1057380,Provider
1053365,Provider
1057151,Provider
1057518,Provider
1057310,Provider
1053329,Provider
1051276,Provider
1054334,Provider
1056610,Provider
1056758,Provider
1056807,Provider
1057709,Provider
1055211,Provider
1056819,Provider
1056939,Provider
1052483,Provider
1055557,Provider
1054225,Provider
1053001,Provider
1056208,Provider
1057305,Provider
1055705,Provider
1055562,Provider
1056576,Provider
1056905,Provider
1051867,Provider
1055741,Provider
1055764,Provider
1052003,Provider
1053765,Provider
1053363,Provider
1053364,Provider
1057193,Provider
1052113,Provider
1057238,Provider
1057239,Provider
1052022,Provider
1054970,Provider
1055019,Provider
1055087,Provider
1051336,Provider
1055930,Provider
1052563,Provider
1052642,Provider
1056224,Provider
1056247,Provider
1054694,Provider
1055175,Provider
1055274,Provider
1055309,Provider
1055344,Provider
1056279,Provider
1054684,Provider
1053965,Provider
1053974,Provider
1053993,Provider
1052038,Provider
1052266,Provider
1055957,Provider
1056668,Provider
1056724,Provider
1052149,Provider
1051949,Provider
1052156,Provider
1054758,Provider
1051393,Provider
1053540,Provider
1055203,Provider
1054344,Provider
1054356,Provider
1055803,Provider
1051008,Provider
1051025,Provider
1051061,Provider
1052531,Provider
1054510,Provider
1056544,Provider
1055279,Provider
1053141,Provider
1053169,Provider
1055523,Provider
1054540,Provider
1056890,Provider
1054245,Provider
1055935,Provider
1052365,Provider
1052395,Provider
1052423,Provider
1053504,Provider
1051185,Provider
1051377,Provider
1052592,Provider
1053907,Provider
1054093,Provider
1057110,Provider
1056726,Provider
1056741,Provider
1057031,Provider
1052907,Provider
1052406,Provider
1051383,Provider
1051542,Provider
1051584,Provider
1056684,Provider
1054561,Provider
1054567,Provider
1054569,Provider
1054065,Provider
1055771,Provider
1053957,Provider
1054868,Provider
1053274,Provider
1051961,Provider
1056211,Provider
1052562,Provider
1052570,Provider
1053925,Provider
1054991,Provider
1051973,Provider
1052315,Provider
1051590,Provider
1054667,Provider
1055596,Provider
1052224,Provider
1056618,Provider
1051263,Provider
1053781,Provider
1056213,Provider
1055275,Provider
1055276,Provider
1051430,Provider
1051522,Provider
1051678,Provider
1057734,Provider
1055063,Provider
1051516,Provider
1051525,Provider
1051528,Provider
1052499,Provider
1051811,Provider
1051419,Provider
1051604,Provider
1052862,Provider
1055281,Provider
1052256,Provider
1057654,Provider
1051312,Provider
1056649,Provider
1054315,Provider
1054725,Provider
1054904,Provider
1054936,Provider
1054954,Provider
1055091,Provider
1052044,Provider
1056683,Provider
1056703,Provider
1055005,Provider
1054144,Provider
1057449,Provider
1051027,Provider
1052366,Provider
1054244,Provider
1052549,Provider
1052400,Provider
1052425,Provider
1052990,Provider
1053073,Provider
1052407,Provider
1051241,Provider
1056729,Provider
1057722,Provider
1054783,Provider
1052115,Provider
1051189,Provider
1051422,Provider
1052076,Provider
1057319,Provider
1053387,Provider
1052279,Provider
1057352,Provider
1057382,Provider
1052169,Provider
1054998,Provider
1052956,Provider
1054774,Provider
1054090,Provider
1056693,Provider
1056824,Provider
1056375,Provider
1056384,Provider
1051307,Provider
1051308,Provider
1051329,Provider
1052094,Provider
1055194,Provider
1054360,Provider
1054382,Provider
1054410,Provider
1054383,Provider
1054423,Provider
1053828,Provider
1057149,Provider
1051998,Provider
1053103,Provider
1053171,Provider
1053212,Provider
1055450,Provider
1056601,Provider
1054776,Provider
1054822,Provider
1056036,Provider
1052508,Provider
1051415,Provider
1056747,Provider
1051388,Provider
1055270,Provider
1051137,Provider
1055234,Provider
1054251,Provider
1051250,Provider
1051280,Provider
1051304,Provider
1055238,Provider
1051245,Provider
1051260,Provider
1051261,Provider
1053967,Provider
1052025,Provider
1052208,Provider
1056335,Provider
1052495,Provider
1052346,Provider
1052168,Provider
1051431,Provider
1053633,Provider
1054690,Provider
1054708,Provider
1051938,Provider
1055027,Provider
1055216,Provider
1055243,Provider
1052666,Provider
1052943,Provider
1051178,Provider
1052403,Provider
1051486,Provider
1056685,Provider
1056917,Provider
1054652,Provider
1055996,Provider
1051842,Provider
1056672,Provider
1056697,Provider
1056721,Provider
1051056,Provider
1051111,Provider
1051274,Provider
1051285,Provider
1055567,Provider
1053966,Provider
1055240,Provider
1055358,Provider
1055474,Provider
1055500,Provider
1055525,Provider
1053964,Provider
1054756,Provider
1053052,Provider
1054685,Provider
1054705,Provider
1055453,Provider
1052087,Provider
1052847,Provider
1052849,Provider
1052046,Provider
1051579,Provider
1051596,Provider
1055837,Provider
1053819,Provider
1056221,Provider
1054099,Provider
1053388,Provider
1053463,Provider
1054812,Provider
1055086,Provider
1051340,Provider
1051855,Provider
1056406,Provider
1056411,Provider
1056413,Provider
1056455,Provider
1051142,Provider
1051143,Provider
1052420,Provider
1055469,Provider
1055656,Provider
1051190,Provider
1051661,Provider
1057492,Provider
1056579,Provider
1056478,Provider
1055592,Provider
1057024,Provider
1056655,Provider
1056789,Provider
1056810,Provider
1057746,Provider
1052581,Provider
1051013,Provider
1052165,Provider
1052167,Provider
1054250,Provider
1053470,Provider
1053478,Provider
1051387,Provider
1052621,Provider
1051826,Provider
1052602,Provider
1052722,Provider
1053077,Provider
1056454,Provider
1055921,Provider
1054747,Provider
1054764,Provider
1056103,Provider
1056114,Provider
1053769,Provider
1052644,Provider
1056791,Provider
1051629,Provider
1051637,Provider
1053194,Provider
1056659,Provider
1057701,Provider
1052107,Provider
1051345,Provider
1051641,Provider
1057182,Provider
1054242,Provider
1054287,Provider
1054504,Provider
1054539,Provider
1056138,Provider
1053301,Provider
1053313,Provider
1052247,Provider
1055326,Provider
1052846,Provider
1053142,Provider
1053229,Provider
1055885,Provider
1051434,Provider
1055541,Provider
1051957,Provider
1054399,Provider
1054442,Provider
1053884,Provider
1052100,Provider
1052186,Provider
1053912,Provider
1057174,Provider
1056856,Provider
1057234,Provider
1051128,Provider
1056587,Provider
1056654,Provider
1054359,Provider
1057646,Provider
1052861,Provider
1052409,Provider
1056222,Provider
1051571,Provider
1053617,Provider
1052212,Provider
1055709,Provider
1051272,Provider
1052588,Provider
1052611,Provider
1052237,Provider
1054091,Provider
1053806,Provider
1051761,Provider
1055487,Provider
1053802,Provider
1057547,Provider
1051487,Provider
1057668,Provider
1057674,Provider
1053793,Provider
1056161,Provider
1056198,Provider
1051614,Provider
1052051,Provider
1055235,Provider
1055312,Provider
1052857,Provider
1053959,Provider
1053570,Provider
1054978,Provider
1056412,Provider
1056509,Provider
1056538,Provider
1056212,Provider
1051573,Provider
1051884,Provider
1051560,Provider
1055591,Provider
1053446,Provider
1053495,Provider
1054478,Provider
1055447,Provider
1051989,Provider
1051389,Provider
1057354,Provider
1056604,Provider
1056751,Provider
1056835,Provider
1056840,Provider
1053490,Provider
1051011,Provider
1052352,Provider
1051696,Provider
1053532,Provider
1056151,Provider
1055948,Provider
1056769,Provider
1056823,Provider
1056915,Provider
1057057,Provider
1057716,Provider
1057404,Provider
1055189,Provider
1055256,Provider
1055331,Provider
1056237,Provider
1057197,Provider
1057207,Provider
1057219,Provider
1056263,Provider
1056334,Provider
1051991,Provider
1052467,Provider
1052484,Provider
1056261,Provider
1056266,Provider
1056319,Provider
1051169,Provider
1054917,Provider
1055470,Provider
1057433,Provider
1052073,Provider
1052249,Provider
1055028,Provider
1055058,Provider
1055833,Provider
1055843,Provider
1053981,Provider
1054763,Provider
1052826,Provider
1055677,Provider
1055716,Provider
1055728,Provider
1055748,Provider
1055780,Provider
1052692,Provider
1053712,Provider
1051041,Provider
1052798,Provider
1051490,Provider
1052633,Provider
1057190,Provider
1051344,Provider
1053284,Provider
1053342,Provider
1056307,Provider
1057159,Provider
1052152,Provider
1053982,Provider
1054060,Provider
1053770,Provider
1055257,Provider
1054479,Provider
1053979,Provider
1054806,Provider
1054887,Provider
1054982,Provider
1055002,Provider
1057000,Provider
1055543,Provider
1053106,Provider
1053145,Provider
1052556,Provider
1052697,Provider
1051495,Provider
1054900,Provider
1052290,Provider
1057510,Provider
1057761,Provider
1053968,Provider
1054206,Provider
1054207,Provider
1054930,Provider
1054727,Provider
1051029,Provider
1056287,Provider
1053280,Provider
1055734,Provider
1053225,Provider
1057414,Provider
1057425,Provider
1055026,Provider
1051992,Provider
1051996,Provider
1056525,Provider
1056418,Provider
1056432,Provider
1056702,Provider
1054704,Provider
1056680,Provider
1054327,Provider
1053759,Provider
1053032,Provider
1053727,Provider
1056473,Provider
1056568,Provider
1056706,Provider
1051149,Provider
1055038,Provider
1054781,Provider
1051401,Provider
1054630,Provider
1053272,Provider
1053279,Provider
1055460,Provider
1052013,Provider
1055083,Provider
1055986,Provider
1052590,Provider
1055198,Provider
1055356,Provider
1057016,Provider
1055903,Provider
1055731,Provider
1053660,Provider
1056013,Provider
1055905,Provider
1057320,Provider
1051179,Provider
1055445,Provider
1054237,Provider
1054273,Provider
1056657,Provider
1055884,Provider
1051974,Provider
1053768,Provider
1055563,Provider
1056148,Provider
1057512,Provider
1054653,Provider
1054660,Provider
1054661,Provider
1057113,Provider
1056977,Provider
1054408,Provider
1053120,Provider
1053154,Provider
1053236,Provider
1057568,Provider
1051297,Provider
1052731,Provider
1057217,Provider
1056077,Provider
1055938,Provider
1056001,Provider
1057448,Provider
1053628,Provider
1054953,Provider
1051716,Provider
1051775,Provider
1057693,Provider
1056264,Provider
1054906,Provider
1055828,Provider
1055869,Provider
1054560,Provider
1051951,Provider
1052998,Provider
1051517,Provider
1051932,Provider
1056593,Provider
1057034,Provider
1056005,Provider
1057496,Provider
1057539,Provider
1057549,Provider
1056716,Provider
1057189,Provider
1055842,Provider
1052567,Provider
1052683,Provider
1052710,Provider
1052835,Provider
1054368,Provider
1053963,Provider
1052209,Provider
1056996,Provider
1054112,Provider
1054142,Provider
1051536,Provider
1054790,Provider
1052362,Provider
1052372,Provider
1051242,Provider
1056566,Provider
1051252,Provider
1052920,Provider
1053247,Provider
1053261,Provider
1053353,Provider
1051168,Provider
1055866,Provider
1055250,Provider
1055444,Provider
1055116,Provider
1052972,Provider
1056486,Provider
1055172,Provider
1055307,Provider
1054855,Provider
1054861,Provider
1057004,Provider
1052617,Provider
1052630,Provider
1051349,Provider
1053179,Provider
1053297,Provider
1053319,Provider
1051410,Provider
1054429,Provider
1051504,Provider
1053784,Provider
1053289,Provider
1053298,Provider
1053339,Provider
1054127,Provider
1053614,Provider
1053620,Provider
1051040,Provider
1055435,Provider
1055985,Provider
1052361,Provider
1051290,Provider
1056278,Provider
1056281,Provider
1056284,Provider
1055870,Provider
1052745,Provider
1056578,Provider
1054271,Provider
1054326,Provider
1052325,Provider
1056242,Provider
1056260,Provider
1053408,Provider
1054780,Provider
1054081,Provider
1054833,Provider
1052264,Provider
1052527,Provider
1054402,Provider
1054941,Provider
1055018,Provider
1055068,Provider
1055128,Provider
1052381,Provider
1051046,Provider
1055520,Provider
1057406,Provider
1051418,Provider
1055322,Provider
1055353,Provider
1056782,Provider
1056871,Provider
1055248,Provider
1056923,Provider
1051058,Provider
1055297,Provider
1055206,Provider
1055354,Provider
1055491,Provider
1051653,Provider
1057586,Provider
1057611,Provider
1054834,Provider
1057255,Provider
1054767,Provider
1053111,Provider
1054220,Provider
1055167,Provider
1052575,Provider
1054347,Provider
1053782,Provider
1056143,Provider
1055653,Provider
1054771,Provider
1056164,Provider
1052069,Provider
1055623,Provider
1057301,Provider
1057325,Provider
1053990,Provider
1054049,Provider
1052079,Provider
1054715,Provider
1055512,Provider
1053133,Provider
1052435,Provider
1053905,Provider
1051296,Provider
1054466,Provider
1051217,Provider
1051404,Provider
1055687,Provider
1052197,Provider
1053262,Provider
1054640,Provider
1053817,Provider
1053609,Provider
1054808,Provider
1051357,Provider
1051690,Provider
1051726,Provider
1053783,Provider
1052964,Provider
1052684,Provider
1053891,Provider
1055495,Provider
1055571,Provider
1052002,Provider
1055283,Provider
1055333,Provider
1057718,Provider
1056995,Provider
1055454,Provider
1052928,Provider
1052936,Provider
1054103,Provider
1054157,Provider
1054159,Provider
1055410,Provider
1057574,Provider
1052178,Provider
1052192,Provider
1057274,Provider
1054455,Provider
1051045,Provider
1051083,Provider
1056045,Provider
1051353,Provider
1055359,Provider
1057595,Provider
1055534,Provider
1054078,Provider
1055396,Provider
1056597,Provider
1056746,Provider
1056826,Provider
1054515,Provider
1053065,Provider
1055071,Provider
1055179,Provider
1055343,Provider
1051964,Provider
1056938,Provider
1055171,Provider
1057168,Provider
1057236,Provider
1056686,Provider
1056763,Provider
1052357,Provider
1055675,Provider
1056550,Provider
1053127,Provider
1057122,Provider
1057125,Provider
1057658,Provider
1054007,Provider
1054419,Provider
1054450,Provider
1053491,Provider
1053573,Provider
1056651,Provider
1055798,Provider
1056440,Provider
1056297,Provider
1056555,Provider
1057598,Provider
1057625,Provider
1051448,Provider
1051472,Provider
1051491,Provider
1051742,Provider
1054649,Provider
1051326,Provider
1051492,Provider
1055072,Provider
1052283,Provider
1056624,Provider
1052009,Provider
1054056,Provider
1052300,Provider
1052450,Provider
1052321,Provider
1052122,Provider
1055187,Provider
1051406,Provider
1051622,Provider
1051740,Provider
1057120,Provider
1057684,Provider
1051424,Provider
1051691,Provider
1051694,Provider
1056397,Provider
1053629,Provider
1052119,Provider
1055909,Provider
1056040,Provider
1056470,Provider
1056528,Provider
1053785,Provider
1053922,Provider
1053991,Provider
1055233,Provider
1054257,Provider
1057491,Provider
1057563,Provider
1057614,Provider
1053423,Provider
1056870,Provider
1056152,Provider
1054574,Provider
1054602,Provider
1056945,Provider
1051364,Provider
1051547,Provider
1053859,Provider
1053192,Provider
1052062,Provider
1052151,Provider
1057422,Provider
1055184,Provider
1051081,Provider
1055493,Provider
1056336,Provider
1056877,Provider
1055293,Provider
1051514,Provider
1055695,Provider
1051626,Provider
1051759,Provider
1056046,Provider
1055376,Provider
1051038,Provider
1056407,Provider
1052282,Provider
1057431,Provider
1052948,Provider
1053255,Provider
1054779,Provider
1056368,Provider
1052126,Provider
1052374,Provider
1057167,Provider
1057241,Provider
1051077,Provider
1055094,Provider
1054572,Provider
1051610,Provider
1051748,Provider
1054208,Provider
1055490,Provider
1053849,Provider
1052700,Provider
1056607,Provider
1057593,Provider
1055673,Provider
1056766,Provider
1053499,Provider
1054703,Provider
1055052,Provider
1055604,Provider
1052124,Provider
1054401,Provider
1055012,Provider
1055852,Provider
1055856,Provider
1052548,Provider
1052629,Provider
1057311,Provider
1056634,Provider
1055168,Provider
1057081,Provider
1053283,Provider
1052539,Provider
1052540,Provider
1051105,Provider
1053635,Provider
1056401,Provider
1054983,Provider
1053961,Provider
1051685,Provider
1054696,Provider
1052688,Provider
1052121,Provider
1056058,Provider
1057142,Provider
1054486,Provider
1055763,Provider
1056645,Provider
1052398,Provider
1051929,Provider
1057502,Provider
1057523,Provider
1057526,Provider
1057601,Provider
1052659,Provider
1052782,Provider
1053110,Provider
1053122,Provider
1053156,Provider
1056722,Provider
1056730,Provider
1056950,Provider
1051405,Provider
1052061,Provider
1051202,Provider
1055437,Provider
1055195,Provider
1055381,Provider
1055386,Provider
1055095,Provider
1052397,Provider
1056484,Provider
1056584,Provider
1055300,Provider
1055363,Provider
1053581,Provider
1056140,Provider
1056200,Provider
1054296,Provider
1051315,Provider
1057486,Provider
1057272,Provider
1057652,Provider
1052949,Provider
1054658,Provider
1055531,Provider
1053533,Provider
1055477,Provider
1057206,Provider
1052161,Provider
1052687,Provider
1057565,Provider
1057618,Provider
1057635,Provider
1055944,Provider
1051173,Provider
1054829,Provider
1055224,Provider
1054645,Provider
1054130,Provider
1053308,Provider
1053371,Provider
1056718,Provider
1054662,Provider
1055205,Provider
1054443,Provider
1054391,Provider
1053424,Provider
1056594,Provider
1056792,Provider
1051619,Provider
1052140,Provider
1053807,Provider
1053824,Provider
1053862,Provider
1056554,Provider
1057321,Provider
1052507,Provider
1056483,Provider
1051351,Provider
1057495,Provider
1057540,Provider
1055325,Provider
1053917,Provider
1053992,Provider
1057331,Provider
1051331,Provider
1052860,Provider
1055662,Provider
1057177,Provider
1052177,Provider
1053613,Provider
1051001,Provider
1051036,Provider
1055854,Provider
1057653,Provider
1057259,Provider
1052099,Provider
1052181,Provider
1052421,Provider
1057117,Provider
1055537,Provider
1053265,Provider
1053717,Provider
1053740,Provider
1055965,Provider
1051990,Provider
1053123,Provider
1057116,Provider
1057121,Provider
1056088,Provider
1056972,Provider
1053969,Provider
1051673,Provider
1053831,Provider
1054689,Provider
1055188,Provider
1057072,Provider
1051863,Provider
1053933,Provider
1057210,Provider
1056408,Provider
1052698,Provider
1051216,Provider
1055867,Provider
1053681,Provider
1056701,Provider
1056713,Provider
1051003,Provider
1051101,Provider
1057085,Provider
1057368,Provider
1053944,Provider
1051289,Provider
1055442,Provider
1055585,Provider
1054073,Provider
1054923,Provider
1056749,Provider
1053416,Provider
1053526,Provider
1051503,Provider
1051699,Provider
1057673,Provider
1057675,Provider
1056464,Provider
1055202,Provider
1055218,Provider
1052111,Provider
1056218,Provider
1055073,Provider
1054213,Provider
1054270,Provider
1056643,Provider
1056993,Provider
1054993,Provider
1055103,Provider
1053102,Provider
1053213,Provider
1056978,Provider
1056937,Provider
1053109,Provider
1051444,Provider
1053113,Provider
1053178,Provider
1057245,Provider
1056219,Provider
1056308,Provider
1053144,Provider
1053166,Provider
1054400,Provider
1054411,Provider
1057288,Provider
1053536,Provider
1052913,Provider
1055059,Provider
1056233,Provider
1056280,Provider
1056441,Provider
1056527,Provider
1052641,Provider
1053627,Provider
1052951,Provider
1056719,Provider
1057358,Provider
1054942,Provider
1051324,Provider
1051527,Provider
1051650,Provider
1056311,Provider
1051338,Provider
1051715,Provider
1054537,Provider
1056638,Provider
1051362,Provider
1055697,Provider
1056710,Provider
1053705,Provider
1056731,Provider
1053616,Provider
1053772,Provider
1051303,Provider
1052639,Provider
1053792,Provider
1053317,Provider
1056098,Provider
1057215,Provider
1053147,Provider
1053796,Provider
1057603,Provider
1051139,Provider
1051141,Provider
1052701,Provider
1056800,Provider
1052377,Provider
1056675,Provider
1054023,Provider
1055433,Provider
1055475,Provider
1056256,Provider
1051138,Provider
1052514,Provider
1053386,Provider
1053392,Provider
1051859,Provider
1054021,Provider
1056761,Provider
1057712,Provider
1053349,Provider
1051416,Provider
1052271,Provider
1053671,Provider
1053716,Provider
1057394,Provider
1057088,Provider
1054462,Provider
1051023,Provider
1051119,Provider
1051885,Provider
1052101,Provider
1054575,Provider
1053612,Provider
1054568,Provider
1054585,Provider
1054604,Provider
1056361,Provider
1051337,Provider
1056845,Provider
1052822,Provider
1052878,Provider
1051282,Provider
1051747,Provider
1057683,Provider
1052184,Provider
1057350,Provider
1052457,Provider
1051897,Provider
1051943,Provider
1052230,Provider
1053218,Provider
1053325,Provider
1056415,Provider
1056236,Provider
1051341,Provider
1055267,Provider
1051484,Provider
1051446,Provider
1057053,Provider
1053972,Provider
1052474,Provider
1052488,Provider
1051074,Provider
1053432,Provider
1052393,Provider
1057018,Provider
1054141,Provider
1055277,Provider
1055314,Provider
1055692,Provider
1052344,Provider
1055617,Provider
1053227,Provider
1057525,Provider
1057590,Provider
1051108,Provider
1051425,Provider
1055320,Provider
1052387,Provider
1052431,Provider
1052583,Provider
1051532,Provider
1051672,Provider
1051552,Provider
1053668,Provider
1056772,Provider
1057694,Provider
1056414,Provider
1057187,Provider
1056229,Provider
1052328,Provider
1053384,Provider
1052578,Provider
1052173,Provider
1052254,Provider
1054787,Provider
1056251,Provider
1052355,Provider
1054972,Provider
1057585,Provider
1057297,Provider
1051979,Provider
1054416,Provider
1054232,Provider
1053137,Provider
1053162,Provider
1057520,Provider
1051681,Provider
1054558,Provider
1054036,Provider
1056570,Provider
1056863,Provider
1056557,Provider
1057100,Provider
1057542,Provider
1054365,Provider
1057359,Provider
1051378,Provider
1052557,Provider
1052815,Provider
1051671,Provider
1055032,Provider
1051946,Provider
1056303,Provider
1055208,Provider
1055361,Provider
1051518,Provider
1054390,Provider
1054412,Provider
1051687,Provider
1054644,Provider
1057408,Provider
1053590,Provider
1053878,Provider
1056475,Provider
1056574,Provider
1056396,Provider
1051298,Provider
1057541,Provider
1054898,Provider
1057504,Provider
1052311,Provider
1052432,Provider
1051427,Provider
1051476,Provider
1057112,Provider
1056621,Provider
1055339,Provider
1055069,Provider
1056658,Provider
1051942,Provider
1052401,Provider
1051277,Provider
1055682,Provider
1055704,Provider
1055775,Provider
1051935,Provider
1051449,Provider
1051496,Provider
1051541,Provider
1056295,Provider
1055011,Provider
1055882,Provider
1057328,Provider
1057304,Provider
1054328,Provider
1054349,Provider
1054312,Provider
1056606,Provider
1057702,Provider
1056133,Provider
1053606,Provider
1057096,Provider
1051148,Provider
1054384,Provider
1054430,Provider
1055751,Provider
1057199,Provider
1056595,Provider
1056837,Provider
1051576,Provider
1056953,Provider
1057341,Provider
1051635,Provider
1051931,Provider
1051960,Provider
1053719,Provider
1055550,Provider
1055621,Provider
1057462,Provider
1057465,Provider
1057490,Provider
1053875,Provider
1053941,Provider
1051403,Provider
1054084,Provider
1053318,Provider
1053376,Provider
1056174,Provider
1053306,Provider
1053836,Provider
1054881,Provider
1051876,Provider
1052317,Provider
1054121,Provider
1054193,Provider
1055081,Provider
1051126,Provider
1053805,Provider
1054096,Provider
1054757,Provider
1054109,Provider
1054163,Provider
1055727,Provider
1055729,Provider
1057015,Provider
1055644,Provider
1054038,Provider
1054041,Provider
1054048,Provider
1054072,Provider
1052396,Provider
1056590,Provider
1056821,Provider
1057169,Provider
1056932,Provider
1055390,Provider
1051872,Provider
1051902,Provider
1055178,Provider
1051632,Provider
1055847,Provider
1052144,Provider
1055579,Provider
1055593,Provider
1051371,Provider
1052609,Provider
1052932,Provider
1054981,Provider
1051054,Provider
1055041,Provider
1052606,Provider
1052719,Provider
1052148,Provider
1056456,Provider
1054409,Provider
1051941,Provider
1055112,Provider
1054055,Provider
1054693,Provider
1055023,Provider
1053960,Provider
1053431,Provider
1053527,Provider
1054371,Provider
1054392,Provider
1054695,Provider
1055723,Provider
1052142,Provider
1054223,Provider
1057038,Provider
1057104,Provider
1052616,Provider
1053450,Provider
1052828,Provider
1057427,Provider
1056572,Provider
1054468,Provider
1057340,Provider
1051676,Provider
1055399,Provider
1056352,Provider
1053251,Provider
1051647,Provider
1053665,Provider
1051395,Provider
1055443,Provider
1054773,Provider
1055897,Provider
1053421,Provider
1056798,Provider
1057128,Provider
1054931,Provider
1055114,Provider
1054377,Provider
1052326,Provider
1052280,Provider
1053057,Provider
1054285,Provider
1054058,Provider
1057309,Provider
1055079,Provider
1053732,Provider
1053868,Provider
1051007,Provider
1054317,Provider
1055295,Provider
1051267,Provider
1052008,Provider
1052391,Provider
1056063,Provider
1051553,Provider
1051613,Provider
1051026,Provider
1052996,Provider
1054618,Provider
1052048,Provider
1053429,Provider
1053522,Provider
1054210,Provider
1053448,Provider
1057717,Provider
1052410,Provider
1052187,Provider
1052275,Provider
1052533,Provider
1054246,Provider
1054278,Provider
1052542,Provider
1053445,Provider
1057136,Provider
1051894,Provider
1052162,Provider
1055658,Provider
1055664,Provider
1056765,Provider
1053597,Provider
1052160,Provider
1057548,Provider
1051540,Provider
1051723,Provider
1051076,Provider
1053728,Provider
1057176,Provider
1057025,Provider
1053837,Provider
1052863,Provider
1051781,Provider
1057186,Provider
1057233,Provider
1056392,Provider
1051729,Provider
1053124,Provider
1055508,Provider
1053714,Provider
1057763,Provider
1057225,Provider
1053589,Provider
1056605,Provider
1053906,Provider
1057476,Provider
1052272,Provider
1051865,Provider
1056232,Provider
1056949,Provider
1057351,Provider
1056941,Provider
1054642,Provider
1055513,Provider
1051697,Provider
1054542,Provider
1057390,Provider
1057403,Provider
1056495,Provider
1052838,Provider
1056299,Provider
1051753,Provider
1051440,Provider
1052850,Provider
1055426,Provider
1056935,Provider
1051555,Provider
1051620,Provider
1057269,Provider
1057282,Provider
1056108,Provider
1056109,Provider
1054407,Provider
1056674,Provider
1055983,Provider
1051972,Provider
1052358,Provider
1053149,Provider
1053187,Provider
1057426,Provider
1056783,Provider
1054110,Provider
1057584,Provider
1051455,Provider
1054932,Provider
1051014,Provider
1053407,Provider
1056816,Provider
1053814,Provider
1055285,Provider
1056535,Provider
1056889,Provider
1052472,Provider
1053292,Provider
1054526,Provider
1057154,Provider
1055255,Provider
1052926,Provider
1051131,Provider
1053090,Provider
1055448,Provider
1053550,Provider
1055554,Provider
1054768,Provider
1053054,Provider
1053081,Provider
1054691,Provider
1052789,Provider
1057500,Provider
1053726,Provider
1054362,Provider
1052214,Provider
1052222,Provider
1055931,Provider
1055936,Provider
1057227,Provider
1054306,Provider
1054254,Provider
1053016,Provider
1056999,Provider
1057021,Provider
1054891,Provider
1051608,Provider
1051398,Provider
1055200,Provider
1055901,Provider
1052175,Provider
1052417,Provider
1053715,Provider
1057127,Provider
1051323,Provider
1052371,Provider
1056866,Provider
1052188,Provider
1056049,Provider
1053694,Provider
1055632,Provider
1055561,Provider
1055595,Provider
1052898,Provider
1052921,Provider
1053309,Provider
1051611,Provider
1057361,Provider
1052509,Provider
1055383,Provider
1052262,Provider
1054819,Provider
1057223,Provider
1052354,Provider
1053096,Provider
1052818,Provider
1053780,Provider
1051586,Provider
1056793,Provider
1057240,Provider
1054677,Provider
1053031,Provider
1057643,Provider
1055739,Provider
1056997,Provider
1053028,Provider
1053136,Provider
1057198,Provider
1054212,Provider
1054437,Provider
1057048,Provider
1052392,Provider
1055858,Provider
1057729,Provider
1055324,Provider
1055360,Provider
1051562,Provider
1056348,Provider
1051891,Provider
1052176,Provider
1055096,Provider
1051015,Provider
1051117,Provider
1052886,Provider
1055016,Provider
1052242,Provider
1054852,Provider
1054830,Provider
1052971,Provider
1052839,Provider
1052929,Provider
1053257,Provider
1053377,Provider
1054916,Provider
1054259,Provider
1051864,Provider
1056453,Provider
1052306,Provider
1057531,Provider
1057441,Provider
1052876,Provider
1057627,Provider
1057474,Provider
1055566,Provider
1057411,Provider
1053549,Provider
1053669,Provider
1056732,Provider
1056982,Provider
1056428,Provider
1052865,Provider
1057533,Provider
1052919,Provider
1056869,Provider
1055062,Provider
1052011,Provider
1051693,Provider
1051789,Provider
1051741,Provider
1055242,Provider
1051936,Provider
1055549,Provider
1054252,Provider
1056458,Provider
1056482,Provider
1052434,Provider
1051251,Provider
1051302,Provider
1054785,Provider
1053009,Provider
1053047,Provider
1055582,Provider
1052155,Provider
1055558,Provider
1055876,Provider
1052052,Provider
1057162,Provider
1057409,Provider
1057413,Provider
1056349,Provider
1052456,Provider
1052252,Provider
1052989,Provider
1055173,Provider
1056656,Provider
1056784,Provider
1056487,Provider
1056041,Provider
1053722,Provider
1054176,Provider
1057578,Provider
1053519,Provider
1051458,Provider
1054692,Provider
1053788,Provider
1051212,Provider
1052647,Provider
1052580,Provider
1053560,Provider
1052787,Provider
1055680,Provider
1054421,Provider
1054118,Provider
1056700,Provider
1055590,Provider
1055145,Provider
1056515,Provider
1055258,Provider
1056981,Provider
1057030,Provider
1051983,Provider
1056753,Provider
1054175,Provider
1055900,Provider
1056626,Provider
1053652,Provider
1057244,Provider
1057250,Provider
1055555,Provider
1052302,Provider
1057356,Provider
1056031,Provider
1057580,Provider
1052831,Provider
1055191,Provider
1054393,Provider
1054433,Provider
1052427,Provider
1057124,Provider
1051352,Provider
1055424,Provider
1053644,Provider
1053647,Provider
1053648,Provider
1057760,Provider
1051200,Provider
1054845,Provider
1052228,Provider
1052278,Provider
1057157,Provider
1053896,Provider
1053938,Provider
1054004,Provider
1055710,Provider
1052673,Provider
1054077,Provider
1054114,Provider
1055024,Provider
1053842,Provider
1054901,Provider
1051533,Provider
1052706,Provider
1054657,Provider
1052291,Provider
1055914,Provider
1053230,Provider
1051396,Provider
1051898,Provider
1053281,Provider
1055580,Provider
1053622,Provider
1056987,Provider
1057092,Provider
1056964,Provider
1056653,Provider
1056054,Provider
1054637,Provider
1056176,Provider
1051210,Provider
1053943,Provider
1055225,Provider
1051639,Provider
1057424,Provider
1057445,Provider
1055341,Provider
1053040,Provider
1057477,Provider
1057484,Provider
1057517,Provider
1053268,Provider
1056553,Provider
1055260,Provider
1057443,Provider
1057447,Provider
1054452,Provider
1053801,Provider
1057188,Provider
1053864,Provider
1055093,Provider
1051668,Provider
1051361,Provider
1052211,Provider
1057329,Provider
1053729,Provider
1055779,Provider
1052436,Provider
1055499,Provider
1055329,Provider
1056963,Provider
1056596,Provider
1056682,Provider
1052676,Provider
1052743,Provider
1053452,Provider
1056585,Provider
1055441,Provider
1053654,Provider
1053657,Provider
1052914,Provider
1054798,Provider
1051225,Provider
1051239,Provider
1056839,Provider
1052404,Provider
1053983,Provider
1054582,Provider
1052510,Provider
1055007,Provider
1055401,Provider
1057052,Provider
1056394,Provider
1055726,Provider
1054988,Provider
1051818,Provider
1051595,Provider
1056480,Provider
1056536,Provider
1055197,Provider
1055259,Provider
1056141,Provider
1056156,Provider
1056186,Provider
1053585,Provider
1055417,Provider
1051397,Provider
1054274,Provider
1054276,Provider
1054316,Provider
1056322,Provider
1056551,Provider
1053288,Provider
1056423,Provider
1051123,Provider
1051134,Provider
1051313,Provider
1052582,Provider
1054535,Provider
1054538,Provider
1051840,Provider
1057385,Provider
1056463,Provider
1056529,Provider
1052768,Provider
1054945,Provider
1057002,Provider
1055970,Provider
1053611,Provider
1052553,Provider
1052390,Provider
1051376,Provider
1057569,Provider
1055121,Provider
1051382,Provider
1051602,Provider
1051765,Provider
1056166,Provider
1054396,Provider
1054061,Provider
1054024,Provider
1052864,Provider
1053510,Provider
1053594,Provider
1053757,Provider
1053841,Provider
1054158,Provider
1052004,Provider
1052288,Provider
1056172,Provider
1052691,Provider
1051870,Provider
1053985,Provider
1057636,Provider
1052028,Provider
1053456,Provider
1056688,Provider
1054925,Provider
1052717,Provider
1055268,Provider
1052459,Provider
1051869,Provider
1054603,Provider
1053008,Provider
1056485,Provider
1055266,Provider
1055351,Provider
1055480,Provider
1056451,Provider
1054529,Provider
1054129,Provider
1051529,Provider
1051947,Provider
1052251,Provider
1052284,Provider
1057454,Provider
1057479,Provider
1054194,Provider
1054999,Provider
1055589,Provider
1052742,Provider
1052830,Provider
1055612,Provider
1053767,Provider
1053855,Provider
1057507,Provider
1056306,Provider
1055609,Provider
1054106,Provider
1057577,Provider
1055408,Provider
1057334,Provider
1057631,Provider
1056121,Provider
1055397,Provider
1055413,Provider
1054735,Provider
1054828,Provider
1057551,Provider
1053391,Provider
1053844,Provider
1052727,Provider
1051147,Provider
1054266,Provider
1054361,Provider
1055316,Provider
1051483,Provider
1051645,Provider
1052478,Provider
1054935,Provider
1055296,Provider
1057293,Provider
1056329,Provider
1056669,Provider
1057514,Provider
1056773,Provider
1057573,Provider
1051118,Provider
1054131,Provider
1054136,Provider
1057118,Provider
1057126,Provider
1057134,Provider
1056123,Provider
1054947,Provider
1054224,Provider
1053916,Provider
1053935,Provider
1054000,Provider
1053437,Provider
1054226,Provider
1054227,Provider
1053901,Provider
1056374,Provider
1053626,Provider
1055926,Provider
1051044,Provider
1052820,Provider
1057592,Provider
1054030,Provider
1057651,Provider
1051551,Provider
1056942,Provider
1052670,Provider
1052724,Provider
1056116,Provider
1056956,Provider
1053307,Provider
1056378,Provider
1057536,Provider
1054730,Provider
1053632,Provider
1054063,Provider
1056829,Provider
1057751,Provider
1054838,Provider
1057023,Provider
1057010,Provider
1053746,Provider
1053703,Provider
1052554,Provider
1051467,Provider
1053224,Provider
1053704,Provider
1056129,Provider
1056895,Provider
1057183,Provider
1055120,Provider
1053415,Provider
1053455,Provider
1053829,Provider
1053994,Provider
1057415,Provider
1052118,Provider
1056504,Provider
1051762,Provider
1051601,Provider
1056376,Provider
1053215,Provider
1057436,Provider
1056809,Provider
1057723,Provider
1055871,Provider
1054102,Provider
1053494,Provider
1054612,Provider
1051771,Provider
1056811,Provider
1055800,Provider
1053140,Provider
1056639,Provider
1052419,Provider
1054909,Provider
1056696,Provider
1057372,Provider
1057730,Provider
1052552,Provider
1054784,Provider
1052136,Provider
1051879,Provider
1054283,Provider
1054943,Provider
1056775,Provider
1052039,Provider
1056007,Provider
1057266,Provider
1057364,Provider
1055569,Provider
1055152,Provider
1057400,Provider
1053370,Provider
1056510,Provider
1054154,Provider
1053524,Provider
1052491,Provider
1052232,Provider
1054737,Provider
1053399,Provider
1052813,Provider
1055940,Provider
1051414,Provider
1054489,Provider
1052335,Provider
1055620,Provider
1054284,Provider
1053815,Provider
1056589,Provider
1051515,Provider
1054303,Provider
1056930,Provider
1053402,Provider
1053593,Provider
1053129,Provider
1051066,Provider
1055980,Provider
1053361,Provider
1056583,Provider
1055618,Provider
1052513,Provider
1056272,Provider
1056330,Provider
1051475,Provider
1053021,Provider
1057613,Provider
1056980,Provider
1056928,Provider
1054203,Provider
1057553,Provider
1057630,Provider
1057739,Provider
1054976,Provider
1052662,Provider
1052713,Provider
1054353,Provider
1051665,Provider
1054310,Provider
1054155,Provider
1053403,Provider
1057062,Provider
1052879,Provider
1054728,Provider
1053888,Provider
1054992,Provider
1054086,Provider
1053208,Provider
1053226,Provider
1053233,Provider
1056523,Provider
1051713,Provider
1051967,Provider
1052938,Provider
1055085,Provider
1055796,Provider
1057285,Provider
1056720,Provider
1055031,Provider
1055660,Provider
1052411,Provider
1052412,Provider
1052026,Provider
1051764,Provider
1057460,Provider
1056991,Provider
1056183,Provider
1051052,Provider
1054343,Provider
1055337,Provider
1055650,Provider
1051240,Provider
1052761,Provider
1051738,Provider
1051502,Provider
1056885,Provider
1052564,Provider
1051012,Provider
1053460,Provider
1054576,Provider
1051175,Provider
1053489,Provider
1057469,Provider
1053389,Provider
1052882,Provider
1057688,Provider
1053066,Provider
1054059,Provider
1056881,Provider
1053756,Provider
1054821,Provider
1051408,Provider
1055891,Provider
1052422,Provider
1056159,Provider
1055707,Provider
1053761,Provider
1056105,Provider
1054832,Provider
1054269,Provider
1054305,Provider
1057456,Provider
1051494,Provider
1056023,Provider
1055939,Provider
1055132,Provider
1051916,Provider
1055797,Provider
1054140,Provider
1054062,Provider
1054623,Provider
1055302,Provider
1056305,Provider
1051032,Provider
1053663,Provider
1055350,Provider
1057184,Provider
1055436,Provider
1057610,Provider
1052910,Provider
1052912,Provider
1053024,Provider
1053048,Provider
1055193,Provider
1052530,Provider
1052541,Provider
1057689,Provider
1054198,Provider
1057099,Provider
1054025,Provider
1051546,Provider
1051821,Provider
1055575,Provider
1053690,Provider
1056113,Provider
1052714,Provider
1052202,Provider
1051652,Provider
1051779,Provider
1051214,Provider
1055449,Provider
1056057,Provider
1055271,Provider
1054017,Provider
1052047,Provider
1051566,Provider
1056711,Provider
1052740,Provider
1057650,Provider
1053465,Provider
1055155,Provider
1056742,Provider
1057748,Provider
1052958,Provider
1055111,Provider
1056896,Provider
1053558,Provider
1051201,Provider
1054646,Provider
1054672,Provider
1055501,Provider
1055851,Provider
1056095,Provider
1054848,Provider
1055904,Provider
1057714,Provider
1054643,Provider
1051886,Provider
1057181,Provider
1053451,Provider
1053851,Provider
1052532,Provider
1052199,Provider
1054171,Provider
1052240,Provider
1055638,Provider
1054547,Provider
1054548,Provider
1057757,Provider
1054555,Provider
1056471,Provider
1055608,Provider
1055364,Provider
1052922,Provider
1054687,Provider
1056048,Provider
1054465,Provider
1054471,Provider
1055551,Provider
1056893,Provider
1054150,Provider
1053067,Provider
1054795,Provider
1051773,Provider
1054168,Provider
1056861,Provider
1056258,Provider
1051712,Provider
1052010,Provider
1057232,Provider
1056073,Provider
1054968,Provider
1054052,Provider
1055166,Provider
1057534,Provider
1056778,Provider
1054759,Provider
1054591,Provider
1054235,Provider
1056380,Provider
1056622,Provider
1056801,Provider
1057013,Provider
1057489,Provider
1057257,Provider
1053989,Provider
1055451,Provider
1052081,Provider
1055625,Provider
1051963,Provider
1051969,Provider
1052213,Provider
1052143,Provider
1056879,Provider
1051152,Provider
1054001,Provider
1054222,Provider
1051718,Provider
1054253,Provider
1053026,Provider
1052179,Provider
1056929,Provider
1053436,Provider
1053397,Provider
1053018,Provider
1056017,Provider
1054902,Provider
1055098,Provider
1051861,Provider
1051924,Provider
1056563,Provider
1051656,Provider
1055374,Provider
1057196,Provider
1057705,Provider
1053857,Provider
1052823,Provider
1055774,Provider
1055807,Provider
1054714,Provider
1051725,Provider
1057733,Provider
1057326,Provider
1057357,Provider
1053015,Provider
1052506,Provider
1055769,Provider
1057144,Provider
1054554,Provider
1055724,Provider
1052216,Provider
1052832,Provider
1052868,Provider
1055070,Provider
1055574,Provider
1051862,Provider
1056715,Provider
1052319,Provider
1054117,Provider
1056635,Provider
1053867,Provider
1056185,Provider
1057194,Provider
1053116,Provider
1055770,Provider
1051927,Provider
1051230,Provider
1057687,Provider
1053471,Provider
1053544,Provider
1056970,Provider
1051438,Provider
1051469,Provider
1054309,Provider
1054313,Provider
1056032,Provider
1057728,Provider
1053607,Provider
1057706,Provider
1051047,Provider
1056134,Provider
1051191,Provider
1051194,Provider
1057102,Provider
1057011,Provider
1056767,Provider
1051754,Provider
1054889,Provider
1055150,Provider
1053150,Provider
1053203,Provider
1055635,Provider
1053337,Provider
1056960,Provider
1055720,Provider
1052545,Provider
1055826,Provider
1051292,Provider
1053164,Provider
1056333,Provider
1056547,Provider
1057107,Provider
1051437,Provider
1052461,Provider
1057276,Provider
1055318,Provider
1051130,Provider
1055176,Provider
1056755,Provider
1051259,Provider
1057330,Provider
1056118,Provider
1051909,Provider
1056027,Provider
1053577,Provider
1052105,Provider
1054792,Provider
1057743,Provider
1051763,Provider
1053556,Provider
1055950,Provider
1052296,Provider
1055795,Provider
1051965,Provider
1053821,Provider
1056581,Provider
1054415,Provider
1053820,Provider
1054448,Provider
1052931,Provider
1052979,Provider
1056146,Provider
1056142,Provider
1053899,Provider
1056071,Provider
1056125,Provider
1056135,Provider
1056201,Provider
1052454,Provider
1051311,Provider
1052418,Provider
1053221,Provider
1055365,Provider
1055372,Provider
1052294,Provider
1053004,Provider
1054571,Provider
1054389,Provider
1057419,Provider
1057639,Provider
1054375,Provider
1057139,Provider
1054990,Provider
1056357,Provider
1056291,Provider
1052490,Provider
1051746,Provider
1057302,Provider
1052937,Provider
1055945,Provider
1055700,Provider
1051048,Provider
1054166,Provider
1051612,Provider
1056184,Provider
1055080,Provider
1051877,Provider
1054358,Provider
1054472,Provider
1056068,Provider
1054008,Provider
1053063,Provider
1056502,Provider
1056474,Provider
1056907,Provider
1054611,Provider
1051792,Provider
1053845,Provider
1057146,Provider
1054551,Provider
1054552,Provider
1055714,Provider
1053428,Provider
1053419,Provider
1053487,Provider
1055740,Provider
1054016,Provider
1052795,Provider
1052667,Provider
1056614,Provider
1051071,Provider
1055352,Provider
1052492,Provider
1054122,Provider
1051470,Provider
1051796,Provider
1051908,Provider
1053641,Provider
1054860,Provider
1054414,Provider
1051910,Provider
1051829,Provider
1053019,Provider
1053680,Provider
1052468,Provider
1052748,Provider
1052416,Provider
1057759,Provider
1057235,Provider
1051843,Provider
1054598,Provider
1055982,Provider
1057369,Provider
1053696,Provider
1053919,Provider
1056490,Provider
1054460,Provider
1056802,Provider
1051549,Provider
1051644,Provider
1051327,Provider
1057583,Provider
1052267,Provider
1052241,Provider
1052007,Provider
1054997,Provider
1052191,Provider
1057453,Provider
1054878,Provider
1056974,Provider
1056157,Provider
1056187,Provider
1053827,Provider
1052851,Provider
1051203,Provider
1053331,Provider
1053138,Provider
1051318,Provider
1056762,Provider
1056852,Provider
1053846,Provider
1057647,Provider
1051956,Provider
1056705,Provider
1051572,Provider
1053390,Provider
1055402,Provider
1056640,Provider
1057017,Provider
1055097,Provider
1056086,Provider
1052708,Provider
1052711,Provider
1052755,Provider
1054590,Provider
1051710,Provider
1051801,Provider
1053135,Provider
1051793,Provider
1052528,Provider
1052512,Provider
1055530,Provider
1053323,Provider
1052433,Provider
1053752,Provider
1056664,Provider
1056892,Provider
1052451,Provider
1052466,Provider
1057047,Provider
1053454,Provider
1053205,Provider
1055805,Provider
1051707,Provider
1055511,Provider
1055547,Provider
1052437,Provider
1056358,Provider
1056276,Provider
1057416,Provider
1057446,Provider
1052220,Provider
1055528,Provider
1056181,Provider
1053798,Provider
1054413,Provider
1053189,Provider
1051802,Provider
1056385,Provider
1055273,Provider
1056346,Provider
1051921,Provider
1051926,Provider
1052504,Provider
1051709,Provider
1052385,Provider
1056034,Provider
1052940,Provider
1051065,Provider
1055808,Provider
1051110,Provider
1051305,Provider
1055762,Provider
1054877,Provider
1055915,Provider
1051435,Provider
1055345,Provider
1055244,Provider
1052848,Provider
1055974,Provider
1052255,Provider
1057463,Provider
1051090,Provider
1054593,Provider
1052480,Provider
1052720,Provider
1057432,Provider
1053177,Provider
1055666,Provider
1051627,Provider
1052088,Provider
1056858,Provider
1057564,Provider
1056026,Provider
1051531,Provider
1053134,Provider
1051609,Provider
1052265,Provider
1053413,Provider
1056632,Provider
1056857,Provider
1053988,Provider
1051368,Provider
1056427,Provider
1054701,Provider
1056931,Provider
1051970,Provider
1057638,Provider
1051827,Provider
1057275,Provider
1054005,Provider
1057165,Provider
1054134,Provider
1055289,Provider
1051920,Provider
1051497,Provider
1051899,Provider
1051915,Provider
1051923,Provider
1053877,Provider
1054802,Provider
1055671,Provider
1056136,Provider
1052875,Provider
1053201,Provider
1056971,Provider
1057741,Provider
1056862,Provider
1057581,Provider
1055863,Provider
1051766,Provider
1056888,Provider
1051580,Provider
1055375,Provider
1054720,Provider
1057634,Provider
1054697,Provider
1053101,Provider
1053108,Provider
1057437,Provider
1054298,Provider
1057056,Provider
1057754,Provider
1053202,Provider
1054809,Provider
1055670,Provider
1053055,Provider
1054180,Provider
1056818,Provider
1053114,Provider
1053126,Provider
1053188,Provider
1053232,Provider
1056489,Provider
1057086,Provider
1057251,Provider
1051780,Provider
1057295,Provider
1056066,Provider
1056897,Provider
1052778,Provider
1053498,Provider
1053928,Provider
1055560,Provider
1057137,Provider
1056603,Provider
1056916,Provider
1056062,Provider
1057138,Provider
1052529,Provider
1053832,Provider
1052658,Provider
1053946,Provider
1053562,Provider
1056300,Provider
1057278,Provider
1051363,Provider
1055472,Provider
1055498,Provider
1053469,Provider
1057133,Provider
1053462,Provider
1056173,Provider
1053848,Provider
1052476,Provider
1054029,Provider
1055299,Provider
1052793,Provider
1053293,Provider
1056149,Provider
1056190,Provider
1051958,Provider
1056507,Provider
1057657,Provider
1054153,Provider
1053947,Provider
1054037,Provider
1051846,Provider
1052219,Provider
1054699,Provider
1055456,Provider
1053754,Provider
1051776,Provider
1055473,Provider
1055626,Provider
1051732,Provider
1051314,Provider
1051625,Provider
1056285,Provider
1054027,Provider
1056389,Provider
1053347,Provider
1051258,Provider
1057481,Provider
1056147,Provider
1056170,Provider
1056752,Provider
1053771,Provider
1054680,Provider
1051505,Provider
1053604,Provider
1051917,Provider
1053565,Provider
1053412,Provider
1053482,Provider
1053598,Provider
1055663,Provider
1053340,Provider
1056919,Provider
1052493,Provider
1057629,Provider
1054713,Provider
1057640,Provider
1053409,Provider
1053433,Provider
1057626,Provider
1057617,Provider
1055712,Provider
1055754,Provider
1056055,Provider
1051795,Provider
1051736,Provider
1054869,Provider
1051181,Provider
1051682,Provider
1053457,Provider
1055458,Provider
1054841,Provider
1055135,Provider
1051621,Provider
1054403,Provider
1055742,Provider
1054619,Provider
1055412,Provider
1055432,Provider
1055565,Provider
1055601,Provider
1057417,Provider
1054068,Provider
1056882,Provider
1057261,Provider
1054883,Provider
1051698,Provider
1051824,Provider
1054873,Provider
1054639,Provider
1052825,Provider
1053531,Provider
1053595,Provider
1057435,Provider
1052689,Provider
1057615,Provider
1057594,Provider
1053651,Provider
1051758,Provider
1056403,Provider
1057397,Provider
1052709,Provider
1054461,Provider
1055759,Provider
1054173,Provider
1053492,Provider
1057421,Provider
1051914,Provider
1056867,Provider
1057711,Provider
1052225,Provider
1055880,Provider
1054380,Provider
1052880,Provider
1056277,Provider
1056092,Provider
1051243,Provider
1051895,Provider
1055887,Provider
1056934,Provider
1057073,Provider
1056163,Provider
1052460,Provider
1056199,Provider
1052934,Provider
1056102,Provider
1051462,Provider
1055519,Provider
1052440,Provider
1052171,Provider
1052205,Provider
1051999,Provider
1054929,Provider
1053571,Provider
1055509,Provider
1054717,Provider
1054451,Provider
1056687,Provider
1057247,Provider
1056750,Provider
1054019,Provider
1057256,Provider
1052555,Provider
1052963,Provider
1053070,Provider
1057488,Provider
1056723,Provider
1056948,Provider
1057616,Provider
1057399,Provider
1052775,Provider
1052217,Provider
1052783,Provider
1053733,Provider
1054726,Provider
1051322,Provider
1054002,Provider
1056759,Provider
1056805,Provider
1055684,Provider
1051224,Provider
1055786,Provider
1055883,Provider
1056003,Provider
1055044,Provider
1052699,Provider
1054543,Provider
1051451,Provider
1055674,Provider
1055753,Provider
1054491,Provider
1057459,Provider
1053486,Provider
1055468,Provider
1056468,Provider
1051024,Provider
1056318,Provider
1052703,Provider
1051919,Provider
1052253,Provider
1054886,Provider
1056065,Provider
1051922,Provider
1053167,Provider
1051453,Provider
1051454,Provider
1053025,Provider
1053029,Provider
1051219,Provider
1053995,Provider
1051563,Provider
1054200,Provider
1056512,Provider
1054432,Provider
1051807,Provider
1053131,Provider
1055236,Provider
1052285,Provider
1056992,Provider
1053362,Provider
1051412,Provider
1053220,Provider
1053095,Provider
1053182,Provider
1053474,Provider
1053564,Provider
1051206,Provider
1056496,Provider
1053354,Provider
1054481,Provider
1057727,Provider
1052415,Provider
1051823,Provider
1053659,Provider
1054202,Provider
1057671,Provider
1056511,Provider
1053496,Provider
1052408,Provider
1056734,Provider
1056717,Provider
1051878,Provider
1051392,Provider
1055606,Provider
1057284,Provider
1054459,Provider
1056171,Provider
1052728,Provider
1051906,Provider
1055953,Provider
1055691,Provider
1055750,Provider
1052891,Provider
1057041,Provider
1055409,Provider
1055588,Provider
1052627,Provider
1053952,Provider
1051784,Provider
1055964,Provider
1051564,Provider
1055506,Provider
1053069,Provider
1055149,Provider
1051721,Provider
1051096,Provider
1054496,Provider
1056533,Provider
1051558,Provider
1052610,Provider
1056309,Provider
1055570,Provider
1052918,Provider
1057367,Provider
1053176,Provider
1057720,Provider
1052681,Provider
1053128,Provider
1051477,Provider
1051640,Provider
1052721,Provider
1055678,Provider
1052380,Provider
1053530,Provider
1057475,Provider
1051820,Provider
1057375,Provider
1057378,Provider
1051755,Provider
1053745,Provider
1054718,Provider
1057680,Provider
1055813,Provider
1051674,Provider
1056037,Provider
1056052,Provider
1057203,Provider
1053850,Provider
1056364,Provider
1052473,Provider
1056366,Provider
1055136,Provider
1052668,Provider
1051692,Provider
1055804,Provider
1052771,Provider
1051078,Provider
1055035,Provider
1054656,Provider
1055812,Provider
1054616,Provider
1055928,Provider
1052218,Provider
1053840,Provider
1055583,Provider
1055379,Provider
1052752,Provider
1053143,Provider
1052248,Provider
1057487,Provider
1057105,Provider
1054162,Provider
1057704,Provider
1056990,Provider
1054599,Provider
1056519,Provider
1055395,Provider
1054185,Provider
1056158,Provider
1052993,Provider
1056887,Provider
1052544,Provider
1052751,Provider
1055123,Provider
1057567,Provider
1054865,Provider
1053551,Provider
1054760,Provider
1056321,Provider
1052622,Provider
1053379,Provider
1054666,Provider
1051918,Provider
1055925,Provider
1055991,Provider
1056691,Provider
1056728,Provider
1054836,Provider
1051618,Provider
1057145,Provider
1051306,Provider
1055619,Provider
1051328,Provider
1053153,Provider
1057546,Provider
1053223,Provider
1056016,Provider
1054352,Provider
1053148,Provider
1057308,Provider
1051207,Provider
1055140,Provider
1055639,Provider
1051582,Provider
1057270,Provider
1051702,Provider
1051215,Provider
1057054,Provider
1056080,Provider
1054483,Provider
1054490,Provider
1051511,Provider
1053075,Provider
1053475,Provider
1054040,Provider
1056314,Provider
1053835,Provider
1052747,Provider
1052774,Provider
1053314,Provider
1053344,Provider
1054601,Provider
1056850,Provider
1057058,Provider
1056846,Provider
1055306,Provider
1056220,Provider
1052764,Provider
1053163,Provider
1054509,Provider
1054505,Provider
1056884,Provider
1052102,Provider
1051585,Provider
1056571,Provider
1056886,Provider
1053721,Provider
1056094,Provider
1052535,Provider
1054480,Provider
1051526,Provider
1053502,Provider
1054624,Provider
1053207,Provider
1053926,Provider
1055292,Provider
1052833,Provider
1057355,Provider
1051057,Provider
1053380,Provider
1053860,Provider
1057736,Provider
1057516,Provider
1053334,Provider
1056217,Provider
1055404,Provider
1051016,Provider
1055419,Provider
1052855,Provider
1057289,Provider
1054863,Provider
1052189,Provider
1056177,Provider
1056194,Provider
1056933,Provider
1056947,Provider
1054149,Provider
1052185,Provider
1056189,Provider
1053237,Provider
1054903,Provider
1055573,Provider
1053290,Provider
1056093,Provider
1051966,Provider
1051995,Provider
1054457,Provider
1056282,Provider
1053427,Provider
1051234,Provider
1056290,Provider
1056831,Provider
1054608,Provider
1053254,Provider
1054164,Provider
1056101,Provider
1053865,Provider
1055772,Provider
1051309,Provider
1056130,Provider
1053249,Provider
1052075,Provider
1053553,Provider
1055699,Provider
1051226,Provider
1056317,Provider
1057669,Provider
1053545,Provider
1056498,Provider
1053476,Provider
1051720,Provider
1053516,Provider
1055137,Provider
1051769,Provider
1052024,Provider
1057069,Provider
1057755,Provider
1052766,Provider
1052696,Provider
1052796,Provider
1054528,Provider
1054132,Provider
1056126,Provider
1051655,Provider
1057662,Provider
1056894,Provider
1051719,Provider
1054026,Provider
1051952,Provider
1057290,Provider
1052615,Provider
1056227,Provider
1055124,Provider
1055634,Provider
1052292,Provider
1053375,Provider
1053480,Provider
1054289,Provider
1051767,Provider
1053017,Provider
1051102,Provider
1054629,Provider
1053037,Provider
1054625,Provider
1056153,Provider
1053393,Provider
1051642,Provider
1057248,Provider
1051588,Provider
1051822,Provider
1054469,Provider
1053360,Provider
1054044,Provider
1053563,Provider
1055141,Provider
1055157,Provider
1056214,Provider
1051135,Provider
1057291,Provider
1056860,Provider
1056906,Provider
1055906,Provider
1057570,Provider
1052350,Provider
1054805,Provider
1052263,Provider
1052790,Provider
1057588,Provider
1055486,Provider
1051896,Provider
1056274,Provider
1054145,Provider
1052911,Provider
1052378,Provider
1056476,Provider
1054827,Provider
1054870,Provider
1055540,Provider
1052273,Provider
1051055,Provider
1056843,Provider
1055806,Provider
1056262,Provider
1054803,Provider
1052127,Provider
1053766,Provider
1057676,Provider
1057550,Provider
1053315,Provider
1055702,Provider
1054288,Provider
1056344,Provider
1056122,Provider
1055668,Provider
1056904,Provider
1053072,Provider
1054439,Provider
1055794,Provider
1053107,Provider
1053467,Provider
1051733,Provider
1053572,Provider
1054263,Provider
1052204,Provider
1056548,Provider
1053723,Provider
1056354,Provider
1052653,Provider
1051186,Provider
1051993,Provider
1056524,Provider
1056340,Provider
1056973,Provider
1056868,Provider
1053453,Provider
1051901,Provider
1057561,Provider
1056395,Provider
1057682,Provider
1057074,Provider
1055160,Provider
1055092,Provider
1052626,Provider
1052732,Provider
1053139,Provider
1056864,Provider
1057020,Provider
1054524,Provider
1057381,Provider
1051442,Provider
1055641,Provider
1055874,Provider
1053351,Provider
1054011,Provider
1051679,Provider
1057499,Provider
1056708,Provider
1052810,Provider
1054014,Provider
1057388,Provider
1053751,Provider
1053879,Provider
1052773,Provider
1057299,Provider
1052295,Provider
1053885,Provider
1057735,Provider
1054183,Provider
1056388,Provider
1057696,Provider
1053949,Provider
1057633,Provider
1055342,Provider
1054536,Provider
1054012,Provider
1053087,Provider
1057438,Provider
1053085,Provider
1054871,Provider
1054197,Provider
1052579,Provider
1055423,Provider
1054589,Provider
1055624,Provider
1052257,Provider
1057450,Provider
1054435,Provider
1056047,Provider
1057471,Provider
1054233,Provider
1051104,Provider
1053305,Provider
1055877,Provider
1056119,Provider
1052547,Provider
1052806,Provider
1054119,Provider
1057619,Provider
1052238,Provider
1053683,Provider
1055989,Provider
1054179,Provider
1053204,Provider
1054425,Provider
1055425,Provider
1057363,Provider
1053180,Provider
1051166,Provider
1057067,Provider
1056398,Provider
1057147,Provider
1053398,Provider
1051724,Provider
1054597,Provider
1054824,Provider
1053645,Provider
1057472,Provider
1052604,Provider
1054606,Provider
1055581,Provider
1051654,Provider
1057444,Provider
1051830,Provider
1057398,Provider
1056660,Provider
1054546,Provider
1054622,Provider
1054633,Provider
1052643,Provider
1052758,Provider
1053701,Provider
1052201,Provider
1054184,Provider
1055382,Provider
1057141,Provider
1054355,Provider
1056083,Provider
1054028,Provider
1053119,Provider
1052801,Provider
1056926,Provider
1057740,Provider
1055783,Provider
1054995,Provider
1056903,Provider
1052803,Provider
1054581,Provider
1054628,Provider
1057752,Provider
1053631,Provider
1051630,Provider
1052195,Provider
1051660,Provider
1057468,Provider
1051628,Provider
1057089,Provider
1057132,Provider
1051316,Provider
1054146,Provider
1052695,Provider
1053582,Provider
1056328,Provider
1054638,Provider
1051198,Provider
1053587,Provider
1055411,Provider
1051587,Provider
1057327,Provider
1057401,Provider
1055586,Provider
1055040,Provider
1056004,Provider
1053485,Provider
1056909,Provider
1051599,Provider
1052686,Provider
1052925,Provider
1053735,Provider
1051358,Provider
1053479,Provider
1055683,Provider
1053358,Provider
1055471,Provider
1054544,Provider
1055919,Provider
1051478,Provider
1056084,Provider
1052445,Provider
1052744,Provider
1055790,Provider
1057391,Provider
1053411,Provider
1056958,Provider
1053503,Provider
1056196,Provider
1053642,Provider
1052770,Provider
1052792,Provider
1057373,Provider
1057623,Provider
1054357,Provider
1056854,Provider
1054587,Provider
1054205,Provider
1054501,Provider
1054160,Provider
1051806,Provider
1056851,Provider
1054674,Provider
1053515,Provider
1056252,Provider
1054290,Provider
1051218,Provider
1053741,Provider
1052289,Provider
1051890,Provider
1051043,Provider
1052756,Provider
1056797,Provider
1056514,Provider
1054519,Provider
1053596,Provider
1053157,Provider
1055809,Provider
1055076,Provider
1055118,Provider
1053217,Provider
1051657,Provider
1057277,Provider
1053646,Provider
1055859,Provider
1054009,Provider
1055785,Provider
1053908,Provider
1054300,Provider
1057075,Provider
1053027,Provider
1056124,Provider
1054422,Provider
1056301,Provider
1054789,Provider
1051211,Provider
1057678,Provider
1054128,Provider
1053724,Provider
1054116,Provider
1052471,Provider
1056206,Provider
1056363,Provider
1054615,Provider
1051115,Provider
1056370,Provider
1051238,Provider
1055291,Provider
1057115,Provider
1057119,Provider
1056139,Provider
1054614,Provider
1056914,Provider
1056075,Provider
1052446,Provider
1057575,Provider
1053183,Provider
1051334,Provider
1052235,Provider
1054301,Provider
1051330,Provider
1055749,Provider
1056324,Provider
1055782,Provider
1054148,Provider
1056090,Provider
1051664,Provider
1055130,Provider
1057552,Provider
1055584,Provider
1056304,Provider
1053191,Provider
1055776,Provider
1057724,Provider
1054712,Provider
1052976,Provider
1052978,Provider
1054282,Provider
1056820,Provider
1056954,Provider
1057161,Provider
1053172,Provider
1052206,Provider
1052799,Provider
1053373,Provider
1056193,Provider
1057632,Provider
1054497,Provider
1054191,Provider
1054678,Provider
1056316,Provider
1056341,Provider
1057599,Provider
1051913,Provider
1055777,Provider
1054530,Provider
1057560,Provider
1053666,Provider
1053602,Provider
1054579,Provider
1057094,Provider
1054893,Provider
1055564,Provider
1057721,Provider
1053521,Provider
1054621,Provider
1056518,Provider
1056477,Provider
1054876,Provider
1056165,Provider
1057078,Provider
1052841,Provider
1056337,Provider
1053099,Provider
1051205,Provider
1052944,Provider
1051607,Provider
1053600,Provider
1052196,Provider
1053980,Provider
1052596,Provider
1051745,Provider
1057660,Provider
1052674,Provider
1052464,Provider
1051816,Provider
1054115,Provider
1054167,Provider
1056878,Provider
1054441,Provider
1055602,Provider
1051658,Provider
1054500,Provider
1051798,Provider
1051380,Provider
1051810,Provider
1053211,Provider
1053426,Provider
1057700,Provider
1056966,Provider
1052808,Provider
1056293,Provider
1056976,Provider
1057742,Provider
1052526,Provider
1051813,Provider
1052286,Provider
1054473,Provider
1052453,Provider
1053861,Provider
1057091,Provider
1056586,Provider
1056202,Provider
1053924,Provider
1053843,Provider
1051831,Provider
1054794,Provider
1054502,Provider
1055286,Provider
1051465,Provider
1053970,Provider
1055398,Provider
1051666,Provider
1053999,Provider
1055355,Provider
1053291,Provider
1055348,Provider
1055089,Provider
1053818,Provider
1055603,Provider
1052482,Provider
1056549,Provider
1051888,Provider
1052551,Provider
1052672,Provider
1052607,Provider
1056393,Provider
1051228,Provider
1052754,Provider
1054039,Provider
1054520,Provider
1052961,Provider
1051569,Provider
1051803,Provider
1056910,Provider
1054280,Provider
1056302,Provider
1051120,Provider
1055305,Provider
1053561,Provider
1055760,Provider
1055126,Provider
1056531,Provider
1052767,Provider
1052952,Provider
1054849,Provider
1054711,Provider
1051631,Provider
1051295,Provider
1057140,Provider
1057612,Provider
1057609,Provider
1053196,Provider
1055156,Provider
1056699,Provider
1056038,Provider
1051075,Provider
1052586,Provider
1057753,Provider
1054043,Provider
1056853,Provider
1051892,Provider
1051688,Provider
1051774,Provider
1055661,Provider
1054125,Provider
1055161,Provider
1055787,Provider
1051557,Provider
1052970,Provider
1056662,Provider
1052293,Provider
1054053,Provider
1054307,Provider
1054188,Provider
1055613,Provider
1053501,Provider
1054262,Provider
1055131,Provider
1051978,Provider
1054123,Provider
1053513,Provider
1051735,Provider
1053539,Provider
1051744,Provider
1053197,Provider
1055527,Provider
1055793,Provider
1055418,Provider
1055766,Provider
1055610,Provider
1053667,Provider
1051570,Provider
1053566,Provider
1056342,Provider
1055744,Provider
1057298,Provider
1054186,Provider
1053198,Provider
1056780,Provider
1057039,Provider
1056694,Provider
1057692,Provider
1051887,Provider
1051288,Provider
1051925,Provider
1054818,Provider
1056633,Provider
1052966,Provider
1054124,Provider
1054463,Provider
1054201,Provider
1051638,Provider
1054810,Provider
1056310,Provider
1053517,Provider
1055830,Provider
1053472,Provider
1053206,Provider
1057374,Provider
1053355,Provider
1054793,Provider
1053158,Provider
1054046,Provider
1055862,Provider
1053559,Provider
1051098,Provider
1051409,Provider
1053350,Provider
1057252,Provider
1055622,Provider
1056087,Provider
1056283,Provider
1051778,Provider
1051248,Provider
1057690,Provider
1056540,Provider
1056912,Provider
1052231,Provider
1053014,Provider
1056289,Provider
1054673,Provider
1055765,Provider
1054082,Provider
1053079,Provider
1053734,Provider
1056120,Provider
1056673,Provider
1056267,Provider
1057699,Provider
1054553,Provider
1055133,Provider
1052769,Provider
1057076,Provider
1056712,Provider
1056050,Provider
1057645,Provider
1054054,Provider
1056373,Provider
1055497,Provider
1051706,Provider
1051981,Provider
1055077,Provider
1056944,Provider
1057084,Provider
1053341,Provider
1056891,Provider
1051815,Provider
1054867,Provider
1054436,Provider
1057264,Provider
1051132,Provider
1052671,Provider
1055117,Provider
1053310,Provider
1057392,Provider
1057389,Provider
1052221,Provider
1056681,Provider
1056768,Provider
1055494,Provider
1055587,Provider
1051708,Provider
1052785,Provider
1054182,Provider
1051136,Provider
1053473,Provider
1053568,Provider
1051833,Provider
1052693,Provider
1053619,Provider
1053091,Provider
1056067,Provider
1054113,Provider
1052485,Provider
1053357,Provider
1054178,Provider
1053812,Provider
1052082,Provider
1055607,Provider
1055106,Provider
1057130,Provider
1056091,Provider
1053548,Provider
1052794,Provider
1056836,Provider
1052797,Provider
1052800,Provider
1051325,Provider
1056830,Provider
1052577,Provider
1056986,Provider
1055648,Provider
1056078,Provider
1055430,Provider
1054050,Provider
1051093,Provider
1052694,Provider
1051977,Provider
1053555,Provider
1051805,Provider
1054302,Provider
1057077,Provider
1055767,Provider
1051750,Provider
1053214,Provider
1053656,Provider
1056834,Provider
1057273,Provider
1056880,Provider
1051500,Provider
1056522,Provider
1055706,Provider
1054135,Provider
1053086,Provider
1055721,Provider
1053678,Provider
1053062,Provider
1052777,Provider
1054431,Provider
1055144,Provider
1055646,Provider
1057762,Provider
1051577,Provider
1056855,Provider
1054051,Provider
1051799,Provider
1056739,Provider
1056771,Provider
1053507,Provider
1053083,Provider
1051221,Provider
1054864,Provider
1051592,Provider
1057246,Provider
1053996,Provider
1056965,Provider
1056377,Provider
1057087,Provider
1053175,Provider
1051812,Provider
1055600,Provider
1051819,Provider
1055886,Provider
1056900,Provider
1053591,Provider
1052954,Provider
1054522,Provider
1053554,Provider
1054177,Provider
1055665,Provider
1051786,Provider
1053240,Provider
1054499,Provider
1052463,Provider
1052174,Provider
1051354,Provider
1055428,Provider
1052462,Provider
1056920,Provider
1056313,Provider
1055538,Provider
1052760,Provider
1054120,Provider
1056089,Provider
1051976,Provider
1055371,Provider
1057294,Provider
1054482,Provider
1054304,Provider
1056530,Provider
1056115,Provider
1057283,Provider
1055146,Provider
1055539,Provider
1056677,Provider
1051222,Provider
1054204,Provider
1056076,Provider
1056286,Provider
1053034,Provider
1056989,Provider
1057005,Provider
1054293,Provider
1053125,Provider
1054311,Provider
1054467,Provider
1055431,Provider
1053525,Provider
1056390,Provider
1054192,Provider
1056106,Provider
1051231,Provider
1056051,Provider
1054031,Provider
1055815,Provider
1054800,Provider
1055148,Provider
1057371,Provider
1055881,Provider
1055578,Provider
1053725,Provider
1055427,Provider
1055385,Provider
1057396,Provider
1053655,Provider
1056391,Provider
1057663,Provider
1051703,Provider
1054523,Provider
1055711,Provider
1053186,Provider
1052904,Provider
1054710,Provider
1057280,Provider
1052729,Provider
1054456,Provider
1057063,Provider
1052784,Provider
1055655,Provider
1055802,Provider
1055387,Provider
1053235,Provider
1057051,Provider
1053013,Provider
1055895,Provider
1054308,Provider
1051554,Provider
1052227,Provider
1054679,Provider
1056099,Provider
1052791,Provider
1052726,Provider
1057393,Provider
1052741,Provider
1051987,Provider
1054424,Provider
1056833,Provider
1056288,Provider
1052458,Provider
1054498,Provider
1055814,Provider
1051797,Provider
1053346,Provider
1057731,Provider
1056369,Provider
1052226,Provider
1054707,Provider
1056543,Provider
1056918,Provider
1052669,Provider
1055631,Provider
1051236,Provider
1057131,Provider
1054862,Provider
1054172,Provider
1053049,Provider
1054664,Provider
1053730,Provider
1057737,Provider
1053168,Provider
1052470,Provider
1054187,Provider
1055129,Provider
1053599,Provider
1053684,Provider
1056339,Provider
1054299,Provider
1057679,Provider
1054866,Provider
1055811,Provider
1051103,Provider
1057286,Provider
1053369,Provider
1051534,Provider
1057659,Provider
1052957,Provider
1051968,Provider
1054057,Provider
1053731,Provider
1056774,Provider
1051232,Provider
1054045,Provider
1055778,Provider
1056984,Provider
1053084,Provider
1052746,Provider
1052753,Provider
1054449,Provider
1054859,Provider
1052525,Provider
1052448,Provider
1056641,Provider
1057265,Provider
1053839,Provider
1051233,Provider
1051237,Provider
1051722,Provider
1057473,Provider
1054671,Provider
1055377,Provider
1053506,Provider
1052537,Provider
1055572,Provider
1057464,Provider
1057461,Provider
1054856,Provider
1051624,Provider
1051889,Provider
1055122,Provider
1052261,Provider
1054420,Provider
1052200,Provider
1055151,Provider
1052816,Provider
1053661,Provider
1055384,Provider
1052012,Provider
1055074,Provider
1051705,Provider
1056387,Provider
1055792,Provider
1057707,Provider
1055577,Provider
1056946,Provider
1053511,Provider
1055067,Provider
1053061,Provider
1052807,Provider
1055642,Provider
1052814,Provider
1052608,Provider
1053978,Provider
1057143,Provider
1055330,Provider
1057738,Provider
1053718,Provider
1053020,Provider
1051787,Provider
1051875,Provider
1055810,Provider
1056873,Provider
1052786,Provider
1056331,Provider
1052638,Provider
1056381,Provider
1051213,Provider
1056582,Provider
1056969,Provider
1053174,Provider
1055134,Provider
1055599,Provider
1057670,Provider
1057097,Provider
1052781,Provider
1055816,Provider
1055761,Provider
1057747,Provider
1053601,Provider
1056539,Provider
1053033,Provider
1057043,Provider
1054796,Provider
1055649,Provider
1057667,Provider
1054275,Provider
1055801,Provider
1056072,Provider
1052651,Provider
1057386,Provider
1051235,Provider
1053228,Provider
1057080,Provider
1052443,Provider
1052733,Provider
1054034,Provider
1055657,Provider
1052899,Provider
1052494,Provider
1053336,Provider
1055879,Provider
1052536,Provider
1051727,Provider
1053643,Provider
1055154,Provider
1051689,Provider
1051711,Provider
1057467,Provider
1056545,Provider
1056988,Provider
1056998,Provider
1055615,Provider
1054817,Provider
1052804,Provider
1055637,Provider
1054033,Provider
1051423,Provider
1054545,Provider
1056908,Provider
1053588,Provider
1054503,Provider
1054549,Provider
1055400,Provider
1057758,Provider
1051704,Provider
1054319,Provider
1052757,Provider
1057655,Provider
1054295,Provider
1056056,Provider
1054820,Provider
1056060,Provider
1056029,Provider
1057093,Provider
1054006,Provider
1054799,Provider
1055078,Provider
1051751,Provider
1053509,Provider
1057571,Provider
1054199,Provider
1055143,Provider
1056168,Provider
1057402,Provider
1052736,Provider
1056902,Provider
1054294,Provider
1051053,Provider
1055405,Provider
1057061,Provider
1054013,Provider
